node:internal/modules/cjs/loader:1143
  throw err;
  ^

Error: Cannot find module '/home/ubuntu/apps/gotravel/scripts/fetchTwitterNews.js'
    at Module._resolveFilename (node:internal/modules/cjs/loader:1140:15)
    at Module._load (node:internal/modules/cjs/loader:981:27)
    at Function.executeUserEntryPoint [as runMain] (node:internal/modules/run_main:128:12)
    at node:internal/main/run_main_module:28:49 {
  code: 'MODULE_NOT_FOUND',
  requireStack: []
}

Node.js v18.20.4
node:internal/modules/cjs/loader:1143
  throw err;
  ^

Error: Cannot find module '/home/ubuntu/apps/gotravel/scripts/fetchTwitterNews.js'
    at Module._resolveFilename (node:internal/modules/cjs/loader:1140:15)
    at Module._load (node:internal/modules/cjs/loader:981:27)
    at Function.executeUserEntryPoint [as runMain] (node:internal/modules/run_main:128:12)
    at node:internal/main/run_main_module:28:49 {
  code: 'MODULE_NOT_FOUND',
  requireStack: []
}

Node.js v18.20.4
node:internal/modules/cjs/loader:1143
  throw err;
  ^

Error: Cannot find module '/home/ubuntu/apps/gotravel/scripts/fetchTwitterNews.js'
    at Module._resolveFilename (node:internal/modules/cjs/loader:1140:15)
    at Module._load (node:internal/modules/cjs/loader:981:27)
    at Function.executeUserEntryPoint [as runMain] (node:internal/modules/run_main:128:12)
    at node:internal/main/run_main_module:28:49 {
  code: 'MODULE_NOT_FOUND',
  requireStack: []
}

Node.js v18.20.4
node:internal/modules/cjs/loader:1143
  throw err;
  ^

Error: Cannot find module '/home/ubuntu/apps/gotravel/scripts/fetchTwitterNews.js'
    at Module._resolveFilename (node:internal/modules/cjs/loader:1140:15)
    at Module._load (node:internal/modules/cjs/loader:981:27)
    at Function.executeUserEntryPoint [as runMain] (node:internal/modules/run_main:128:12)
    at node:internal/main/run_main_module:28:49 {
  code: 'MODULE_NOT_FOUND',
  requireStack: []
}

Node.js v18.20.4
node:internal/modules/cjs/loader:1143
  throw err;
  ^

Error: Cannot find module '/home/ubuntu/apps/gotravel/scripts/fetchTwitterNews.js'
    at Module._resolveFilename (node:internal/modules/cjs/loader:1140:15)
    at Module._load (node:internal/modules/cjs/loader:981:27)
    at Function.executeUserEntryPoint [as runMain] (node:internal/modules/run_main:128:12)
    at node:internal/main/run_main_module:28:49 {
  code: 'MODULE_NOT_FOUND',
  requireStack: []
}

Node.js v18.20.4
node:internal/modules/cjs/loader:1143
  throw err;
  ^

Error: Cannot find module '/home/ubuntu/apps/gotravel/scripts/fetchTwitterNews.js'
    at Module._resolveFilename (node:internal/modules/cjs/loader:1140:15)
    at Module._load (node:internal/modules/cjs/loader:981:27)
    at Function.executeUserEntryPoint [as runMain] (node:internal/modules/run_main:128:12)
    at node:internal/main/run_main_module:28:49 {
  code: 'MODULE_NOT_FOUND',
  requireStack: []
}

Node.js v18.20.4
node:internal/modules/cjs/loader:1143
  throw err;
  ^

Error: Cannot find module '/home/ubuntu/apps/gotravel/scripts/fetchTwitterNews.js'
    at Module._resolveFilename (node:internal/modules/cjs/loader:1140:15)
    at Module._load (node:internal/modules/cjs/loader:981:27)
    at Function.executeUserEntryPoint [as runMain] (node:internal/modules/run_main:128:12)
    at node:internal/main/run_main_module:28:49 {
  code: 'MODULE_NOT_FOUND',
  requireStack: []
}

Node.js v18.20.4
node:internal/modules/cjs/loader:1143
  throw err;
  ^

Error: Cannot find module '/home/ubuntu/apps/gotravel/scripts/fetchTwitterNews.js'
    at Module._resolveFilename (node:internal/modules/cjs/loader:1140:15)
    at Module._load (node:internal/modules/cjs/loader:981:27)
    at Function.executeUserEntryPoint [as runMain] (node:internal/modules/run_main:128:12)
    at node:internal/main/run_main_module:28:49 {
  code: 'MODULE_NOT_FOUND',
  requireStack: []
}

Node.js v18.20.4
node:internal/modules/cjs/loader:1143
  throw err;
  ^

Error: Cannot find module '/home/ubuntu/apps/gotravel/scripts/fetchTwitterNews.js'
    at Module._resolveFilename (node:internal/modules/cjs/loader:1140:15)
    at Module._load (node:internal/modules/cjs/loader:981:27)
    at Function.executeUserEntryPoint [as runMain] (node:internal/modules/run_main:128:12)
    at node:internal/main/run_main_module:28:49 {
  code: 'MODULE_NOT_FOUND',
  requireStack: []
}

Node.js v18.20.4
node:internal/modules/cjs/loader:1143
  throw err;
  ^

Error: Cannot find module '/home/ubuntu/apps/gotravel/scripts/fetchTwitterNews.js'
    at Module._resolveFilename (node:internal/modules/cjs/loader:1140:15)
    at Module._load (node:internal/modules/cjs/loader:981:27)
    at Function.executeUserEntryPoint [as runMain] (node:internal/modules/run_main:128:12)
    at node:internal/main/run_main_module:28:49 {
  code: 'MODULE_NOT_FOUND',
  requireStack: []
}

Node.js v18.20.4
node:internal/modules/cjs/loader:1143
  throw err;
  ^

Error: Cannot find module '/home/ubuntu/apps/gotravel/scripts/fetchTwitterNews.js'
    at Module._resolveFilename (node:internal/modules/cjs/loader:1140:15)
    at Module._load (node:internal/modules/cjs/loader:981:27)
    at Function.executeUserEntryPoint [as runMain] (node:internal/modules/run_main:128:12)
    at node:internal/main/run_main_module:28:49 {
  code: 'MODULE_NOT_FOUND',
  requireStack: []
}

Node.js v18.20.4
node:internal/modules/cjs/loader:1143
  throw err;
  ^

Error: Cannot find module '/home/ubuntu/apps/gotravel/scripts/fetchTwitterNews.js'
    at Module._resolveFilename (node:internal/modules/cjs/loader:1140:15)
    at Module._load (node:internal/modules/cjs/loader:981:27)
    at Function.executeUserEntryPoint [as runMain] (node:internal/modules/run_main:128:12)
    at node:internal/main/run_main_module:28:49 {
  code: 'MODULE_NOT_FOUND',
  requireStack: []
}

Node.js v18.20.4
node:internal/modules/cjs/loader:1143
  throw err;
  ^

Error: Cannot find module '/home/ubuntu/apps/gotravel/scripts/fetchTwitterNews.js'
    at Module._resolveFilename (node:internal/modules/cjs/loader:1140:15)
    at Module._load (node:internal/modules/cjs/loader:981:27)
    at Function.executeUserEntryPoint [as runMain] (node:internal/modules/run_main:128:12)
    at node:internal/main/run_main_module:28:49 {
  code: 'MODULE_NOT_FOUND',
  requireStack: []
}

Node.js v18.20.4
node:internal/modules/cjs/loader:1143
  throw err;
  ^

Error: Cannot find module '/home/ubuntu/apps/gotravel/scripts/fetchTwitterNews.js'
    at Module._resolveFilename (node:internal/modules/cjs/loader:1140:15)
    at Module._load (node:internal/modules/cjs/loader:981:27)
    at Function.executeUserEntryPoint [as runMain] (node:internal/modules/run_main:128:12)
    at node:internal/main/run_main_module:28:49 {
  code: 'MODULE_NOT_FOUND',
  requireStack: []
}

Node.js v18.20.4
node:internal/modules/cjs/loader:1143
  throw err;
  ^

Error: Cannot find module '/home/ubuntu/apps/gotravel/scripts/fetchTwitterNews.js'
    at Module._resolveFilename (node:internal/modules/cjs/loader:1140:15)
    at Module._load (node:internal/modules/cjs/loader:981:27)
    at Function.executeUserEntryPoint [as runMain] (node:internal/modules/run_main:128:12)
    at node:internal/main/run_main_module:28:49 {
  code: 'MODULE_NOT_FOUND',
  requireStack: []
}

Node.js v18.20.4
node:internal/modules/cjs/loader:1143
  throw err;
  ^

Error: Cannot find module '/home/ubuntu/apps/gotravel/scripts/fetchTwitterNews.js'
    at Module._resolveFilename (node:internal/modules/cjs/loader:1140:15)
    at Module._load (node:internal/modules/cjs/loader:981:27)
    at Function.executeUserEntryPoint [as runMain] (node:internal/modules/run_main:128:12)
    at node:internal/main/run_main_module:28:49 {
  code: 'MODULE_NOT_FOUND',
  requireStack: []
}

Node.js v18.20.4
Fetched 20 tweets, added 0 unique tweets.
Updated tweets file with 20 tweets.
Tweets saved to public/tweets.json
Attempting to clear remote tweet cache...
Clear cache status: 200
Clear cache headers: {"connection":["close"],"content-type":["application/json"],"date":["Fri, 13 Sep 2024 06:00:02 GMT"],"server":["nginx/1.18.0 (Ubuntu)"],"transfer-encoding":["chunked"],"vary":["RSC, Next-Router-State-Tree, Next-Router-Prefetch"]}
Clear cache response: {"message":"Cache cleared successfully"}
Remote tweet cache cleared successfully
Updating local cache indicator...
Local cache version updated to 29
Fetched 20 tweets, added 0 unique tweets.
Updated tweets file with 20 tweets.
Tweets saved to public/tweets.json
Attempting to clear remote tweet cache...
Clear cache status: 200
Clear cache headers: {"connection":["close"],"content-type":["application/json"],"date":["Sat, 14 Sep 2024 06:00:02 GMT"],"server":["nginx/1.18.0 (Ubuntu)"],"transfer-encoding":["chunked"],"vary":["RSC, Next-Router-State-Tree, Next-Router-Prefetch"]}
Clear cache response: {"message":"Cache cleared successfully"}
Remote tweet cache cleared successfully
Updating local cache indicator...
Local cache version updated to 32
Fetched 20 tweets, added 0 unique tweets.
Updated tweets file with 20 tweets.
Tweets saved to public/tweets.json
Attempting to clear remote tweet cache...
Clear cache status: 200
Clear cache headers: {"connection":["close"],"content-type":["application/json"],"date":["Sun, 15 Sep 2024 06:00:02 GMT"],"server":["nginx/1.18.0 (Ubuntu)"],"transfer-encoding":["chunked"],"vary":["RSC, Next-Router-State-Tree, Next-Router-Prefetch"]}
Clear cache response: {"message":"Cache cleared successfully"}
Remote tweet cache cleared successfully
Updating local cache indicator...
Local cache version updated to 35
Fetched 20 tweets, added 0 unique tweets.
Updated tweets file with 20 tweets.
Tweets saved to public/tweets.json
Attempting to clear remote tweet cache...
Clear cache status: 200
Clear cache headers: {"connection":["close"],"content-type":["application/json"],"date":["Mon, 16 Sep 2024 06:00:02 GMT"],"server":["nginx/1.18.0 (Ubuntu)"],"transfer-encoding":["chunked"],"vary":["RSC, Next-Router-State-Tree, Next-Router-Prefetch"]}
Clear cache response: {"message":"Cache cleared successfully"}
Remote tweet cache cleared successfully
Updating local cache indicator...
Local cache version updated to 38
Fetched 20 tweets, added 0 unique tweets.
Updated tweets file with 20 tweets.
Tweets saved to public/tweets.json
Attempting to clear remote tweet cache...
Clear cache status: 200
Clear cache headers: {"connection":["close"],"content-type":["application/json"],"date":["Tue, 17 Sep 2024 06:00:02 GMT"],"server":["nginx/1.18.0 (Ubuntu)"],"transfer-encoding":["chunked"],"vary":["RSC, Next-Router-State-Tree, Next-Router-Prefetch"]}
Clear cache response: {"message":"Cache cleared successfully"}
Remote tweet cache cleared successfully
Updating local cache indicator...
Local cache version updated to 5
Fetched 20 tweets, added 0 unique tweets.
Updated tweets file with 20 tweets.
Tweets saved to public/tweets.json
Attempting to clear remote tweet cache...
Clear cache status: 200
Clear cache headers: {"connection":["close"],"content-type":["application/json"],"date":["Wed, 18 Sep 2024 06:00:01 GMT"],"server":["nginx/1.18.0 (Ubuntu)"],"transfer-encoding":["chunked"],"vary":["RSC, Next-Router-State-Tree, Next-Router-Prefetch"]}
Clear cache response: {"message":"Cache cleared successfully"}
Remote tweet cache cleared successfully
Updating local cache indicator...
Local cache version updated to 8
Fetched 20 tweets, added 0 unique tweets.
Updated tweets file with 20 tweets.
Tweets saved to public/tweets.json
Attempting to clear remote tweet cache...
Clear cache status: 200
Clear cache headers: {"connection":["close"],"content-type":["application/json"],"date":["Thu, 19 Sep 2024 06:00:02 GMT"],"server":["nginx/1.18.0 (Ubuntu)"],"transfer-encoding":["chunked"],"vary":["RSC, Next-Router-State-Tree, Next-Router-Prefetch"]}
Clear cache response: {"message":"Cache cleared successfully"}
Remote tweet cache cleared successfully
Updating local cache indicator...
Local cache version updated to 11
Fetched 20 tweets, added 0 unique tweets.
Updated tweets file with 20 tweets.
Tweets saved to public/tweets.json
Attempting to clear remote tweet cache...
Clear cache status: 200
Clear cache headers: {"connection":["close"],"content-type":["application/json"],"date":["Fri, 20 Sep 2024 06:00:02 GMT"],"server":["nginx/1.18.0 (Ubuntu)"],"transfer-encoding":["chunked"],"vary":["RSC, Next-Router-State-Tree, Next-Router-Prefetch"]}
Clear cache response: {"message":"Cache cleared successfully"}
Remote tweet cache cleared successfully
Updating local cache indicator...
Local cache version updated to 14
Fetched 20 tweets, added 0 unique tweets.
Updated tweets file with 20 tweets.
Tweets saved to public/tweets.json
Attempting to clear remote tweet cache...
Clear cache status: 200
Clear cache headers: {"connection":["close"],"content-type":["application/json"],"date":["Sat, 21 Sep 2024 06:00:02 GMT"],"server":["nginx/1.18.0 (Ubuntu)"],"transfer-encoding":["chunked"],"vary":["RSC, Next-Router-State-Tree, Next-Router-Prefetch"]}
Clear cache response: {"message":"Cache cleared successfully"}
Remote tweet cache cleared successfully
Updating local cache indicator...
Local cache version updated to 17
Fetched 20 tweets, added 0 unique tweets.
Updated tweets file with 20 tweets.
Tweets saved to public/tweets.json
Attempting to clear remote tweet cache...
Clear cache status: 200
Clear cache headers: {"connection":["close"],"content-type":["application/json"],"date":["Sun, 22 Sep 2024 06:00:01 GMT"],"server":["nginx/1.18.0 (Ubuntu)"],"transfer-encoding":["chunked"],"vary":["RSC, Next-Router-State-Tree, Next-Router-Prefetch"]}
Clear cache response: {"message":"Cache cleared successfully"}
Remote tweet cache cleared successfully
Updating local cache indicator...
Local cache version updated to 20
Fetched 20 tweets, added 0 unique tweets.
Updated tweets file with 20 tweets.
Tweets saved to public/tweets.json
Attempting to clear remote tweet cache...
Clear cache status: 200
Clear cache headers: {"connection":["close"],"content-type":["application/json"],"date":["Mon, 23 Sep 2024 06:00:02 GMT"],"server":["nginx/1.18.0 (Ubuntu)"],"transfer-encoding":["chunked"],"vary":["RSC, Next-Router-State-Tree, Next-Router-Prefetch"]}
Clear cache response: {"message":"Cache cleared successfully"}
Remote tweet cache cleared successfully
Updating local cache indicator...
Local cache version updated to 23
Fetched 20 tweets, added 0 unique tweets.
Updated tweets file with 20 tweets.
Tweets saved to public/tweets.json
Attempting to clear remote tweet cache...
Clear cache status: 200
Clear cache headers: {"connection":["close"],"content-type":["application/json"],"date":["Tue, 24 Sep 2024 06:00:02 GMT"],"server":["nginx/1.18.0 (Ubuntu)"],"transfer-encoding":["chunked"],"vary":["RSC, Next-Router-State-Tree, Next-Router-Prefetch"]}
Clear cache response: {"message":"Cache cleared successfully"}
Remote tweet cache cleared successfully
Updating local cache indicator...
Local cache version updated to 26
Fetched 20 tweets, added 0 unique tweets.
Updated tweets file with 20 tweets.
Tweets saved to public/tweets.json
Attempting to clear remote tweet cache...
Clear cache status: 200
Clear cache headers: {"connection":["close"],"content-type":["application/json"],"date":["Wed, 25 Sep 2024 06:00:02 GMT"],"server":["nginx/1.18.0 (Ubuntu)"],"transfer-encoding":["chunked"],"vary":["RSC, Next-Router-State-Tree, Next-Router-Prefetch"]}
Clear cache response: {"message":"Cache cleared successfully"}
Remote tweet cache cleared successfully
Updating local cache indicator...
Local cache version updated to 29
Fetched 20 tweets, added 0 unique tweets.
Updated tweets file with 20 tweets.
Tweets saved to public/tweets.json
Attempting to clear remote tweet cache...
Clear cache status: 200
Clear cache headers: {"connection":["close"],"content-type":["application/json"],"date":["Thu, 26 Sep 2024 06:00:02 GMT"],"server":["nginx/1.18.0 (Ubuntu)"],"transfer-encoding":["chunked"],"vary":["RSC, Next-Router-State-Tree, Next-Router-Prefetch"]}
Clear cache response: {"message":"Cache cleared successfully"}
Remote tweet cache cleared successfully
Updating local cache indicator...
Local cache version updated to 31
Fetched 20 tweets, added 0 unique tweets.
Updated tweets file with 20 tweets.
Tweets saved to public/tweets.json
Attempting to clear remote tweet cache...
Clear cache status: 200
Clear cache headers: {"connection":["close"],"content-type":["application/json"],"date":["Fri, 27 Sep 2024 06:00:03 GMT"],"server":["nginx/1.18.0 (Ubuntu)"],"transfer-encoding":["chunked"],"vary":["RSC, Next-Router-State-Tree, Next-Router-Prefetch"]}
Clear cache response: {"message":"Cache cleared successfully"}
Remote tweet cache cleared successfully
Updating local cache indicator...
Local cache version updated to 35
Fetched 20 tweets, added 0 unique tweets.
Updated tweets file with 20 tweets.
Tweets saved to public/tweets.json
Attempting to clear remote tweet cache...
Clear cache status: 200
Clear cache headers: {"connection":["close"],"content-type":["application/json"],"date":["Sat, 28 Sep 2024 06:00:02 GMT"],"server":["nginx/1.18.0 (Ubuntu)"],"transfer-encoding":["chunked"],"vary":["RSC, Next-Router-State-Tree, Next-Router-Prefetch"]}
Clear cache response: {"message":"Cache cleared successfully"}
Remote tweet cache cleared successfully
Updating local cache indicator...
Local cache version updated to 38
Fetched 20 tweets, added 0 unique tweets.
Updated tweets file with 20 tweets.
Tweets saved to public/tweets.json
Attempting to clear remote tweet cache...
Clear cache status: 200
Clear cache headers: {"connection":["close"],"content-type":["application/json"],"date":["Sun, 29 Sep 2024 06:00:02 GMT"],"server":["nginx/1.18.0 (Ubuntu)"],"transfer-encoding":["chunked"],"vary":["RSC, Next-Router-State-Tree, Next-Router-Prefetch"]}
Clear cache response: {"message":"Cache cleared successfully"}
Remote tweet cache cleared successfully
Updating local cache indicator...
Local cache version updated to 40
Fetched 20 tweets, added 0 unique tweets.
Updated tweets file with 20 tweets.
Tweets saved to public/tweets.json
Attempting to clear remote tweet cache...
Clear cache status: 200
Clear cache headers: {"connection":["close"],"content-type":["application/json"],"date":["Mon, 30 Sep 2024 06:00:03 GMT"],"server":["nginx/1.18.0 (Ubuntu)"],"transfer-encoding":["chunked"],"vary":["RSC, Next-Router-State-Tree, Next-Router-Prefetch"]}
Clear cache response: {"message":"Cache cleared successfully"}
Remote tweet cache cleared successfully
Updating local cache indicator...
Local cache version updated to 44
Fetched 20 tweets, added 0 unique tweets.
Updated tweets file with 20 tweets.
Tweets saved to public/tweets.json
Attempting to clear remote tweet cache...
Clear cache status: 200
Clear cache headers: {"connection":["close"],"content-type":["application/json"],"date":["Tue, 01 Oct 2024 06:00:02 GMT"],"server":["nginx/1.18.0 (Ubuntu)"],"transfer-encoding":["chunked"],"vary":["RSC, Next-Router-State-Tree, Next-Router-Prefetch"]}
Clear cache response: {"message":"Cache cleared successfully"}
Remote tweet cache cleared successfully
Updating local cache indicator...
Local cache version updated to 47
Fetched 20 tweets, added 0 unique tweets.
Updated tweets file with 20 tweets.
Tweets saved to public/tweets.json
Attempting to clear remote tweet cache...
Clear cache status: 200
Clear cache headers: {"connection":["close"],"content-type":["application/json"],"date":["Wed, 02 Oct 2024 06:00:03 GMT"],"server":["nginx/1.18.0 (Ubuntu)"],"transfer-encoding":["chunked"],"vary":["RSC, Next-Router-State-Tree, Next-Router-Prefetch"]}
Clear cache response: {"message":"Cache cleared successfully"}
Remote tweet cache cleared successfully
Updating local cache indicator...
Local cache version updated to 49
Fetched 20 tweets, added 0 unique tweets.
Updated tweets file with 20 tweets.
Tweets saved to public/tweets.json
Attempting to clear remote tweet cache...
Clear cache status: 200
Clear cache headers: {"connection":["close"],"content-type":["application/json"],"date":["Thu, 03 Oct 2024 06:00:03 GMT"],"server":["nginx/1.18.0 (Ubuntu)"],"transfer-encoding":["chunked"],"vary":["RSC, Next-Router-State-Tree, Next-Router-Prefetch"]}
Clear cache response: {"message":"Cache cleared successfully"}
Remote tweet cache cleared successfully
Updating local cache indicator...
Local cache version updated to 52
Fetched 20 tweets, added 0 unique tweets.
Updated tweets file with 20 tweets.
Tweets saved to public/tweets.json
Attempting to clear remote tweet cache...
Clear cache status: 200
Clear cache headers: {"connection":["close"],"content-type":["application/json"],"date":["Fri, 04 Oct 2024 06:00:04 GMT"],"server":["nginx/1.18.0 (Ubuntu)"],"transfer-encoding":["chunked"],"vary":["RSC, Next-Router-State-Tree, Next-Router-Prefetch"]}
Clear cache response: {"message":"Cache cleared successfully"}
Remote tweet cache cleared successfully
Updating local cache indicator...
Local cache version updated to 56
Fetched 20 tweets, added 20 unique tweets.
Updated tweets file with 20 tweets.
Tweets saved to public/tweets.json
Attempting to clear remote tweet cache...
Clear cache status: 200
Clear cache headers: {"connection":["close"],"content-type":["application/json"],"date":["Sat, 05 Oct 2024 06:00:04 GMT"],"server":["nginx/1.18.0 (Ubuntu)"],"transfer-encoding":["chunked"],"vary":["RSC, Next-Router-State-Tree, Next-Router-Prefetch"]}
Clear cache response: {"message":"Cache cleared successfully"}
Remote tweet cache cleared successfully
Updating local cache indicator...
Local cache version updated to 4
Fetched 20 tweets, added 15 unique tweets.
Updated tweets file with 20 tweets.
Tweets saved to public/tweets.json
Attempting to clear remote tweet cache...
Clear cache status: 200
Clear cache headers: {"connection":["close"],"content-type":["application/json"],"date":["Sun, 06 Oct 2024 06:00:03 GMT"],"server":["nginx/1.18.0 (Ubuntu)"],"transfer-encoding":["chunked"],"vary":["RSC, Next-Router-State-Tree, Next-Router-Prefetch"]}
Clear cache response: {"message":"Cache cleared successfully"}
Remote tweet cache cleared successfully
Updating local cache indicator...
Local cache version updated to 5
Fetched 20 tweets, added 0 unique tweets.
Updated tweets file with 20 tweets.
Tweets saved to public/tweets.json
Attempting to clear remote tweet cache...
Clear cache status: 200
Clear cache headers: {"connection":["close"],"content-type":["application/json"],"date":["Mon, 07 Oct 2024 06:00:03 GMT"],"server":["nginx/1.18.0 (Ubuntu)"],"transfer-encoding":["chunked"],"vary":["RSC, Next-Router-State-Tree, Next-Router-Prefetch"]}
Clear cache response: {"message":"Cache cleared successfully"}
Remote tweet cache cleared successfully
Updating local cache indicator...
Local cache version updated to 8
Fetched 20 tweets, added 15 unique tweets.
Updated tweets file with 20 tweets.
Tweets saved to public/tweets.json
Attempting to clear remote tweet cache...
Clear cache status: 200
Clear cache headers: {"connection":["close"],"content-type":["application/json"],"date":["Tue, 08 Oct 2024 06:00:03 GMT"],"server":["nginx/1.18.0 (Ubuntu)"],"transfer-encoding":["chunked"],"vary":["RSC, Next-Router-State-Tree, Next-Router-Prefetch"]}
Clear cache response: {"message":"Cache cleared successfully"}
Remote tweet cache cleared successfully
Updating local cache indicator...
Local cache version updated to 9
Error fetching tweets: ApiResponseError: Request failed with code 403
    at RequestHandlerHelper.createResponseError (/home/ubuntu/apps/gotravel/node_modules/twitter-api-v2/dist/cjs/client-mixins/request-handler.helper.js:104:16)
    at RequestHandlerHelper.onResponseEndHandler (/home/ubuntu/apps/gotravel/node_modules/twitter-api-v2/dist/cjs/client-mixins/request-handler.helper.js:262:25)
    at Gunzip.emit (node:events:517:28)
    at endReadableNT (node:internal/streams/readable:1400:12)
    at process.processTicksAndRejections (node:internal/process/task_queues:82:21) {
  error: true,
  type: 'response',
  code: 403,
  headers: {
    date: 'Wed, 09 Oct 2024 06:00:03 UTC',
    perf: '7402827104',
    server: 'tsa_b',
    'set-cookie': [
      'guest_id=v1%3A172845360314960019; Max-Age=34214400; Expires=Sun, 09 Nov 2025 06:00:03 GMT; Path=/; Domain=.twitter.com; Secure; SameSite=None'
    ],
    'api-version': '2.112',
    'content-type': 'application/json; charset=utf-8',
    'cache-control': 'no-cache, no-store, max-age=0',
    'content-length': '328',
    'x-access-level': 'read',
    'x-frame-options': 'SAMEORIGIN',
    'content-encoding': 'gzip',
    'x-transaction-id': '2fdfa932d5a60978',
    'x-xss-protection': '0',
    'x-rate-limit-limit': '40000',
    'x-rate-limit-reset': '1728454503',
    'content-disposition': 'attachment; filename=json.json',
    'x-content-type-options': 'nosniff',
    'x-rate-limit-remaining': '39999',
    'strict-transport-security': 'max-age=631138519',
    'x-response-time': '12',
    'x-connection-hash': '23f783f4202340989ada03a4bcafe99f47803f9cb873c77a853f400ef857cfa0',
    connection: 'close'
  },
  rateLimit: { limit: 40000, remaining: 39999, reset: 1728454503 },
  data: {
    client_id: '29231084',
    detail: 'When authenticating requests to the Twitter API v2 endpoints, you must use keys and tokens from a Twitter developer App that is attached to a Project. You can create a project via the developer portal.',
    registration_url: 'https://developer.twitter.com/en/docs/projects/overview',
    title: 'Client Forbidden',
    required_enrollment: 'Appropriate Level of API Access',
    reason: 'client-not-enrolled',
    type: 'https://api.twitter.com/2/problems/client-forbidden'
  }
}
Error fetching tweets: ApiResponseError: Request failed with code 403
    at RequestHandlerHelper.createResponseError (/home/ubuntu/apps/gotravel/node_modules/twitter-api-v2/dist/cjs/client-mixins/request-handler.helper.js:104:16)
    at RequestHandlerHelper.onResponseEndHandler (/home/ubuntu/apps/gotravel/node_modules/twitter-api-v2/dist/cjs/client-mixins/request-handler.helper.js:262:25)
    at Gunzip.emit (node:events:517:28)
    at endReadableNT (node:internal/streams/readable:1400:12)
    at process.processTicksAndRejections (node:internal/process/task_queues:82:21) {
  error: true,
  type: 'response',
  code: 403,
  headers: {
    date: 'Thu, 10 Oct 2024 06:00:03 UTC',
    perf: '7402827104',
    server: 'tsa_b',
    'set-cookie': [
      'guest_id=v1%3A172854000347148547; Max-Age=34214400; Expires=Mon, 10 Nov 2025 06:00:03 GMT; Path=/; Domain=.twitter.com; Secure; SameSite=None'
    ],
    'api-version': '2.112',
    'content-type': 'application/json; charset=utf-8',
    'cache-control': 'no-cache, no-store, max-age=0',
    'content-length': '328',
    'x-access-level': 'read',
    'x-frame-options': 'SAMEORIGIN',
    'content-encoding': 'gzip',
    'x-transaction-id': 'db855d2c3fdff794',
    'x-xss-protection': '0',
    'x-rate-limit-limit': '40000',
    'x-rate-limit-reset': '1728540903',
    'content-disposition': 'attachment; filename=json.json',
    'x-content-type-options': 'nosniff',
    'x-rate-limit-remaining': '39998',
    'strict-transport-security': 'max-age=631138519',
    'x-response-time': '14',
    'x-connection-hash': '9adc6c8fd137a97fcdb705012d8320a569a6c6a4e82a759f18e596599dcdc3a5',
    connection: 'close'
  },
  rateLimit: { limit: 40000, remaining: 39998, reset: 1728540903 },
  data: {
    client_id: '29231084',
    detail: 'When authenticating requests to the Twitter API v2 endpoints, you must use keys and tokens from a Twitter developer App that is attached to a Project. You can create a project via the developer portal.',
    registration_url: 'https://developer.twitter.com/en/docs/projects/overview',
    title: 'Client Forbidden',
    required_enrollment: 'Appropriate Level of API Access',
    reason: 'client-not-enrolled',
    type: 'https://api.twitter.com/2/problems/client-forbidden'
  }
}
Error fetching tweets: ApiResponseError: Request failed with code 403
    at RequestHandlerHelper.createResponseError (/home/ubuntu/apps/gotravel/node_modules/twitter-api-v2/dist/cjs/client-mixins/request-handler.helper.js:104:16)
    at RequestHandlerHelper.onResponseEndHandler (/home/ubuntu/apps/gotravel/node_modules/twitter-api-v2/dist/cjs/client-mixins/request-handler.helper.js:262:25)
    at Gunzip.emit (node:events:517:28)
    at endReadableNT (node:internal/streams/readable:1400:12)
    at process.processTicksAndRejections (node:internal/process/task_queues:82:21) {
  error: true,
  type: 'response',
  code: 403,
  headers: {
    date: 'Fri, 11 Oct 2024 06:00:04 UTC',
    perf: '7402827104',
    server: 'tsa_b',
    'set-cookie': [
      'guest_id=v1%3A172862640408613708; Max-Age=34214400; Expires=Tue, 11 Nov 2025 06:00:04 GMT; Path=/; Domain=.twitter.com; Secure; SameSite=None'
    ],
    'api-version': '2.112',
    'content-type': 'application/json; charset=utf-8',
    'cache-control': 'no-cache, no-store, max-age=0',
    'content-length': '328',
    'x-access-level': 'read',
    'x-frame-options': 'SAMEORIGIN',
    'content-encoding': 'gzip',
    'x-transaction-id': '9858412bed18cff5',
    'x-xss-protection': '0',
    'x-rate-limit-limit': '40000',
    'x-rate-limit-reset': '1728627304',
    'content-disposition': 'attachment; filename=json.json',
    'x-content-type-options': 'nosniff',
    'x-rate-limit-remaining': '39999',
    'strict-transport-security': 'max-age=631138519',
    'x-response-time': '12',
    'x-connection-hash': 'a63b6031c5b6d65dbf192ef853c8c01fc6041aa03983a753a2bb1ebc10cbb45b',
    connection: 'close'
  },
  rateLimit: { limit: 40000, remaining: 39999, reset: 1728627304 },
  data: {
    client_id: '29231084',
    detail: 'When authenticating requests to the Twitter API v2 endpoints, you must use keys and tokens from a Twitter developer App that is attached to a Project. You can create a project via the developer portal.',
    registration_url: 'https://developer.twitter.com/en/docs/projects/overview',
    title: 'Client Forbidden',
    required_enrollment: 'Appropriate Level of API Access',
    reason: 'client-not-enrolled',
    type: 'https://api.twitter.com/2/problems/client-forbidden'
  }
}
Error fetching tweets: ApiResponseError: Request failed with code 403
    at RequestHandlerHelper.createResponseError (/home/ubuntu/apps/gotravel/node_modules/twitter-api-v2/dist/cjs/client-mixins/request-handler.helper.js:104:16)
    at RequestHandlerHelper.onResponseEndHandler (/home/ubuntu/apps/gotravel/node_modules/twitter-api-v2/dist/cjs/client-mixins/request-handler.helper.js:262:25)
    at Gunzip.emit (node:events:517:28)
    at endReadableNT (node:internal/streams/readable:1400:12)
    at process.processTicksAndRejections (node:internal/process/task_queues:82:21) {
  error: true,
  type: 'response',
  code: 403,
  headers: {
    date: 'Sat, 12 Oct 2024 06:00:02 UTC',
    perf: '7402827104',
    server: 'tsa_b',
    'set-cookie': [
      'guest_id=v1%3A172871280267973373; Max-Age=34214400; Expires=Wed, 12 Nov 2025 06:00:02 GMT; Path=/; Domain=.twitter.com; Secure; SameSite=None'
    ],
    'api-version': '2.113',
    'content-type': 'application/json; charset=utf-8',
    'cache-control': 'no-cache, no-store, max-age=0',
    'content-length': '328',
    'x-access-level': 'read',
    'x-frame-options': 'SAMEORIGIN',
    'content-encoding': 'gzip',
    'x-transaction-id': '6d4e21002d4d749b',
    'x-xss-protection': '0',
    'x-rate-limit-limit': '40000',
    'x-rate-limit-reset': '1728713702',
    'content-disposition': 'attachment; filename=json.json',
    'x-content-type-options': 'nosniff',
    'x-rate-limit-remaining': '39999',
    'strict-transport-security': 'max-age=631138519',
    'x-response-time': '12',
    'x-connection-hash': '37a5933e252bde2726529c81fa4636dfede21fbfe804235a80a3d97d3b9bc7d9',
    connection: 'close'
  },
  rateLimit: { limit: 40000, remaining: 39999, reset: 1728713702 },
  data: {
    client_id: '29231084',
    detail: 'When authenticating requests to the Twitter API v2 endpoints, you must use keys and tokens from a Twitter developer App that is attached to a Project. You can create a project via the developer portal.',
    registration_url: 'https://developer.twitter.com/en/docs/projects/overview',
    title: 'Client Forbidden',
    required_enrollment: 'Appropriate Level of API Access',
    reason: 'client-not-enrolled',
    type: 'https://api.twitter.com/2/problems/client-forbidden'
  }
}
Error fetching tweets: ApiResponseError: Request failed with code 403
    at RequestHandlerHelper.createResponseError (/home/ubuntu/apps/gotravel/node_modules/twitter-api-v2/dist/cjs/client-mixins/request-handler.helper.js:104:16)
    at RequestHandlerHelper.onResponseEndHandler (/home/ubuntu/apps/gotravel/node_modules/twitter-api-v2/dist/cjs/client-mixins/request-handler.helper.js:262:25)
    at Gunzip.emit (node:events:517:28)
    at endReadableNT (node:internal/streams/readable:1400:12)
    at process.processTicksAndRejections (node:internal/process/task_queues:82:21) {
  error: true,
  type: 'response',
  code: 403,
  headers: {
    date: 'Sun, 13 Oct 2024 06:00:02 UTC',
    perf: '7402827104',
    server: 'tsa_b',
    'set-cookie': [
      'guest_id=v1%3A172879920246005726; Max-Age=34214400; Expires=Thu, 13 Nov 2025 06:00:02 GMT; Path=/; Domain=.twitter.com; Secure; SameSite=None'
    ],
    'api-version': '2.113',
    'content-type': 'application/json; charset=utf-8',
    'cache-control': 'no-cache, no-store, max-age=0',
    'content-length': '328',
    'x-access-level': 'read',
    'x-frame-options': 'SAMEORIGIN',
    'content-encoding': 'gzip',
    'x-transaction-id': 'f92d0cfce989a3b0',
    'x-xss-protection': '0',
    'x-rate-limit-limit': '40000',
    'x-rate-limit-reset': '1728800102',
    'content-disposition': 'attachment; filename=json.json',
    'x-content-type-options': 'nosniff',
    'x-rate-limit-remaining': '39998',
    'strict-transport-security': 'max-age=631138519',
    'x-response-time': '12',
    'x-connection-hash': '913f49e6ac0b59dfb8206104401d561219edd7569d361c8649f6dae3a3597441',
    connection: 'close'
  },
  rateLimit: { limit: 40000, remaining: 39998, reset: 1728800102 },
  data: {
    client_id: '29231084',
    detail: 'When authenticating requests to the Twitter API v2 endpoints, you must use keys and tokens from a Twitter developer App that is attached to a Project. You can create a project via the developer portal.',
    registration_url: 'https://developer.twitter.com/en/docs/projects/overview',
    title: 'Client Forbidden',
    required_enrollment: 'Appropriate Level of API Access',
    reason: 'client-not-enrolled',
    type: 'https://api.twitter.com/2/problems/client-forbidden'
  }
}
Error fetching tweets: ApiResponseError: Request failed with code 403
    at RequestHandlerHelper.createResponseError (/home/ubuntu/apps/gotravel/node_modules/twitter-api-v2/dist/cjs/client-mixins/request-handler.helper.js:104:16)
    at RequestHandlerHelper.onResponseEndHandler (/home/ubuntu/apps/gotravel/node_modules/twitter-api-v2/dist/cjs/client-mixins/request-handler.helper.js:262:25)
    at Gunzip.emit (node:events:517:28)
    at endReadableNT (node:internal/streams/readable:1400:12)
    at process.processTicksAndRejections (node:internal/process/task_queues:82:21) {
  error: true,
  type: 'response',
  code: 403,
  headers: {
    date: 'Mon, 14 Oct 2024 06:00:02 UTC',
    perf: '7402827104',
    server: 'tsa_b',
    'set-cookie': [
      'guest_id=v1%3A172888560286808456; Max-Age=34214400; Expires=Fri, 14 Nov 2025 06:00:02 GMT; Path=/; Domain=.twitter.com; Secure; SameSite=None'
    ],
    'api-version': '2.113',
    'content-type': 'application/json; charset=utf-8',
    'cache-control': 'no-cache, no-store, max-age=0',
    'content-length': '328',
    'x-access-level': 'read',
    'x-frame-options': 'SAMEORIGIN',
    'content-encoding': 'gzip',
    'x-transaction-id': '3c23982d73ae3046',
    'x-xss-protection': '0',
    'x-rate-limit-limit': '40000',
    'x-rate-limit-reset': '1728886502',
    'content-disposition': 'attachment; filename=json.json',
    'x-content-type-options': 'nosniff',
    'x-rate-limit-remaining': '39998',
    'strict-transport-security': 'max-age=631138519',
    'x-response-time': '13',
    'x-connection-hash': 'ee3bf607a6a69d5931bf71204a5475789dfa816da451aae8bcd4de9ce0de30d6',
    connection: 'close'
  },
  rateLimit: { limit: 40000, remaining: 39998, reset: 1728886502 },
  data: {
    client_id: '29231084',
    detail: 'When authenticating requests to the Twitter API v2 endpoints, you must use keys and tokens from a Twitter developer App that is attached to a Project. You can create a project via the developer portal.',
    registration_url: 'https://developer.twitter.com/en/docs/projects/overview',
    title: 'Client Forbidden',
    required_enrollment: 'Appropriate Level of API Access',
    reason: 'client-not-enrolled',
    type: 'https://api.twitter.com/2/problems/client-forbidden'
  }
}
Error fetching tweets: ApiResponseError: Request failed with code 403
    at RequestHandlerHelper.createResponseError (/home/ubuntu/apps/gotravel/node_modules/twitter-api-v2/dist/cjs/client-mixins/request-handler.helper.js:104:16)
    at RequestHandlerHelper.onResponseEndHandler (/home/ubuntu/apps/gotravel/node_modules/twitter-api-v2/dist/cjs/client-mixins/request-handler.helper.js:262:25)
    at Gunzip.emit (node:events:517:28)
    at endReadableNT (node:internal/streams/readable:1400:12)
    at process.processTicksAndRejections (node:internal/process/task_queues:82:21) {
  error: true,
  type: 'response',
  code: 403,
  headers: {
    date: 'Tue, 15 Oct 2024 06:00:01 UTC',
    perf: '7402827104',
    server: 'tsa_b',
    'set-cookie': [
      'guest_id=v1%3A172897200148989179; Max-Age=34214400; Expires=Sat, 15 Nov 2025 06:00:01 GMT; Path=/; Domain=.twitter.com; Secure; SameSite=None'
    ],
    'api-version': '2.113',
    'content-type': 'application/json; charset=utf-8',
    'cache-control': 'no-cache, no-store, max-age=0',
    'content-length': '328',
    'x-access-level': 'read',
    'x-frame-options': 'SAMEORIGIN',
    'content-encoding': 'gzip',
    'x-transaction-id': '8a7d9f13bfa5aba9',
    'x-xss-protection': '0',
    'x-rate-limit-limit': '40000',
    'x-rate-limit-reset': '1728972901',
    'content-disposition': 'attachment; filename=json.json',
    'x-content-type-options': 'nosniff',
    'x-rate-limit-remaining': '39999',
    'strict-transport-security': 'max-age=631138519',
    'x-response-time': '13',
    'x-connection-hash': '800b60325c8649d6c282c507463703d35bb9d61a13f87fc794f298ceaef9b583',
    connection: 'close'
  },
  rateLimit: { limit: 40000, remaining: 39999, reset: 1728972901 },
  data: {
    client_id: '29231084',
    detail: 'When authenticating requests to the Twitter API v2 endpoints, you must use keys and tokens from a Twitter developer App that is attached to a Project. You can create a project via the developer portal.',
    registration_url: 'https://developer.twitter.com/en/docs/projects/overview',
    title: 'Client Forbidden',
    required_enrollment: 'Appropriate Level of API Access',
    reason: 'client-not-enrolled',
    type: 'https://api.twitter.com/2/problems/client-forbidden'
  }
}
Error fetching tweets: ApiResponseError: Request failed with code 403
    at RequestHandlerHelper.createResponseError (/home/ubuntu/apps/gotravel/node_modules/twitter-api-v2/dist/cjs/client-mixins/request-handler.helper.js:104:16)
    at RequestHandlerHelper.onResponseEndHandler (/home/ubuntu/apps/gotravel/node_modules/twitter-api-v2/dist/cjs/client-mixins/request-handler.helper.js:262:25)
    at Gunzip.emit (node:events:517:28)
    at endReadableNT (node:internal/streams/readable:1400:12)
    at process.processTicksAndRejections (node:internal/process/task_queues:82:21) {
  error: true,
  type: 'response',
  code: 403,
  headers: {
    date: 'Wed, 16 Oct 2024 06:00:01 UTC',
    perf: '7402827104',
    server: 'tsa_b',
    'set-cookie': [
      'guest_id=v1%3A172905840175362852; Max-Age=34214400; Expires=Sun, 16 Nov 2025 06:00:01 GMT; Path=/; Domain=.twitter.com; Secure; SameSite=None'
    ],
    'api-version': '2.113',
    'content-type': 'application/json; charset=utf-8',
    'cache-control': 'no-cache, no-store, max-age=0',
    'content-length': '328',
    'x-access-level': 'read',
    'x-frame-options': 'SAMEORIGIN',
    'content-encoding': 'gzip',
    'x-transaction-id': 'fcecdecdd5cfe140',
    'x-xss-protection': '0',
    'x-rate-limit-limit': '40000',
    'x-rate-limit-reset': '1729059301',
    'content-disposition': 'attachment; filename=json.json',
    'x-content-type-options': 'nosniff',
    'x-rate-limit-remaining': '39998',
    'strict-transport-security': 'max-age=631138519',
    'x-response-time': '11',
    'x-connection-hash': '1a073a0a2ac7f296e4357796d7255fd7ada4c0fd559f4c4b75aa2814db19fd5d',
    connection: 'close'
  },
  rateLimit: { limit: 40000, remaining: 39998, reset: 1729059301 },
  data: {
    client_id: '29231084',
    detail: 'When authenticating requests to the Twitter API v2 endpoints, you must use keys and tokens from a Twitter developer App that is attached to a Project. You can create a project via the developer portal.',
    registration_url: 'https://developer.twitter.com/en/docs/projects/overview',
    title: 'Client Forbidden',
    required_enrollment: 'Appropriate Level of API Access',
    reason: 'client-not-enrolled',
    type: 'https://api.twitter.com/2/problems/client-forbidden'
  }
}
Error fetching tweets: ApiResponseError: Request failed with code 403
    at RequestHandlerHelper.createResponseError (/home/ubuntu/apps/gotravel/node_modules/twitter-api-v2/dist/cjs/client-mixins/request-handler.helper.js:104:16)
    at RequestHandlerHelper.onResponseEndHandler (/home/ubuntu/apps/gotravel/node_modules/twitter-api-v2/dist/cjs/client-mixins/request-handler.helper.js:262:25)
    at Gunzip.emit (node:events:517:28)
    at endReadableNT (node:internal/streams/readable:1400:12)
    at process.processTicksAndRejections (node:internal/process/task_queues:82:21) {
  error: true,
  type: 'response',
  code: 403,
  headers: {
    date: 'Thu, 17 Oct 2024 06:00:03 UTC',
    perf: '7402827104',
    server: 'tsa_b',
    'set-cookie': [
      'guest_id=v1%3A172914480323786355; Max-Age=34214400; Expires=Mon, 17 Nov 2025 06:00:03 GMT; Path=/; Domain=.twitter.com; Secure; SameSite=None'
    ],
    'api-version': '2.113',
    'content-type': 'application/json; charset=utf-8',
    'cache-control': 'no-cache, no-store, max-age=0',
    'content-length': '328',
    'x-access-level': 'read',
    'x-frame-options': 'SAMEORIGIN',
    'content-encoding': 'gzip',
    'x-transaction-id': '673575601bc625df',
    'x-xss-protection': '0',
    'x-rate-limit-limit': '40000',
    'x-rate-limit-reset': '1729145703',
    'content-disposition': 'attachment; filename=json.json',
    'x-content-type-options': 'nosniff',
    'x-rate-limit-remaining': '39998',
    'strict-transport-security': 'max-age=631138519',
    'x-response-time': '10',
    'x-connection-hash': '168f5d72db70426c1836be2044ca18256810fa88b421e9dfb70804087c41311e',
    connection: 'close'
  },
  rateLimit: { limit: 40000, remaining: 39998, reset: 1729145703 },
  data: {
    client_id: '29231084',
    detail: 'When authenticating requests to the Twitter API v2 endpoints, you must use keys and tokens from a Twitter developer App that is attached to a Project. You can create a project via the developer portal.',
    registration_url: 'https://developer.twitter.com/en/docs/projects/overview',
    title: 'Client Forbidden',
    required_enrollment: 'Appropriate Level of API Access',
    reason: 'client-not-enrolled',
    type: 'https://api.twitter.com/2/problems/client-forbidden'
  }
}
Error fetching tweets: ApiResponseError: Request failed with code 403
    at RequestHandlerHelper.createResponseError (/home/ubuntu/apps/gotravel/node_modules/twitter-api-v2/dist/cjs/client-mixins/request-handler.helper.js:104:16)
    at RequestHandlerHelper.onResponseEndHandler (/home/ubuntu/apps/gotravel/node_modules/twitter-api-v2/dist/cjs/client-mixins/request-handler.helper.js:262:25)
    at Gunzip.emit (node:events:517:28)
    at endReadableNT (node:internal/streams/readable:1400:12)
    at process.processTicksAndRejections (node:internal/process/task_queues:82:21) {
  error: true,
  type: 'response',
  code: 403,
  headers: {
    date: 'Fri, 18 Oct 2024 06:00:03 UTC',
    perf: '7402827104',
    server: 'tsa_b',
    'set-cookie': [
      'guest_id=v1%3A172923120317793848; Max-Age=34214400; Expires=Tue, 18 Nov 2025 06:00:03 GMT; Path=/; Domain=.twitter.com; Secure; SameSite=None'
    ],
    'api-version': '2.113',
    'content-type': 'application/json; charset=utf-8',
    'cache-control': 'no-cache, no-store, max-age=0',
    'content-length': '328',
    'x-access-level': 'read',
    'x-frame-options': 'SAMEORIGIN',
    'content-encoding': 'gzip',
    'x-transaction-id': '1263a54b9baf6a12',
    'x-xss-protection': '0',
    'x-rate-limit-limit': '40000',
    'x-rate-limit-reset': '1729232103',
    'content-disposition': 'attachment; filename=json.json',
    'x-content-type-options': 'nosniff',
    'x-rate-limit-remaining': '39999',
    'strict-transport-security': 'max-age=631138519',
    'x-response-time': '13',
    'x-connection-hash': 'ce4c4fe8272313361061607e77551c0df048eb1d5db4259fcd56464ea0289cdd',
    connection: 'close'
  },
  rateLimit: { limit: 40000, remaining: 39999, reset: 1729232103 },
  data: {
    client_id: '29231084',
    detail: 'When authenticating requests to the Twitter API v2 endpoints, you must use keys and tokens from a Twitter developer App that is attached to a Project. You can create a project via the developer portal.',
    registration_url: 'https://developer.twitter.com/en/docs/projects/overview',
    title: 'Client Forbidden',
    required_enrollment: 'Appropriate Level of API Access',
    reason: 'client-not-enrolled',
    type: 'https://api.twitter.com/2/problems/client-forbidden'
  }
}
Error fetching tweets: ApiResponseError: Request failed with code 403
    at RequestHandlerHelper.createResponseError (/home/ubuntu/apps/gotravel/node_modules/twitter-api-v2/dist/cjs/client-mixins/request-handler.helper.js:104:16)
    at RequestHandlerHelper.onResponseEndHandler (/home/ubuntu/apps/gotravel/node_modules/twitter-api-v2/dist/cjs/client-mixins/request-handler.helper.js:262:25)
    at Gunzip.emit (node:events:517:28)
    at endReadableNT (node:internal/streams/readable:1400:12)
    at process.processTicksAndRejections (node:internal/process/task_queues:82:21) {
  error: true,
  type: 'response',
  code: 403,
  headers: {
    date: 'Sat, 19 Oct 2024 06:00:02 UTC',
    perf: '7402827104',
    server: 'tsa_b',
    'set-cookie': [
      'guest_id=v1%3A172931760266458348; Max-Age=34214400; Expires=Wed, 19 Nov 2025 06:00:02 GMT; Path=/; Domain=.twitter.com; Secure; SameSite=None'
    ],
    'api-version': '2.113',
    'content-type': 'application/json; charset=utf-8',
    'cache-control': 'no-cache, no-store, max-age=0',
    'content-length': '328',
    'x-access-level': 'read',
    'x-frame-options': 'SAMEORIGIN',
    'content-encoding': 'gzip',
    'x-transaction-id': '8a285c04fdf5690e',
    'x-xss-protection': '0',
    'x-rate-limit-limit': '40000',
    'x-rate-limit-reset': '1729318502',
    'content-disposition': 'attachment; filename=json.json',
    'x-content-type-options': 'nosniff',
    'x-rate-limit-remaining': '39999',
    'strict-transport-security': 'max-age=631138519',
    'x-response-time': '11',
    'x-connection-hash': '1be9bf2228727f7eb5e81f747f0312dba7ed98fb23718aabb9d1ec127295d78e',
    connection: 'close'
  },
  rateLimit: { limit: 40000, remaining: 39999, reset: 1729318502 },
  data: {
    client_id: '29231084',
    detail: 'When authenticating requests to the Twitter API v2 endpoints, you must use keys and tokens from a Twitter developer App that is attached to a Project. You can create a project via the developer portal.',
    registration_url: 'https://developer.twitter.com/en/docs/projects/overview',
    title: 'Client Forbidden',
    required_enrollment: 'Appropriate Level of API Access',
    reason: 'client-not-enrolled',
    type: 'https://api.twitter.com/2/problems/client-forbidden'
  }
}
Error fetching tweets: ApiResponseError: Request failed with code 403
    at RequestHandlerHelper.createResponseError (/home/ubuntu/apps/gotravel/node_modules/twitter-api-v2/dist/cjs/client-mixins/request-handler.helper.js:104:16)
    at RequestHandlerHelper.onResponseEndHandler (/home/ubuntu/apps/gotravel/node_modules/twitter-api-v2/dist/cjs/client-mixins/request-handler.helper.js:262:25)
    at Gunzip.emit (node:events:517:28)
    at endReadableNT (node:internal/streams/readable:1400:12)
    at process.processTicksAndRejections (node:internal/process/task_queues:82:21) {
  error: true,
  type: 'response',
  code: 403,
  headers: {
    date: 'Sun, 20 Oct 2024 06:00:02 UTC',
    perf: '7402827104',
    server: 'tsa_b',
    'set-cookie': [
      'guest_id=v1%3A172940400260686117; Max-Age=34214400; Expires=Thu, 20 Nov 2025 06:00:02 GMT; Path=/; Domain=.twitter.com; Secure; SameSite=None'
    ],
    'api-version': '2.113',
    'content-type': 'application/json; charset=utf-8',
    'cache-control': 'no-cache, no-store, max-age=0',
    'content-length': '328',
    'x-access-level': 'read',
    'x-frame-options': 'SAMEORIGIN',
    'content-encoding': 'gzip',
    'x-transaction-id': '8ca4d28017990f3d',
    'x-xss-protection': '0',
    'x-rate-limit-limit': '40000',
    'x-rate-limit-reset': '1729404902',
    'content-disposition': 'attachment; filename=json.json',
    'x-content-type-options': 'nosniff',
    'x-rate-limit-remaining': '39999',
    'strict-transport-security': 'max-age=631138519',
    'x-response-time': '14',
    'x-connection-hash': 'f14a6a771a647b78aab85bdcba01369d9dc2f86c474a73ae227ec2a133f16894',
    connection: 'close'
  },
  rateLimit: { limit: 40000, remaining: 39999, reset: 1729404902 },
  data: {
    client_id: '29231084',
    detail: 'When authenticating requests to the Twitter API v2 endpoints, you must use keys and tokens from a Twitter developer App that is attached to a Project. You can create a project via the developer portal.',
    registration_url: 'https://developer.twitter.com/en/docs/projects/overview',
    title: 'Client Forbidden',
    required_enrollment: 'Appropriate Level of API Access',
    reason: 'client-not-enrolled',
    type: 'https://api.twitter.com/2/problems/client-forbidden'
  }
}
Error fetching tweets: ApiResponseError: Request failed with code 403
    at RequestHandlerHelper.createResponseError (/home/ubuntu/apps/gotravel/node_modules/twitter-api-v2/dist/cjs/client-mixins/request-handler.helper.js:104:16)
    at RequestHandlerHelper.onResponseEndHandler (/home/ubuntu/apps/gotravel/node_modules/twitter-api-v2/dist/cjs/client-mixins/request-handler.helper.js:262:25)
    at Gunzip.emit (node:events:517:28)
    at endReadableNT (node:internal/streams/readable:1400:12)
    at process.processTicksAndRejections (node:internal/process/task_queues:82:21) {
  error: true,
  type: 'response',
  code: 403,
  headers: {
    date: 'Mon, 21 Oct 2024 06:00:02 UTC',
    perf: '7402827104',
    server: 'tsa_b',
    'set-cookie': [
      'guest_id=v1%3A172949040246338339; Max-Age=34214400; Expires=Fri, 21 Nov 2025 06:00:02 GMT; Path=/; Domain=.twitter.com; Secure; SameSite=None'
    ],
    'api-version': '2.113',
    'content-type': 'application/json; charset=utf-8',
    'cache-control': 'no-cache, no-store, max-age=0',
    'content-length': '328',
    'x-access-level': 'read',
    'x-frame-options': 'SAMEORIGIN',
    'content-encoding': 'gzip',
    'x-transaction-id': 'd68c974bb456c8a0',
    'x-xss-protection': '0',
    'x-rate-limit-limit': '40000',
    'x-rate-limit-reset': '1729491302',
    'content-disposition': 'attachment; filename=json.json',
    'x-content-type-options': 'nosniff',
    'x-rate-limit-remaining': '39999',
    'strict-transport-security': 'max-age=631138519',
    'x-response-time': '46',
    'x-connection-hash': '7b23b0c28c213dafc2232d71aeb82425e516f508bf13465496a312d2822a7491',
    connection: 'close'
  },
  rateLimit: { limit: 40000, remaining: 39999, reset: 1729491302 },
  data: {
    client_id: '29231084',
    detail: 'When authenticating requests to the Twitter API v2 endpoints, you must use keys and tokens from a Twitter developer App that is attached to a Project. You can create a project via the developer portal.',
    registration_url: 'https://developer.twitter.com/en/docs/projects/overview',
    title: 'Client Forbidden',
    required_enrollment: 'Appropriate Level of API Access',
    reason: 'client-not-enrolled',
    type: 'https://api.twitter.com/2/problems/client-forbidden'
  }
}
Error fetching tweets: ApiResponseError: Request failed with code 403
    at RequestHandlerHelper.createResponseError (/home/ubuntu/apps/gotravel/node_modules/twitter-api-v2/dist/cjs/client-mixins/request-handler.helper.js:104:16)
    at RequestHandlerHelper.onResponseEndHandler (/home/ubuntu/apps/gotravel/node_modules/twitter-api-v2/dist/cjs/client-mixins/request-handler.helper.js:262:25)
    at Gunzip.emit (node:events:517:28)
    at endReadableNT (node:internal/streams/readable:1400:12)
    at process.processTicksAndRejections (node:internal/process/task_queues:82:21) {
  error: true,
  type: 'response',
  code: 403,
  headers: {
    date: 'Tue, 22 Oct 2024 06:00:03 UTC',
    perf: '7402827104',
    server: 'tsa_b',
    'set-cookie': [
      'guest_id=v1%3A172957680370348603; Max-Age=34214400; Expires=Sat, 22 Nov 2025 06:00:03 GMT; Path=/; Domain=.twitter.com; Secure; SameSite=None'
    ],
    'api-version': '2.113',
    'content-type': 'application/json; charset=utf-8',
    'cache-control': 'no-cache, no-store, max-age=0',
    'content-length': '328',
    'x-access-level': 'read',
    'x-frame-options': 'SAMEORIGIN',
    'content-encoding': 'gzip',
    'x-transaction-id': 'c5975bb9d033e187',
    'x-xss-protection': '0',
    'x-rate-limit-limit': '40000',
    'x-rate-limit-reset': '1729577703',
    'content-disposition': 'attachment; filename=json.json',
    'x-content-type-options': 'nosniff',
    'x-rate-limit-remaining': '39999',
    'strict-transport-security': 'max-age=631138519',
    'x-response-time': '11',
    'x-connection-hash': 'c4995faec151bd1d589490de1132fab3d5d38af7e0716b6fedc82d9a4e7e4764',
    connection: 'close'
  },
  rateLimit: { limit: 40000, remaining: 39999, reset: 1729577703 },
  data: {
    client_id: '29231084',
    detail: 'When authenticating requests to the Twitter API v2 endpoints, you must use keys and tokens from a Twitter developer App that is attached to a Project. You can create a project via the developer portal.',
    registration_url: 'https://developer.twitter.com/en/docs/projects/overview',
    title: 'Client Forbidden',
    required_enrollment: 'Appropriate Level of API Access',
    reason: 'client-not-enrolled',
    type: 'https://api.twitter.com/2/problems/client-forbidden'
  }
}
Error fetching tweets: ApiResponseError: Request failed with code 403
    at RequestHandlerHelper.createResponseError (/home/ubuntu/apps/gotravel/node_modules/twitter-api-v2/dist/cjs/client-mixins/request-handler.helper.js:104:16)
    at RequestHandlerHelper.onResponseEndHandler (/home/ubuntu/apps/gotravel/node_modules/twitter-api-v2/dist/cjs/client-mixins/request-handler.helper.js:262:25)
    at Gunzip.emit (node:events:517:28)
    at endReadableNT (node:internal/streams/readable:1400:12)
    at process.processTicksAndRejections (node:internal/process/task_queues:82:21) {
  error: true,
  type: 'response',
  code: 403,
  headers: {
    date: 'Wed, 23 Oct 2024 06:00:02 UTC',
    perf: '7402827104',
    server: 'tsa_b',
    'set-cookie': [
      'guest_id=v1%3A172966320275145565; Max-Age=34214400; Expires=Sun, 23 Nov 2025 06:00:02 GMT; Path=/; Domain=.twitter.com; Secure; SameSite=None'
    ],
    'api-version': '2.113',
    'content-type': 'application/json; charset=utf-8',
    'cache-control': 'no-cache, no-store, max-age=0',
    'content-length': '328',
    'x-access-level': 'read',
    'x-frame-options': 'SAMEORIGIN',
    'content-encoding': 'gzip',
    'x-transaction-id': 'a4806a2ef4221e48',
    'x-xss-protection': '0',
    'x-rate-limit-limit': '40000',
    'x-rate-limit-reset': '1729664102',
    'content-disposition': 'attachment; filename=json.json',
    'x-content-type-options': 'nosniff',
    'x-rate-limit-remaining': '39998',
    'strict-transport-security': 'max-age=631138519',
    'x-response-time': '12',
    'x-connection-hash': 'e508b5fd53b831b56adab45305622fd6e404b6e209009745f92bcc9c70dc6865',
    connection: 'close'
  },
  rateLimit: { limit: 40000, remaining: 39998, reset: 1729664102 },
  data: {
    client_id: '29231084',
    detail: 'When authenticating requests to the Twitter API v2 endpoints, you must use keys and tokens from a Twitter developer App that is attached to a Project. You can create a project via the developer portal.',
    registration_url: 'https://developer.twitter.com/en/docs/projects/overview',
    title: 'Client Forbidden',
    required_enrollment: 'Appropriate Level of API Access',
    reason: 'client-not-enrolled',
    type: 'https://api.twitter.com/2/problems/client-forbidden'
  }
}
Error fetching tweets: ApiResponseError: Request failed with code 403
    at RequestHandlerHelper.createResponseError (/home/ubuntu/apps/gotravel/node_modules/twitter-api-v2/dist/cjs/client-mixins/request-handler.helper.js:104:16)
    at RequestHandlerHelper.onResponseEndHandler (/home/ubuntu/apps/gotravel/node_modules/twitter-api-v2/dist/cjs/client-mixins/request-handler.helper.js:262:25)
    at Gunzip.emit (node:events:517:28)
    at endReadableNT (node:internal/streams/readable:1400:12)
    at process.processTicksAndRejections (node:internal/process/task_queues:82:21) {
  error: true,
  type: 'response',
  code: 403,
  headers: {
    date: 'Thu, 24 Oct 2024 06:00:01 UTC',
    perf: '7402827104',
    server: 'tsa_b',
    'set-cookie': [
      'guest_id=v1%3A172974960190813579; Max-Age=34214400; Expires=Mon, 24 Nov 2025 06:00:01 GMT; Path=/; Domain=.twitter.com; Secure; SameSite=None'
    ],
    'api-version': '2.113',
    'content-type': 'application/json; charset=utf-8',
    'cache-control': 'no-cache, no-store, max-age=0',
    'content-length': '328',
    'x-access-level': 'read',
    'x-frame-options': 'SAMEORIGIN',
    'content-encoding': 'gzip',
    'x-transaction-id': '17d33bbf7bcbc1b3',
    'x-xss-protection': '0',
    'x-rate-limit-limit': '40000',
    'x-rate-limit-reset': '1729750501',
    'content-disposition': 'attachment; filename=json.json',
    'x-content-type-options': 'nosniff',
    'x-rate-limit-remaining': '39998',
    'strict-transport-security': 'max-age=631138519',
    'x-response-time': '11',
    'x-connection-hash': 'dee8a3ca395d3d14de458d96e8e0b54ce6f097208c58aa8b221db851ad9e3cfd',
    connection: 'close'
  },
  rateLimit: { limit: 40000, remaining: 39998, reset: 1729750501 },
  data: {
    client_id: '29231084',
    detail: 'When authenticating requests to the Twitter API v2 endpoints, you must use keys and tokens from a Twitter developer App that is attached to a Project. You can create a project via the developer portal.',
    registration_url: 'https://developer.twitter.com/en/docs/projects/overview',
    title: 'Client Forbidden',
    required_enrollment: 'Appropriate Level of API Access',
    reason: 'client-not-enrolled',
    type: 'https://api.twitter.com/2/problems/client-forbidden'
  }
}
Error fetching tweets: ApiResponseError: Request failed with code 403
    at RequestHandlerHelper.createResponseError (/home/ubuntu/apps/gotravel/node_modules/twitter-api-v2/dist/cjs/client-mixins/request-handler.helper.js:104:16)
    at RequestHandlerHelper.onResponseEndHandler (/home/ubuntu/apps/gotravel/node_modules/twitter-api-v2/dist/cjs/client-mixins/request-handler.helper.js:262:25)
    at Gunzip.emit (node:events:517:28)
    at endReadableNT (node:internal/streams/readable:1400:12)
    at process.processTicksAndRejections (node:internal/process/task_queues:82:21) {
  error: true,
  type: 'response',
  code: 403,
  headers: {
    date: 'Fri, 25 Oct 2024 06:00:02 UTC',
    perf: '7402827104',
    server: 'tsa_b',
    'set-cookie': [
      'guest_id=v1%3A172983600234368858; Max-Age=34214400; Expires=Tue, 25 Nov 2025 06:00:02 GMT; Path=/; Domain=.twitter.com; Secure; SameSite=None'
    ],
    'api-version': '2.113',
    'content-type': 'application/json; charset=utf-8',
    'cache-control': 'no-cache, no-store, max-age=0',
    'content-length': '328',
    'x-access-level': 'read',
    'x-frame-options': 'SAMEORIGIN',
    'content-encoding': 'gzip',
    'x-transaction-id': 'd5da3fb3644cd494',
    'x-xss-protection': '0',
    'x-rate-limit-limit': '40000',
    'x-rate-limit-reset': '1729836902',
    'content-disposition': 'attachment; filename=json.json',
    'x-content-type-options': 'nosniff',
    'x-rate-limit-remaining': '39998',
    'strict-transport-security': 'max-age=631138519',
    'x-response-time': '9',
    'x-connection-hash': 'aa7ff09eff529291ff7fdd120d1faccf2934003ae4a260ae8ed126fc2587c5e4',
    connection: 'close'
  },
  rateLimit: { limit: 40000, remaining: 39998, reset: 1729836902 },
  data: {
    client_id: '29231084',
    detail: 'When authenticating requests to the Twitter API v2 endpoints, you must use keys and tokens from a Twitter developer App that is attached to a Project. You can create a project via the developer portal.',
    registration_url: 'https://developer.twitter.com/en/docs/projects/overview',
    title: 'Client Forbidden',
    required_enrollment: 'Appropriate Level of API Access',
    reason: 'client-not-enrolled',
    type: 'https://api.twitter.com/2/problems/client-forbidden'
  }
}
Error fetching tweets: ApiResponseError: Request failed with code 403
    at RequestHandlerHelper.createResponseError (/home/ubuntu/apps/gotravel/node_modules/twitter-api-v2/dist/cjs/client-mixins/request-handler.helper.js:104:16)
    at RequestHandlerHelper.onResponseEndHandler (/home/ubuntu/apps/gotravel/node_modules/twitter-api-v2/dist/cjs/client-mixins/request-handler.helper.js:262:25)
    at Gunzip.emit (node:events:517:28)
    at endReadableNT (node:internal/streams/readable:1400:12)
    at process.processTicksAndRejections (node:internal/process/task_queues:82:21) {
  error: true,
  type: 'response',
  code: 403,
  headers: {
    date: 'Sat, 26 Oct 2024 06:00:01 UTC',
    perf: '7402827104',
    server: 'tsa_b',
    'set-cookie': [
      'guest_id=v1%3A172992240169018527; Max-Age=34214400; Expires=Wed, 26 Nov 2025 06:00:01 GMT; Path=/; Domain=.twitter.com; Secure; SameSite=None'
    ],
    'api-version': '2.113',
    'content-type': 'application/json; charset=utf-8',
    'cache-control': 'no-cache, no-store, max-age=0',
    'content-length': '328',
    'x-access-level': 'read',
    'x-frame-options': 'SAMEORIGIN',
    'content-encoding': 'gzip',
    'x-transaction-id': '7b3028b0e9cd8a0a',
    'x-xss-protection': '0',
    'x-rate-limit-limit': '40000',
    'x-rate-limit-reset': '1729923301',
    'content-disposition': 'attachment; filename=json.json',
    'x-content-type-options': 'nosniff',
    'x-rate-limit-remaining': '39998',
    'strict-transport-security': 'max-age=631138519',
    'x-response-time': '10',
    'x-connection-hash': '531a11fe9af7a12f28bf4829641825a6df3e33fd76c0de1d55c0820675565683',
    connection: 'close'
  },
  rateLimit: { limit: 40000, remaining: 39998, reset: 1729923301 },
  data: {
    client_id: '29231084',
    detail: 'When authenticating requests to the Twitter API v2 endpoints, you must use keys and tokens from a Twitter developer App that is attached to a Project. You can create a project via the developer portal.',
    registration_url: 'https://developer.twitter.com/en/docs/projects/overview',
    title: 'Client Forbidden',
    required_enrollment: 'Appropriate Level of API Access',
    reason: 'client-not-enrolled',
    type: 'https://api.twitter.com/2/problems/client-forbidden'
  }
}
Error fetching tweets: ApiResponseError: Request failed with code 403
    at RequestHandlerHelper.createResponseError (/home/ubuntu/apps/gotravel/node_modules/twitter-api-v2/dist/cjs/client-mixins/request-handler.helper.js:104:16)
    at RequestHandlerHelper.onResponseEndHandler (/home/ubuntu/apps/gotravel/node_modules/twitter-api-v2/dist/cjs/client-mixins/request-handler.helper.js:262:25)
    at Gunzip.emit (node:events:517:28)
    at endReadableNT (node:internal/streams/readable:1400:12)
    at process.processTicksAndRejections (node:internal/process/task_queues:82:21) {
  error: true,
  type: 'response',
  code: 403,
  headers: {
    date: 'Sun, 27 Oct 2024 06:00:03 UTC',
    perf: '7402827104',
    server: 'tsa_b',
    'set-cookie': [
      'guest_id=v1%3A173000880325227314; Max-Age=34214400; Expires=Thu, 27 Nov 2025 06:00:03 GMT; Path=/; Domain=.twitter.com; Secure; SameSite=None'
    ],
    'api-version': '2.113',
    'content-type': 'application/json; charset=utf-8',
    'cache-control': 'no-cache, no-store, max-age=0',
    'content-length': '328',
    'x-access-level': 'read',
    'x-frame-options': 'SAMEORIGIN',
    'content-encoding': 'gzip',
    'x-transaction-id': '7a60aa7b6826fe8b',
    'x-xss-protection': '0',
    'x-rate-limit-limit': '40000',
    'x-rate-limit-reset': '1730009703',
    'content-disposition': 'attachment; filename=json.json',
    'x-content-type-options': 'nosniff',
    'x-rate-limit-remaining': '39998',
    'strict-transport-security': 'max-age=631138519',
    'x-response-time': '12',
    'x-connection-hash': 'a84170be0932bc0a099b25e14560c2826e1adf29af390a8525e2c8f5381e53ae',
    connection: 'close'
  },
  rateLimit: { limit: 40000, remaining: 39998, reset: 1730009703 },
  data: {
    client_id: '29231084',
    detail: 'When authenticating requests to the Twitter API v2 endpoints, you must use keys and tokens from a Twitter developer App that is attached to a Project. You can create a project via the developer portal.',
    registration_url: 'https://developer.twitter.com/en/docs/projects/overview',
    title: 'Client Forbidden',
    required_enrollment: 'Appropriate Level of API Access',
    reason: 'client-not-enrolled',
    type: 'https://api.twitter.com/2/problems/client-forbidden'
  }
}
Error fetching tweets: ApiResponseError: Request failed with code 403
    at RequestHandlerHelper.createResponseError (/home/ubuntu/apps/gotravel/node_modules/twitter-api-v2/dist/cjs/client-mixins/request-handler.helper.js:104:16)
    at RequestHandlerHelper.onResponseEndHandler (/home/ubuntu/apps/gotravel/node_modules/twitter-api-v2/dist/cjs/client-mixins/request-handler.helper.js:262:25)
    at Gunzip.emit (node:events:517:28)
    at endReadableNT (node:internal/streams/readable:1400:12)
    at process.processTicksAndRejections (node:internal/process/task_queues:82:21) {
  error: true,
  type: 'response',
  code: 403,
  headers: {
    date: 'Mon, 28 Oct 2024 06:00:02 UTC',
    perf: '7402827104',
    server: 'tsa_b',
    'set-cookie': [
      'guest_id=v1%3A173009520286124226; Max-Age=34214400; Expires=Fri, 28 Nov 2025 06:00:02 GMT; Path=/; Domain=.twitter.com; Secure; SameSite=None'
    ],
    'api-version': '2.113',
    'content-type': 'application/json; charset=utf-8',
    'cache-control': 'no-cache, no-store, max-age=0',
    'content-length': '328',
    'x-access-level': 'read',
    'x-frame-options': 'SAMEORIGIN',
    'content-encoding': 'gzip',
    'x-transaction-id': '44d686d303fa5aa8',
    'x-xss-protection': '0',
    'x-rate-limit-limit': '40000',
    'x-rate-limit-reset': '1730096102',
    'content-disposition': 'attachment; filename=json.json',
    'x-content-type-options': 'nosniff',
    'x-rate-limit-remaining': '39999',
    'strict-transport-security': 'max-age=631138519',
    'x-response-time': '11',
    'x-connection-hash': '189e8fc9160e377533a0586b90be6ed302753a3f0bc04cd7101f922c403ad775',
    connection: 'close'
  },
  rateLimit: { limit: 40000, remaining: 39999, reset: 1730096102 },
  data: {
    client_id: '29231084',
    detail: 'When authenticating requests to the Twitter API v2 endpoints, you must use keys and tokens from a Twitter developer App that is attached to a Project. You can create a project via the developer portal.',
    registration_url: 'https://developer.twitter.com/en/docs/projects/overview',
    title: 'Client Forbidden',
    required_enrollment: 'Appropriate Level of API Access',
    reason: 'client-not-enrolled',
    type: 'https://api.twitter.com/2/problems/client-forbidden'
  }
}
Error fetching tweets: ApiResponseError: Request failed with code 403
    at RequestHandlerHelper.createResponseError (/home/ubuntu/apps/gotravel/node_modules/twitter-api-v2/dist/cjs/client-mixins/request-handler.helper.js:104:16)
    at RequestHandlerHelper.onResponseEndHandler (/home/ubuntu/apps/gotravel/node_modules/twitter-api-v2/dist/cjs/client-mixins/request-handler.helper.js:262:25)
    at Gunzip.emit (node:events:517:28)
    at endReadableNT (node:internal/streams/readable:1400:12)
    at process.processTicksAndRejections (node:internal/process/task_queues:82:21) {
  error: true,
  type: 'response',
  code: 403,
  headers: {
    date: 'Tue, 29 Oct 2024 06:00:01 UTC',
    perf: '7402827104',
    server: 'tsa_b',
    'set-cookie': [
      'guest_id=v1%3A173018160159425192; Max-Age=34214400; Expires=Sat, 29 Nov 2025 06:00:01 GMT; Path=/; Domain=.twitter.com; Secure; SameSite=None'
    ],
    'api-version': '2.113',
    'content-type': 'application/json; charset=utf-8',
    'cache-control': 'no-cache, no-store, max-age=0',
    'content-length': '328',
    'x-access-level': 'read',
    'x-frame-options': 'SAMEORIGIN',
    'content-encoding': 'gzip',
    'x-transaction-id': 'f452b38473d42bda',
    'x-xss-protection': '0',
    'x-rate-limit-limit': '40000',
    'x-rate-limit-reset': '1730182501',
    'content-disposition': 'attachment; filename=json.json',
    'x-content-type-options': 'nosniff',
    'x-rate-limit-remaining': '39998',
    'strict-transport-security': 'max-age=631138519',
    'x-response-time': '12',
    'x-connection-hash': '1bfc874a2115fbb642d157c47670b332e8a63bd01d06227b6bdb7f660da14d32',
    connection: 'close'
  },
  rateLimit: { limit: 40000, remaining: 39998, reset: 1730182501 },
  data: {
    client_id: '29231084',
    detail: 'When authenticating requests to the Twitter API v2 endpoints, you must use keys and tokens from a Twitter developer App that is attached to a Project. You can create a project via the developer portal.',
    registration_url: 'https://developer.twitter.com/en/docs/projects/overview',
    title: 'Client Forbidden',
    required_enrollment: 'Appropriate Level of API Access',
    reason: 'client-not-enrolled',
    type: 'https://api.twitter.com/2/problems/client-forbidden'
  }
}
Error fetching tweets: ApiResponseError: Request failed with code 403
    at RequestHandlerHelper.createResponseError (/home/ubuntu/apps/gotravel/node_modules/twitter-api-v2/dist/cjs/client-mixins/request-handler.helper.js:104:16)
    at RequestHandlerHelper.onResponseEndHandler (/home/ubuntu/apps/gotravel/node_modules/twitter-api-v2/dist/cjs/client-mixins/request-handler.helper.js:262:25)
    at Gunzip.emit (node:events:517:28)
    at endReadableNT (node:internal/streams/readable:1400:12)
    at process.processTicksAndRejections (node:internal/process/task_queues:82:21) {
  error: true,
  type: 'response',
  code: 403,
  headers: {
    date: 'Wed, 30 Oct 2024 06:00:03 UTC',
    perf: '7402827104',
    server: 'tsa_b',
    'set-cookie': [
      'guest_id=v1%3A173026800300098015; Max-Age=34214400; Expires=Sun, 30 Nov 2025 06:00:03 GMT; Path=/; Domain=.twitter.com; Secure; SameSite=None'
    ],
    'api-version': '2.113',
    'content-type': 'application/json; charset=utf-8',
    'cache-control': 'no-cache, no-store, max-age=0',
    'content-length': '328',
    'x-access-level': 'read',
    'x-frame-options': 'SAMEORIGIN',
    'content-encoding': 'gzip',
    'x-transaction-id': 'dffb2c82c18fab17',
    'x-xss-protection': '0',
    'x-rate-limit-limit': '40000',
    'x-rate-limit-reset': '1730268902',
    'content-disposition': 'attachment; filename=json.json',
    'x-content-type-options': 'nosniff',
    'x-rate-limit-remaining': '39998',
    'strict-transport-security': 'max-age=631138519',
    'x-response-time': '11',
    'x-connection-hash': 'f2066e67e1850a31372775acda4724b1cad5846859e8463074bfcb264159a0bd',
    connection: 'close'
  },
  rateLimit: { limit: 40000, remaining: 39998, reset: 1730268902 },
  data: {
    client_id: '29231084',
    detail: 'When authenticating requests to the Twitter API v2 endpoints, you must use keys and tokens from a Twitter developer App that is attached to a Project. You can create a project via the developer portal.',
    registration_url: 'https://developer.twitter.com/en/docs/projects/overview',
    title: 'Client Forbidden',
    required_enrollment: 'Appropriate Level of API Access',
    reason: 'client-not-enrolled',
    type: 'https://api.twitter.com/2/problems/client-forbidden'
  }
}
Error fetching tweets: ApiResponseError: Request failed with code 403
    at RequestHandlerHelper.createResponseError (/home/ubuntu/apps/gotravel/node_modules/twitter-api-v2/dist/cjs/client-mixins/request-handler.helper.js:104:16)
    at RequestHandlerHelper.onResponseEndHandler (/home/ubuntu/apps/gotravel/node_modules/twitter-api-v2/dist/cjs/client-mixins/request-handler.helper.js:262:25)
    at Gunzip.emit (node:events:517:28)
    at endReadableNT (node:internal/streams/readable:1400:12)
    at process.processTicksAndRejections (node:internal/process/task_queues:82:21) {
  error: true,
  type: 'response',
  code: 403,
  headers: {
    date: 'Thu, 31 Oct 2024 06:00:02 UTC',
    perf: '7402827104',
    server: 'tsa_b',
    'set-cookie': [
      'guest_id=v1%3A173035440272585098; Max-Age=34214400; Expires=Mon, 01 Dec 2025 06:00:02 GMT; Path=/; Domain=.twitter.com; Secure; SameSite=None'
    ],
    'api-version': '2.113',
    'content-type': 'application/json; charset=utf-8',
    'cache-control': 'no-cache, no-store, max-age=0',
    'content-length': '328',
    'x-access-level': 'read',
    'x-frame-options': 'SAMEORIGIN',
    'content-encoding': 'gzip',
    'x-transaction-id': '6937590f24e4178f',
    'x-xss-protection': '0',
    'x-rate-limit-limit': '40000',
    'x-rate-limit-reset': '1730355302',
    'content-disposition': 'attachment; filename=json.json',
    'x-content-type-options': 'nosniff',
    'x-rate-limit-remaining': '39999',
    'strict-transport-security': 'max-age=631138519',
    'x-response-time': '11',
    'x-connection-hash': 'a90f49ead56d47badd4ce8e64faba5d07d3147fbcb89670b1e2eeffaad43825e',
    connection: 'close'
  },
  rateLimit: { limit: 40000, remaining: 39999, reset: 1730355302 },
  data: {
    client_id: '29231084',
    detail: 'When authenticating requests to the Twitter API v2 endpoints, you must use keys and tokens from a Twitter developer App that is attached to a Project. You can create a project via the developer portal.',
    registration_url: 'https://developer.twitter.com/en/docs/projects/overview',
    title: 'Client Forbidden',
    required_enrollment: 'Appropriate Level of API Access',
    reason: 'client-not-enrolled',
    type: 'https://api.twitter.com/2/problems/client-forbidden'
  }
}
Error fetching tweets: ApiResponseError: Request failed with code 429
    at RequestHandlerHelper.createResponseError (/home/ubuntu/apps/gotravel/node_modules/twitter-api-v2/dist/cjs/client-mixins/request-handler.helper.js:104:16)
    at RequestHandlerHelper.onResponseEndHandler (/home/ubuntu/apps/gotravel/node_modules/twitter-api-v2/dist/cjs/client-mixins/request-handler.helper.js:262:25)
    at Gunzip.emit (node:events:517:28)
    at endReadableNT (node:internal/streams/readable:1400:12)
    at process.processTicksAndRejections (node:internal/process/task_queues:82:21) {
  error: true,
  type: 'response',
  code: 429,
  headers: {
    date: 'Fri, 01 Nov 2024 06:00:03 UTC',
    perf: '7402827104',
    server: 'tsa_b',
    'set-cookie': [
      'guest_id=v1%3A173044080353737511; Max-Age=34214400; Expires=Tue, 02 Dec 2025 06:00:03 GMT; Path=/; Domain=.twitter.com; Secure; SameSite=None'
    ],
    'api-version': '2.114',
    'content-type': 'application/json; charset=utf-8',
    'cache-control': 'no-cache, no-store, max-age=0',
    'content-length': '94',
    'x-access-level': 'read',
    'x-frame-options': 'SAMEORIGIN',
    'content-encoding': 'gzip',
    'x-transaction-id': '5cfbd7eb27e4da2f',
    'x-xss-protection': '0',
    'x-rate-limit-limit': '1',
    'x-rate-limit-reset': '1730441703',
    'content-disposition': 'attachment; filename=json.json',
    'x-content-type-options': 'nosniff',
    'x-rate-limit-remaining': '0',
    'strict-transport-security': 'max-age=631138519',
    'x-response-time': '9',
    'x-connection-hash': 'e3edb44d85826bef545a8fdd6ef7d092d3273938c0abcd760222a6b4505c49c8',
    connection: 'close'
  },
  rateLimit: { limit: 1, remaining: 0, reset: 1730441703 },
  data: {
    title: 'Too Many Requests',
    detail: 'Too Many Requests',
    type: 'about:blank',
    status: 429
  }
}
Error fetching tweets: ApiResponseError: Request failed with code 429
    at RequestHandlerHelper.createResponseError (/home/ubuntu/apps/gotravel/node_modules/twitter-api-v2/dist/cjs/client-mixins/request-handler.helper.js:104:16)
    at RequestHandlerHelper.onResponseEndHandler (/home/ubuntu/apps/gotravel/node_modules/twitter-api-v2/dist/cjs/client-mixins/request-handler.helper.js:262:25)
    at Gunzip.emit (node:events:517:28)
    at endReadableNT (node:internal/streams/readable:1400:12)
    at process.processTicksAndRejections (node:internal/process/task_queues:82:21) {
  error: true,
  type: 'response',
  code: 429,
  headers: {
    date: 'Sat, 02 Nov 2024 06:00:03 UTC',
    perf: '7402827104',
    server: 'tsa_b',
    'set-cookie': [
      'guest_id=v1%3A173052720339948534; Max-Age=34214400; Expires=Wed, 03 Dec 2025 06:00:03 GMT; Path=/; Domain=.twitter.com; Secure; SameSite=None'
    ],
    'api-version': '2.114',
    'content-type': 'application/json; charset=utf-8',
    'cache-control': 'no-cache, no-store, max-age=0',
    'content-length': '94',
    'x-access-level': 'read',
    'x-frame-options': 'SAMEORIGIN',
    'content-encoding': 'gzip',
    'x-transaction-id': '3db02eecd7a199ba',
    'x-xss-protection': '0',
    'x-rate-limit-limit': '1',
    'x-rate-limit-reset': '1730528103',
    'content-disposition': 'attachment; filename=json.json',
    'x-content-type-options': 'nosniff',
    'x-rate-limit-remaining': '0',
    'strict-transport-security': 'max-age=631138519',
    'x-response-time': '9',
    'x-connection-hash': '7484d8da4f9e0c616881cc78d3a3bc10c83f72c3a02c5ec7790f4353efb8b62c',
    connection: 'close'
  },
  rateLimit: { limit: 1, remaining: 0, reset: 1730528103 },
  data: {
    title: 'Too Many Requests',
    detail: 'Too Many Requests',
    type: 'about:blank',
    status: 429
  }
}
Error fetching tweets: ApiResponseError: Request failed with code 503
    at RequestHandlerHelper.createResponseError (/home/ubuntu/apps/gotravel/node_modules/twitter-api-v2/dist/cjs/client-mixins/request-handler.helper.js:104:16)
    at RequestHandlerHelper.onResponseEndHandler (/home/ubuntu/apps/gotravel/node_modules/twitter-api-v2/dist/cjs/client-mixins/request-handler.helper.js:262:25)
    at Gunzip.emit (node:events:517:28)
    at endReadableNT (node:internal/streams/readable:1400:12)
    at process.processTicksAndRejections (node:internal/process/task_queues:82:21) {
  error: true,
  type: 'response',
  code: 503,
  headers: {
    date: 'Sun, 03 Nov 2024 06:00:02 UTC',
    perf: '7402827104',
    server: 'tsa_b',
    'set-cookie': [
      'guest_id=v1%3A173061360267874625; Max-Age=34214400; Expires=Thu, 04 Dec 2025 06:00:02 GMT; Path=/; Domain=.twitter.com; Secure; SameSite=None'
    ],
    'api-version': '2.114',
    'content-type': 'application/json; charset=utf-8',
    'cache-control': 'no-cache, no-store, max-age=0',
    'content-length': '94',
    'x-access-level': 'read',
    'x-frame-options': 'SAMEORIGIN',
    'content-encoding': 'gzip',
    'x-transaction-id': 'e90783a8142d4e1a',
    'x-xss-protection': '0',
    'x-rate-limit-limit': '1',
    'x-rate-limit-reset': '1730614502',
    'content-disposition': 'attachment; filename=json.json',
    'x-content-type-options': 'nosniff',
    'x-rate-limit-remaining': '0',
    'strict-transport-security': 'max-age=631138519',
    'x-response-time': '22',
    'x-connection-hash': '027612ff7fd1a8235f0ac1df8d6c9621784217dd2a430287381b4d9b74a0a21e',
    connection: 'close'
  },
  rateLimit: { limit: 1, remaining: 0, reset: 1730614502 },
  data: {
    title: 'Service Unavailable',
    detail: 'Service Unavailable',
    type: 'about:blank',
    status: 503
  }
}
Error fetching tweets: ApiResponseError: Request failed with code 429
    at RequestHandlerHelper.createResponseError (/home/ubuntu/apps/gotravel/node_modules/twitter-api-v2/dist/cjs/client-mixins/request-handler.helper.js:104:16)
    at RequestHandlerHelper.onResponseEndHandler (/home/ubuntu/apps/gotravel/node_modules/twitter-api-v2/dist/cjs/client-mixins/request-handler.helper.js:262:25)
    at Gunzip.emit (node:events:517:28)
    at endReadableNT (node:internal/streams/readable:1400:12)
    at process.processTicksAndRejections (node:internal/process/task_queues:82:21) {
  error: true,
  type: 'response',
  code: 429,
  headers: {
    date: 'Mon, 04 Nov 2024 06:00:02 UTC',
    perf: '7402827104',
    server: 'tsa_b',
    'set-cookie': [
      'guest_id=v1%3A173070000296110583; Max-Age=34214400; Expires=Fri, 05 Dec 2025 06:00:02 GMT; Path=/; Domain=.twitter.com; Secure; SameSite=None'
    ],
    'api-version': '2.114',
    'content-type': 'application/json; charset=utf-8',
    'cache-control': 'no-cache, no-store, max-age=0',
    'content-length': '94',
    'x-access-level': 'read',
    'x-frame-options': 'SAMEORIGIN',
    'content-encoding': 'gzip',
    'x-transaction-id': 'db88f7893bbbb9c2',
    'x-xss-protection': '0',
    'x-rate-limit-limit': '1',
    'x-rate-limit-reset': '1730700902',
    'content-disposition': 'attachment; filename=json.json',
    'x-content-type-options': 'nosniff',
    'x-rate-limit-remaining': '0',
    'strict-transport-security': 'max-age=631138519',
    'x-response-time': '10',
    'x-connection-hash': 'c8c41c37e71ea0dc4b0cfb87ef58d4a57097f545ccc5eb998b143beb61138884',
    connection: 'close'
  },
  rateLimit: { limit: 1, remaining: 0, reset: 1730700902 },
  data: {
    title: 'Too Many Requests',
    detail: 'Too Many Requests',
    type: 'about:blank',
    status: 429
  }
}
Error fetching tweets: ApiResponseError: Request failed with code 503
    at RequestHandlerHelper.createResponseError (/home/ubuntu/apps/gotravel/node_modules/twitter-api-v2/dist/cjs/client-mixins/request-handler.helper.js:104:16)
    at RequestHandlerHelper.onResponseEndHandler (/home/ubuntu/apps/gotravel/node_modules/twitter-api-v2/dist/cjs/client-mixins/request-handler.helper.js:262:25)
    at Gunzip.emit (node:events:517:28)
    at endReadableNT (node:internal/streams/readable:1400:12)
    at process.processTicksAndRejections (node:internal/process/task_queues:82:21) {
  error: true,
  type: 'response',
  code: 503,
  headers: {
    date: 'Tue, 05 Nov 2024 06:00:02 UTC',
    perf: '7402827104',
    server: 'tsa_b',
    'set-cookie': [
      'guest_id=v1%3A173078640246929429; Max-Age=34214400; Expires=Sat, 06 Dec 2025 06:00:02 GMT; Path=/; Domain=.twitter.com; Secure; SameSite=None'
    ],
    'api-version': '2.114',
    'content-type': 'application/json; charset=utf-8',
    'cache-control': 'no-cache, no-store, max-age=0',
    'content-length': '94',
    'x-access-level': 'read',
    'x-frame-options': 'SAMEORIGIN',
    'content-encoding': 'gzip',
    'x-transaction-id': 'acd771674378f77b',
    'x-xss-protection': '0',
    'x-rate-limit-limit': '1',
    'x-rate-limit-reset': '1730787302',
    'content-disposition': 'attachment; filename=json.json',
    'x-content-type-options': 'nosniff',
    'x-rate-limit-remaining': '0',
    'strict-transport-security': 'max-age=631138519',
    'x-response-time': '24',
    'x-connection-hash': 'f6d5a8c3a12493b0d035d1ab7019d5f9f46860a6bd6748cb2e140a77518528bf',
    connection: 'close'
  },
  rateLimit: { limit: 1, remaining: 0, reset: 1730787302 },
  data: {
    title: 'Service Unavailable',
    detail: 'Service Unavailable',
    type: 'about:blank',
    status: 503
  }
}
Error fetching tweets: ApiResponseError: Request failed with code 503
    at RequestHandlerHelper.createResponseError (/home/ubuntu/apps/gotravel/node_modules/twitter-api-v2/dist/cjs/client-mixins/request-handler.helper.js:104:16)
    at RequestHandlerHelper.onResponseEndHandler (/home/ubuntu/apps/gotravel/node_modules/twitter-api-v2/dist/cjs/client-mixins/request-handler.helper.js:262:25)
    at Gunzip.emit (node:events:517:28)
    at endReadableNT (node:internal/streams/readable:1400:12)
    at process.processTicksAndRejections (node:internal/process/task_queues:82:21) {
  error: true,
  type: 'response',
  code: 503,
  headers: {
    date: 'Wed, 06 Nov 2024 06:00:02 UTC',
    perf: '7402827104',
    server: 'tsa_b',
    'set-cookie': [
      'guest_id=v1%3A173087280274454444; Max-Age=34214400; Expires=Sun, 07 Dec 2025 06:00:02 GMT; Path=/; Domain=.twitter.com; Secure; SameSite=None'
    ],
    'api-version': '2.114',
    'content-type': 'application/json; charset=utf-8',
    'cache-control': 'no-cache, no-store, max-age=0',
    'content-length': '94',
    'x-access-level': 'read',
    'x-frame-options': 'SAMEORIGIN',
    'content-encoding': 'gzip',
    'x-transaction-id': '3bf1d1c9e2787750',
    'x-xss-protection': '0',
    'x-rate-limit-limit': '1',
    'x-rate-limit-reset': '1730873702',
    'content-disposition': 'attachment; filename=json.json',
    'x-content-type-options': 'nosniff',
    'x-rate-limit-remaining': '0',
    'strict-transport-security': 'max-age=631138519',
    'x-response-time': '28',
    'x-connection-hash': 'eb4437d7e74f2cfe3126d42dd74da27b385956c40ed04cc2a9ea3298c18257c3',
    connection: 'close'
  },
  rateLimit: { limit: 1, remaining: 0, reset: 1730873702 },
  data: {
    title: 'Service Unavailable',
    detail: 'Service Unavailable',
    type: 'about:blank',
    status: 503
  }
}
Fetched 20 tweets, added 20 unique tweets.
Updated tweets file with 20 tweets.
Tweets saved to public/tweets.json
Attempting to clear remote tweet cache...
Clear cache status: 200
Clear cache headers: {"connection":["close"],"content-type":["application/json"],"date":["Thu, 07 Nov 2024 06:00:01 GMT"],"server":["nginx/1.18.0 (Ubuntu)"],"transfer-encoding":["chunked"],"vary":["RSC, Next-Router-State-Tree, Next-Router-Prefetch"]}
Clear cache response: {"message":"Cache cleared successfully"}
Remote tweet cache cleared successfully
Updating local cache indicator...
Local cache version updated to 11
Fetched 20 tweets, added 20 unique tweets.
Updated tweets file with 20 tweets.
Tweets saved to public/tweets.json
Attempting to clear remote tweet cache...
Clear cache status: 200
Clear cache headers: {"connection":["close"],"content-type":["application/json"],"date":["Fri, 08 Nov 2024 06:00:02 GMT"],"server":["nginx/1.18.0 (Ubuntu)"],"transfer-encoding":["chunked"],"vary":["RSC, Next-Router-State-Tree, Next-Router-Prefetch"]}
Clear cache response: {"message":"Cache cleared successfully"}
Remote tweet cache cleared successfully
Updating local cache indicator...
Local cache version updated to 12
Fetched 20 tweets, added 18 unique tweets.
Updated tweets file with 20 tweets.
Tweets saved to public/tweets.json
Attempting to clear remote tweet cache...
Clear cache status: 200
Clear cache headers: {"connection":["close"],"content-type":["application/json"],"date":["Sat, 09 Nov 2024 06:00:01 GMT"],"server":["nginx/1.18.0 (Ubuntu)"],"transfer-encoding":["chunked"],"vary":["RSC, Next-Router-State-Tree, Next-Router-Prefetch"]}
Clear cache response: {"message":"Cache cleared successfully"}
Remote tweet cache cleared successfully
Updating local cache indicator...
Local cache version updated to 13
Fetched 20 tweets, added 20 unique tweets.
Updated tweets file with 20 tweets.
Tweets saved to public/tweets.json
Attempting to clear remote tweet cache...
Clear cache status: 200
Clear cache headers: {"connection":["close"],"content-type":["application/json"],"date":["Sun, 10 Nov 2024 06:00:02 GMT"],"server":["nginx/1.18.0 (Ubuntu)"],"transfer-encoding":["chunked"],"vary":["RSC, Next-Router-State-Tree, Next-Router-Prefetch"]}
Clear cache response: {"message":"Cache cleared successfully"}
Remote tweet cache cleared successfully
Updating local cache indicator...
Local cache version updated to 14
Error fetching tweets: ApiResponseError: Request failed with code 429
    at RequestHandlerHelper.createResponseError (/home/ubuntu/apps/gotravel/node_modules/twitter-api-v2/dist/cjs/client-mixins/request-handler.helper.js:104:16)
    at RequestHandlerHelper.onResponseEndHandler (/home/ubuntu/apps/gotravel/node_modules/twitter-api-v2/dist/cjs/client-mixins/request-handler.helper.js:262:25)
    at Gunzip.emit (node:events:517:28)
    at endReadableNT (node:internal/streams/readable:1400:12)
    at process.processTicksAndRejections (node:internal/process/task_queues:82:21) {
  error: true,
  type: 'response',
  code: 429,
  headers: {
    date: 'Mon, 11 Nov 2024 06:00:02 UTC',
    perf: '7402827104',
    server: 'tsa_b',
    'set-cookie': [
      'guest_id=v1%3A173130480225818524; Max-Age=34214400; Expires=Fri, 12 Dec 2025 06:00:02 GMT; Path=/; Domain=.twitter.com; Secure; SameSite=None'
    ],
    'api-version': '2.114',
    'content-type': 'application/json; charset=utf-8',
    'cache-control': 'no-cache, no-store, max-age=0',
    'content-length': '94',
    'x-access-level': 'read',
    'x-frame-options': 'SAMEORIGIN',
    'content-encoding': 'gzip',
    'x-transaction-id': '09f94195ce255cd3',
    'x-xss-protection': '0',
    'x-rate-limit-limit': '1',
    'x-rate-limit-reset': '1731305702',
    'content-disposition': 'attachment; filename=json.json',
    'x-content-type-options': 'nosniff',
    'x-rate-limit-remaining': '0',
    'strict-transport-security': 'max-age=631138519',
    'x-response-time': '86',
    'x-connection-hash': '868e602d36d53de34fceab4204463e9ea765ac10c69e5c9ef614bfb1e89c9d94',
    connection: 'close'
  },
  rateLimit: { limit: 1, remaining: 0, reset: 1731305702 },
  data: {
    title: 'Too Many Requests',
    detail: 'Too Many Requests',
    type: 'about:blank',
    status: 429
  }
}
Fetched 20 tweets, added 0 unique tweets.
Updated tweets file with 20 tweets.
Tweets saved to public/tweets.json
Attempting to clear remote tweet cache...
Clear cache status: 200
Clear cache headers: {"connection":["close"],"content-type":["application/json"],"date":["Tue, 12 Nov 2024 06:00:02 GMT"],"server":["nginx/1.18.0 (Ubuntu)"],"transfer-encoding":["chunked"],"vary":["RSC, Next-Router-State-Tree, Next-Router-Prefetch"]}
Clear cache response: {"message":"Cache cleared successfully"}
Remote tweet cache cleared successfully
Updating local cache indicator...
Local cache version updated to 18
Error fetching tweets: ApiResponseError: Request failed with code 429
    at RequestHandlerHelper.createResponseError (/home/ubuntu/apps/gotravel/node_modules/twitter-api-v2/dist/cjs/client-mixins/request-handler.helper.js:104:16)
    at RequestHandlerHelper.onResponseEndHandler (/home/ubuntu/apps/gotravel/node_modules/twitter-api-v2/dist/cjs/client-mixins/request-handler.helper.js:262:25)
    at Gunzip.emit (node:events:517:28)
    at endReadableNT (node:internal/streams/readable:1400:12)
    at process.processTicksAndRejections (node:internal/process/task_queues:82:21) {
  error: true,
  type: 'response',
  code: 429,
  headers: {
    date: 'Wed, 13 Nov 2024 06:00:01 UTC',
    perf: '7402827104',
    server: 'tsa_b',
    'set-cookie': [
      'guest_id=v1%3A173147760150588328; Max-Age=34214400; Expires=Sun, 14 Dec 2025 06:00:01 GMT; Path=/; Domain=.twitter.com; Secure; SameSite=None'
    ],
    'api-version': '2.114',
    'content-type': 'application/json; charset=utf-8',
    'cache-control': 'no-cache, no-store, max-age=0',
    'content-length': '196',
    'x-access-level': 'read',
    'x-frame-options': 'SAMEORIGIN',
    'content-encoding': 'gzip',
    'x-transaction-id': '366fc28e9a327b49',
    'x-xss-protection': '0',
    'x-rate-limit-limit': '40000',
    'x-rate-limit-reset': '1731478501',
    'content-disposition': 'attachment; filename=json.json',
    'x-content-type-options': 'nosniff',
    'x-rate-limit-remaining': '39998',
    'strict-transport-security': 'max-age=631138519',
    'x-response-time': '17',
    'x-connection-hash': '6f74ec0d2b0dc80701eeb1d52f14ca2ee76a939b600f85bb9a018ff19522457e',
    connection: 'close'
  },
  rateLimit: { limit: 40000, remaining: 39998, reset: 1731478501 },
  data: {
    account_id: 1821227857097715700,
    product_name: 'standard-basic',
    title: 'UsageCapExceeded',
    period: 'Monthly',
    scope: 'Product',
    detail: 'Usage cap exceeded: Monthly product cap',
    type: 'https://api.twitter.com/2/problems/usage-capped'
  }
}
Error fetching tweets: ApiResponseError: Request failed with code 429
    at RequestHandlerHelper.createResponseError (/home/ubuntu/apps/gotravel/node_modules/twitter-api-v2/dist/cjs/client-mixins/request-handler.helper.js:104:16)
    at RequestHandlerHelper.onResponseEndHandler (/home/ubuntu/apps/gotravel/node_modules/twitter-api-v2/dist/cjs/client-mixins/request-handler.helper.js:262:25)
    at Gunzip.emit (node:events:517:28)
    at endReadableNT (node:internal/streams/readable:1400:12)
    at process.processTicksAndRejections (node:internal/process/task_queues:82:21) {
  error: true,
  type: 'response',
  code: 429,
  headers: {
    date: 'Thu, 14 Nov 2024 06:00:02 UTC',
    perf: '7402827104',
    server: 'tsa_b',
    'set-cookie': [
      'guest_id=v1%3A173156400205729605; Max-Age=34214400; Expires=Mon, 15 Dec 2025 06:00:02 GMT; Path=/; Domain=.twitter.com; Secure; SameSite=None'
    ],
    'api-version': '2.114',
    'content-type': 'application/json; charset=utf-8',
    'cache-control': 'no-cache, no-store, max-age=0',
    'content-length': '196',
    'x-access-level': 'read',
    'x-frame-options': 'SAMEORIGIN',
    'content-encoding': 'gzip',
    'x-transaction-id': '6b77e145eb19e793',
    'x-xss-protection': '0',
    'x-rate-limit-limit': '40000',
    'x-rate-limit-reset': '1731564902',
    'content-disposition': 'attachment; filename=json.json',
    'x-content-type-options': 'nosniff',
    'x-rate-limit-remaining': '39999',
    'strict-transport-security': 'max-age=631138519',
    'x-response-time': '16',
    'x-connection-hash': '643a3bd70bf6a6c513abfd45955c451a01c7133643003b669697a4fefa251705',
    connection: 'close'
  },
  rateLimit: { limit: 40000, remaining: 39999, reset: 1731564902 },
  data: {
    account_id: 1821227857097715700,
    product_name: 'standard-basic',
    title: 'UsageCapExceeded',
    period: 'Monthly',
    scope: 'Product',
    detail: 'Usage cap exceeded: Monthly product cap',
    type: 'https://api.twitter.com/2/problems/usage-capped'
  }
}
Error fetching tweets: ApiResponseError: Request failed with code 429
    at RequestHandlerHelper.createResponseError (/home/ubuntu/apps/gotravel/node_modules/twitter-api-v2/dist/cjs/client-mixins/request-handler.helper.js:104:16)
    at RequestHandlerHelper.onResponseEndHandler (/home/ubuntu/apps/gotravel/node_modules/twitter-api-v2/dist/cjs/client-mixins/request-handler.helper.js:262:25)
    at Gunzip.emit (node:events:517:28)
    at endReadableNT (node:internal/streams/readable:1400:12)
    at process.processTicksAndRejections (node:internal/process/task_queues:82:21) {
  error: true,
  type: 'response',
  code: 429,
  headers: {
    date: 'Fri, 15 Nov 2024 06:00:01 UTC',
    perf: '7402827104',
    server: 'tsa_b',
    'set-cookie': [
      'guest_id=v1%3A173165040157783115; Max-Age=34214400; Expires=Tue, 16 Dec 2025 06:00:01 GMT; Path=/; Domain=.twitter.com; Secure; SameSite=None'
    ],
    'api-version': '2.114',
    'content-type': 'application/json; charset=utf-8',
    'cache-control': 'no-cache, no-store, max-age=0',
    'content-length': '196',
    'x-access-level': 'read',
    'x-frame-options': 'SAMEORIGIN',
    'content-encoding': 'gzip',
    'x-transaction-id': 'ef94c829322952e3',
    'x-xss-protection': '0',
    'x-rate-limit-limit': '40000',
    'x-rate-limit-reset': '1731651301',
    'content-disposition': 'attachment; filename=json.json',
    'x-content-type-options': 'nosniff',
    'x-rate-limit-remaining': '39999',
    'strict-transport-security': 'max-age=631138519',
    'x-response-time': '16',
    'x-connection-hash': '1d3e550f71b45767832a5e3e781254cbb00a41d1e7b5de0f1805655f6d71c6c8',
    connection: 'close'
  },
  rateLimit: { limit: 40000, remaining: 39999, reset: 1731651301 },
  data: {
    account_id: 1821227857097715700,
    product_name: 'standard-basic',
    title: 'UsageCapExceeded',
    period: 'Monthly',
    scope: 'Product',
    detail: 'Usage cap exceeded: Monthly product cap',
    type: 'https://api.twitter.com/2/problems/usage-capped'
  }
}
Error fetching tweets: ApiResponseError: Request failed with code 429
    at RequestHandlerHelper.createResponseError (/home/ubuntu/apps/gotravel/node_modules/twitter-api-v2/dist/cjs/client-mixins/request-handler.helper.js:104:16)
    at RequestHandlerHelper.onResponseEndHandler (/home/ubuntu/apps/gotravel/node_modules/twitter-api-v2/dist/cjs/client-mixins/request-handler.helper.js:262:25)
    at Gunzip.emit (node:events:517:28)
    at endReadableNT (node:internal/streams/readable:1400:12)
    at process.processTicksAndRejections (node:internal/process/task_queues:82:21) {
  error: true,
  type: 'response',
  code: 429,
  headers: {
    date: 'Sat, 16 Nov 2024 06:00:01 UTC',
    perf: '7402827104',
    server: 'tsa_b',
    'set-cookie': [
      'guest_id=v1%3A173173680170317594; Max-Age=34214400; Expires=Wed, 17 Dec 2025 06:00:01 GMT; Path=/; Domain=.twitter.com; Secure; SameSite=None'
    ],
    'api-version': '2.114',
    'content-type': 'application/json; charset=utf-8',
    'cache-control': 'no-cache, no-store, max-age=0',
    'content-length': '196',
    'x-access-level': 'read',
    'x-frame-options': 'SAMEORIGIN',
    'content-encoding': 'gzip',
    'x-transaction-id': 'b7f0c7019ac27382',
    'x-xss-protection': '0',
    'x-rate-limit-limit': '40000',
    'x-rate-limit-reset': '1731737701',
    'content-disposition': 'attachment; filename=json.json',
    'x-content-type-options': 'nosniff',
    'x-rate-limit-remaining': '39999',
    'strict-transport-security': 'max-age=631138519',
    'x-response-time': '19',
    'x-connection-hash': '6a98285e964a211a4e2ef146813e327f0882781ed5d2cd45e78e67e57badab5c',
    connection: 'close'
  },
  rateLimit: { limit: 40000, remaining: 39999, reset: 1731737701 },
  data: {
    account_id: 1821227857097715700,
    product_name: 'standard-basic',
    title: 'UsageCapExceeded',
    period: 'Monthly',
    scope: 'Product',
    detail: 'Usage cap exceeded: Monthly product cap',
    type: 'https://api.twitter.com/2/problems/usage-capped'
  }
}
Error fetching tweets: ApiResponseError: Request failed with code 429
    at RequestHandlerHelper.createResponseError (/home/ubuntu/apps/gotravel/node_modules/twitter-api-v2/dist/cjs/client-mixins/request-handler.helper.js:104:16)
    at RequestHandlerHelper.onResponseEndHandler (/home/ubuntu/apps/gotravel/node_modules/twitter-api-v2/dist/cjs/client-mixins/request-handler.helper.js:262:25)
    at Gunzip.emit (node:events:517:28)
    at endReadableNT (node:internal/streams/readable:1400:12)
    at process.processTicksAndRejections (node:internal/process/task_queues:82:21) {
  error: true,
  type: 'response',
  code: 429,
  headers: {
    date: 'Sun, 17 Nov 2024 06:00:02 UTC',
    perf: '7402827104',
    server: 'tsa_b',
    'set-cookie': [
      'guest_id=v1%3A173182320226958803; Max-Age=34214400; Expires=Thu, 18 Dec 2025 06:00:02 GMT; Path=/; Domain=.twitter.com; Secure; SameSite=None'
    ],
    'api-version': '2.114',
    'content-type': 'application/json; charset=utf-8',
    'cache-control': 'no-cache, no-store, max-age=0',
    'content-length': '94',
    'x-access-level': 'read',
    'x-frame-options': 'SAMEORIGIN',
    'content-encoding': 'gzip',
    'x-transaction-id': 'c68114c6c56c010d',
    'x-xss-protection': '0',
    'x-rate-limit-limit': '1',
    'x-rate-limit-reset': '1731824102',
    'content-disposition': 'attachment; filename=json.json',
    'x-content-type-options': 'nosniff',
    'x-rate-limit-remaining': '0',
    'strict-transport-security': 'max-age=631138519',
    'x-response-time': '14',
    'x-connection-hash': '2e83da221c8acdc599fbf344246ce2e0dc4188621ff1cea7e9406cec2f0262c4',
    connection: 'close'
  },
  rateLimit: { limit: 1, remaining: 0, reset: 1731824102 },
  data: {
    title: 'Too Many Requests',
    detail: 'Too Many Requests',
    type: 'about:blank',
    status: 429
  }
}
Error fetching tweets: ApiResponseError: Request failed with code 429
    at RequestHandlerHelper.createResponseError (/home/ubuntu/apps/gotravel/node_modules/twitter-api-v2/dist/cjs/client-mixins/request-handler.helper.js:104:16)
    at RequestHandlerHelper.onResponseEndHandler (/home/ubuntu/apps/gotravel/node_modules/twitter-api-v2/dist/cjs/client-mixins/request-handler.helper.js:262:25)
    at Gunzip.emit (node:events:517:28)
    at endReadableNT (node:internal/streams/readable:1400:12)
    at process.processTicksAndRejections (node:internal/process/task_queues:82:21) {
  error: true,
  type: 'response',
  code: 429,
  headers: {
    date: 'Mon, 18 Nov 2024 06:00:02 UTC',
    perf: '7402827104',
    server: 'tsa_b',
    'set-cookie': [
      'guest_id=v1%3A173190960235876300; Max-Age=34214400; Expires=Fri, 19 Dec 2025 06:00:02 GMT; Path=/; Domain=.twitter.com; Secure; SameSite=None'
    ],
    'api-version': '2.114',
    'content-type': 'application/json; charset=utf-8',
    'cache-control': 'no-cache, no-store, max-age=0',
    'content-length': '94',
    'x-access-level': 'read',
    'x-frame-options': 'SAMEORIGIN',
    'content-encoding': 'gzip',
    'x-transaction-id': '796371b5735cc24e',
    'x-xss-protection': '0',
    'x-rate-limit-limit': '1',
    'x-rate-limit-reset': '1731910502',
    'content-disposition': 'attachment; filename=json.json',
    'x-content-type-options': 'nosniff',
    'x-rate-limit-remaining': '0',
    'strict-transport-security': 'max-age=631138519',
    'x-response-time': '11',
    'x-connection-hash': '27eb75c67cb594bed0f83f49dbf52ec354ffae7eec3b69b3ca65008c36cefda0',
    connection: 'close'
  },
  rateLimit: { limit: 1, remaining: 0, reset: 1731910502 },
  data: {
    title: 'Too Many Requests',
    detail: 'Too Many Requests',
    type: 'about:blank',
    status: 429
  }
}
Error fetching tweets: ApiResponseError: Request failed with code 429
    at RequestHandlerHelper.createResponseError (/home/ubuntu/apps/gotravel/node_modules/twitter-api-v2/dist/cjs/client-mixins/request-handler.helper.js:104:16)
    at RequestHandlerHelper.onResponseEndHandler (/home/ubuntu/apps/gotravel/node_modules/twitter-api-v2/dist/cjs/client-mixins/request-handler.helper.js:262:25)
    at Gunzip.emit (node:events:517:28)
    at endReadableNT (node:internal/streams/readable:1400:12)
    at process.processTicksAndRejections (node:internal/process/task_queues:82:21) {
  error: true,
  type: 'response',
  code: 429,
  headers: {
    date: 'Tue, 19 Nov 2024 06:00:01 UTC',
    perf: '7402827104',
    server: 'tsa_b',
    'set-cookie': [
      'guest_id=v1%3A173199600150770143; Max-Age=34214400; Expires=Sat, 20 Dec 2025 06:00:01 GMT; Path=/; Domain=.twitter.com; Secure; SameSite=None'
    ],
    'api-version': '2.114',
    'content-type': 'application/json; charset=utf-8',
    'cache-control': 'no-cache, no-store, max-age=0',
    'content-length': '94',
    'x-access-level': 'read',
    'x-frame-options': 'SAMEORIGIN',
    'content-encoding': 'gzip',
    'x-transaction-id': '25fcf08ced8f93d8',
    'x-xss-protection': '0',
    'x-rate-limit-limit': '1',
    'x-rate-limit-reset': '1731996901',
    'content-disposition': 'attachment; filename=json.json',
    'x-content-type-options': 'nosniff',
    'x-rate-limit-remaining': '0',
    'strict-transport-security': 'max-age=631138519',
    'x-response-time': '9',
    'x-connection-hash': 'e990a859fb0006d21bee5562fdf3e351b7e8fd5996bc445e0f00e127a7ea8c16',
    connection: 'close'
  },
  rateLimit: { limit: 1, remaining: 0, reset: 1731996901 },
  data: {
    title: 'Too Many Requests',
    detail: 'Too Many Requests',
    type: 'about:blank',
    status: 429
  }
}
Error fetching tweets: ApiResponseError: Request failed with code 429
    at RequestHandlerHelper.createResponseError (/home/ubuntu/apps/gotravel/node_modules/twitter-api-v2/dist/cjs/client-mixins/request-handler.helper.js:104:16)
    at RequestHandlerHelper.onResponseEndHandler (/home/ubuntu/apps/gotravel/node_modules/twitter-api-v2/dist/cjs/client-mixins/request-handler.helper.js:262:25)
    at Gunzip.emit (node:events:517:28)
    at endReadableNT (node:internal/streams/readable:1400:12)
    at process.processTicksAndRejections (node:internal/process/task_queues:82:21) {
  error: true,
  type: 'response',
  code: 429,
  headers: {
    date: 'Wed, 20 Nov 2024 06:00:01 UTC',
    perf: '7402827104',
    server: 'tsa_b',
    'set-cookie': [
      'guest_id=v1%3A173208240153347990; Max-Age=34214400; Expires=Sun, 21 Dec 2025 06:00:01 GMT; Path=/; Domain=.twitter.com; Secure; SameSite=None'
    ],
    'api-version': '2.114',
    'content-type': 'application/json; charset=utf-8',
    'cache-control': 'no-cache, no-store, max-age=0',
    'content-length': '196',
    'x-access-level': 'read',
    'x-frame-options': 'SAMEORIGIN',
    'content-encoding': 'gzip',
    'x-transaction-id': '7b6f9cb3c270347f',
    'x-xss-protection': '0',
    'x-rate-limit-limit': '40000',
    'x-rate-limit-reset': '1732083301',
    'content-disposition': 'attachment; filename=json.json',
    'x-content-type-options': 'nosniff',
    'x-rate-limit-remaining': '39999',
    'strict-transport-security': 'max-age=631138519',
    'x-response-time': '18',
    'x-connection-hash': '22fdcc62b4664e364b1bac01108cb8808a61c04d3ee254d7354415476097ce40',
    connection: 'close'
  },
  rateLimit: { limit: 40000, remaining: 39999, reset: 1732083301 },
  data: {
    account_id: 1821227857097715700,
    product_name: 'standard-basic',
    title: 'UsageCapExceeded',
    period: 'Monthly',
    scope: 'Product',
    detail: 'Usage cap exceeded: Monthly product cap',
    type: 'https://api.twitter.com/2/problems/usage-capped'
  }
}
Error fetching tweets: ApiResponseError: Request failed with code 429
    at RequestHandlerHelper.createResponseError (/home/ubuntu/apps/gotravel/node_modules/twitter-api-v2/dist/cjs/client-mixins/request-handler.helper.js:104:16)
    at RequestHandlerHelper.onResponseEndHandler (/home/ubuntu/apps/gotravel/node_modules/twitter-api-v2/dist/cjs/client-mixins/request-handler.helper.js:262:25)
    at Gunzip.emit (node:events:517:28)
    at endReadableNT (node:internal/streams/readable:1400:12)
    at process.processTicksAndRejections (node:internal/process/task_queues:82:21) {
  error: true,
  type: 'response',
  code: 429,
  headers: {
    date: 'Thu, 21 Nov 2024 06:00:01 UTC',
    perf: '7402827104',
    server: 'tsa_b',
    'set-cookie': [
      'guest_id=v1%3A173216880193759004; Max-Age=34214400; Expires=Mon, 22 Dec 2025 06:00:01 GMT; Path=/; Domain=.twitter.com; Secure; SameSite=None'
    ],
    'api-version': '2.114',
    'content-type': 'application/json; charset=utf-8',
    'cache-control': 'no-cache, no-store, max-age=0',
    'content-length': '196',
    'x-access-level': 'read',
    'x-frame-options': 'SAMEORIGIN',
    'content-encoding': 'gzip',
    'x-transaction-id': '3f652f73f2a353db',
    'x-xss-protection': '0',
    'x-rate-limit-limit': '40000',
    'x-rate-limit-reset': '1732169701',
    'content-disposition': 'attachment; filename=json.json',
    'x-content-type-options': 'nosniff',
    'x-rate-limit-remaining': '39999',
    'strict-transport-security': 'max-age=631138519',
    'x-response-time': '17',
    'x-connection-hash': '01e7239c06ab862ad062e5ce1046e8f5fc34cafc0a8bf1cf2299352a06ca6c6c',
    connection: 'close'
  },
  rateLimit: { limit: 40000, remaining: 39999, reset: 1732169701 },
  data: {
    account_id: 1821227857097715700,
    product_name: 'standard-basic',
    title: 'UsageCapExceeded',
    period: 'Monthly',
    scope: 'Product',
    detail: 'Usage cap exceeded: Monthly product cap',
    type: 'https://api.twitter.com/2/problems/usage-capped'
  }
}
Error fetching tweets: ApiResponseError: Request failed with code 429
    at RequestHandlerHelper.createResponseError (/home/ubuntu/apps/gotravel/node_modules/twitter-api-v2/dist/cjs/client-mixins/request-handler.helper.js:104:16)
    at RequestHandlerHelper.onResponseEndHandler (/home/ubuntu/apps/gotravel/node_modules/twitter-api-v2/dist/cjs/client-mixins/request-handler.helper.js:262:25)
    at Gunzip.emit (node:events:517:28)
    at endReadableNT (node:internal/streams/readable:1400:12)
    at process.processTicksAndRejections (node:internal/process/task_queues:82:21) {
  error: true,
  type: 'response',
  code: 429,
  headers: {
    date: 'Fri, 22 Nov 2024 06:00:02 UTC',
    perf: '7402827104',
    server: 'tsa_b',
    'set-cookie': [
      'guest_id=v1%3A173225520265185194; Max-Age=34214400; Expires=Tue, 23 Dec 2025 06:00:02 GMT; Path=/; Domain=.twitter.com; Secure; SameSite=None'
    ],
    'api-version': '2.114',
    'content-type': 'application/json; charset=utf-8',
    'cache-control': 'no-cache, no-store, max-age=0',
    'content-length': '196',
    'x-access-level': 'read',
    'x-frame-options': 'SAMEORIGIN',
    'content-encoding': 'gzip',
    'x-transaction-id': '9b218924bdf472f6',
    'x-xss-protection': '0',
    'x-rate-limit-limit': '40000',
    'x-rate-limit-reset': '1732256102',
    'content-disposition': 'attachment; filename=json.json',
    'x-content-type-options': 'nosniff',
    'x-rate-limit-remaining': '39999',
    'strict-transport-security': 'max-age=631138519',
    'x-response-time': '16',
    'x-connection-hash': 'fca6bcde9b8f12968bcd099a1549d22c1cc33cebc01c940c8f49906aea259881',
    connection: 'close'
  },
  rateLimit: { limit: 40000, remaining: 39999, reset: 1732256102 },
  data: {
    account_id: 1821227857097715700,
    product_name: 'standard-basic',
    title: 'UsageCapExceeded',
    period: 'Monthly',
    scope: 'Product',
    detail: 'Usage cap exceeded: Monthly product cap',
    type: 'https://api.twitter.com/2/problems/usage-capped'
  }
}
Error fetching tweets: ApiResponseError: Request failed with code 429
    at RequestHandlerHelper.createResponseError (/home/ubuntu/apps/gotravel/node_modules/twitter-api-v2/dist/cjs/client-mixins/request-handler.helper.js:104:16)
    at RequestHandlerHelper.onResponseEndHandler (/home/ubuntu/apps/gotravel/node_modules/twitter-api-v2/dist/cjs/client-mixins/request-handler.helper.js:262:25)
    at Gunzip.emit (node:events:517:28)
    at endReadableNT (node:internal/streams/readable:1400:12)
    at process.processTicksAndRejections (node:internal/process/task_queues:82:21) {
  error: true,
  type: 'response',
  code: 429,
  headers: {
    date: 'Sat, 23 Nov 2024 06:00:03 UTC',
    perf: '7402827104',
    server: 'tsa_b',
    'set-cookie': [
      'guest_id=v1%3A173234160302469413; Max-Age=34214400; Expires=Wed, 24 Dec 2025 06:00:03 GMT; Path=/; Domain=.twitter.com; Secure; SameSite=None'
    ],
    'api-version': '2.115',
    'content-type': 'application/json; charset=utf-8',
    'cache-control': 'no-cache, no-store, max-age=0',
    'content-length': '94',
    'x-access-level': 'read',
    'x-frame-options': 'SAMEORIGIN',
    'content-encoding': 'gzip',
    'x-transaction-id': '92658dba38fc1729',
    'x-xss-protection': '0',
    'x-rate-limit-limit': '1',
    'x-rate-limit-reset': '1732342503',
    'content-disposition': 'attachment; filename=json.json',
    'x-content-type-options': 'nosniff',
    'x-rate-limit-remaining': '0',
    'strict-transport-security': 'max-age=631138519',
    'x-response-time': '18',
    'x-connection-hash': '1705c114470ebbde5c301ac1fe1556bfacf76bad4fb9977bd831e68c8f002d2e',
    connection: 'close'
  },
  rateLimit: { limit: 1, remaining: 0, reset: 1732342503 },
  data: {
    title: 'Too Many Requests',
    detail: 'Too Many Requests',
    type: 'about:blank',
    status: 429
  }
}
Error fetching tweets: ApiResponseError: Request failed with code 429
    at RequestHandlerHelper.createResponseError (/home/ubuntu/apps/gotravel/node_modules/twitter-api-v2/dist/cjs/client-mixins/request-handler.helper.js:104:16)
    at RequestHandlerHelper.onResponseEndHandler (/home/ubuntu/apps/gotravel/node_modules/twitter-api-v2/dist/cjs/client-mixins/request-handler.helper.js:262:25)
    at Gunzip.emit (node:events:517:28)
    at endReadableNT (node:internal/streams/readable:1400:12)
    at process.processTicksAndRejections (node:internal/process/task_queues:82:21) {
  error: true,
  type: 'response',
  code: 429,
  headers: {
    date: 'Sun, 24 Nov 2024 06:00:03 UTC',
    perf: '7402827104',
    server: 'tsa_b',
    'set-cookie': [
      'guest_id=v1%3A173242800314543764; Max-Age=34214400; Expires=Thu, 25 Dec 2025 06:00:03 GMT; Path=/; Domain=.twitter.com; Secure; SameSite=None'
    ],
    'api-version': '2.115',
    'content-type': 'application/json; charset=utf-8',
    'cache-control': 'no-cache, no-store, max-age=0',
    'content-length': '196',
    'x-access-level': 'read',
    'x-frame-options': 'SAMEORIGIN',
    'content-encoding': 'gzip',
    'x-transaction-id': '517f346e1b3cc417',
    'x-xss-protection': '0',
    'x-rate-limit-limit': '40000',
    'x-rate-limit-reset': '1732428903',
    'content-disposition': 'attachment; filename=json.json',
    'x-content-type-options': 'nosniff',
    'x-rate-limit-remaining': '39999',
    'strict-transport-security': 'max-age=631138519',
    'x-response-time': '17',
    'x-connection-hash': '0c689cf34827f1900425abebcd67b52cd18d1acd16b12920d0a0255060d09ce8',
    connection: 'close'
  },
  rateLimit: { limit: 40000, remaining: 39999, reset: 1732428903 },
  data: {
    account_id: 1821227857097715700,
    product_name: 'standard-basic',
    title: 'UsageCapExceeded',
    period: 'Monthly',
    scope: 'Product',
    detail: 'Usage cap exceeded: Monthly product cap',
    type: 'https://api.twitter.com/2/problems/usage-capped'
  }
}
Error fetching tweets: ApiResponseError: Request failed with code 429
    at RequestHandlerHelper.createResponseError (/home/ubuntu/apps/gotravel/node_modules/twitter-api-v2/dist/cjs/client-mixins/request-handler.helper.js:104:16)
    at RequestHandlerHelper.onResponseEndHandler (/home/ubuntu/apps/gotravel/node_modules/twitter-api-v2/dist/cjs/client-mixins/request-handler.helper.js:262:25)
    at Gunzip.emit (node:events:517:28)
    at endReadableNT (node:internal/streams/readable:1400:12)
    at process.processTicksAndRejections (node:internal/process/task_queues:82:21) {
  error: true,
  type: 'response',
  code: 429,
  headers: {
    date: 'Mon, 25 Nov 2024 06:00:02 UTC',
    perf: '7402827104',
    server: 'tsa_b',
    'set-cookie': [
      'guest_id=v1%3A173251440248724434; Max-Age=34214400; Expires=Fri, 26 Dec 2025 06:00:02 GMT; Path=/; Domain=.twitter.com; Secure; SameSite=None'
    ],
    'api-version': '2.115',
    'content-type': 'application/json; charset=utf-8',
    'cache-control': 'no-cache, no-store, max-age=0',
    'content-length': '94',
    'x-access-level': 'read',
    'x-frame-options': 'SAMEORIGIN',
    'content-encoding': 'gzip',
    'x-transaction-id': '11ba01ea0d394d5e',
    'x-xss-protection': '0',
    'x-rate-limit-limit': '1',
    'x-rate-limit-reset': '1732515302',
    'content-disposition': 'attachment; filename=json.json',
    'x-content-type-options': 'nosniff',
    'x-rate-limit-remaining': '0',
    'strict-transport-security': 'max-age=631138519',
    'x-response-time': '9',
    'x-connection-hash': 'f8d7711db13d5b1a6f0ad0e55089f425a1e2495949cb6e1b31721ed4800e2655',
    connection: 'close'
  },
  rateLimit: { limit: 1, remaining: 0, reset: 1732515302 },
  data: {
    title: 'Too Many Requests',
    detail: 'Too Many Requests',
    type: 'about:blank',
    status: 429
  }
}
Error fetching tweets: ApiResponseError: Request failed with code 429
    at RequestHandlerHelper.createResponseError (/home/ubuntu/apps/gotravel/node_modules/twitter-api-v2/dist/cjs/client-mixins/request-handler.helper.js:104:16)
    at RequestHandlerHelper.onResponseEndHandler (/home/ubuntu/apps/gotravel/node_modules/twitter-api-v2/dist/cjs/client-mixins/request-handler.helper.js:262:25)
    at Gunzip.emit (node:events:517:28)
    at endReadableNT (node:internal/streams/readable:1400:12)
    at process.processTicksAndRejections (node:internal/process/task_queues:82:21) {
  error: true,
  type: 'response',
  code: 429,
  headers: {
    date: 'Tue, 26 Nov 2024 06:00:02 UTC',
    perf: '7402827104',
    server: 'tsa_b',
    'set-cookie': [
      'guest_id=v1%3A173260080229134639; Max-Age=34214400; Expires=Sat, 27 Dec 2025 06:00:02 GMT; Path=/; Domain=.twitter.com; Secure; SameSite=None'
    ],
    'api-version': '2.115',
    'content-type': 'application/json; charset=utf-8',
    'cache-control': 'no-cache, no-store, max-age=0',
    'content-length': '196',
    'x-access-level': 'read',
    'x-frame-options': 'SAMEORIGIN',
    'content-encoding': 'gzip',
    'x-transaction-id': 'bdc7827301f57ef3',
    'x-xss-protection': '0',
    'x-rate-limit-limit': '40000',
    'x-rate-limit-reset': '1732601702',
    'content-disposition': 'attachment; filename=json.json',
    'x-content-type-options': 'nosniff',
    'x-rate-limit-remaining': '39999',
    'strict-transport-security': 'max-age=631138519',
    'x-response-time': '17',
    'x-connection-hash': 'ac51c90da9ebfe7b3ff0eeb4c1f58d7cdfec9ceac936a38a8301095b0f9aeb82',
    connection: 'close'
  },
  rateLimit: { limit: 40000, remaining: 39999, reset: 1732601702 },
  data: {
    account_id: 1821227857097715700,
    product_name: 'standard-basic',
    title: 'UsageCapExceeded',
    period: 'Monthly',
    scope: 'Product',
    detail: 'Usage cap exceeded: Monthly product cap',
    type: 'https://api.twitter.com/2/problems/usage-capped'
  }
}
Error fetching tweets: ApiResponseError: Request failed with code 429
    at RequestHandlerHelper.createResponseError (/home/ubuntu/apps/gotravel/node_modules/twitter-api-v2/dist/cjs/client-mixins/request-handler.helper.js:104:16)
    at RequestHandlerHelper.onResponseEndHandler (/home/ubuntu/apps/gotravel/node_modules/twitter-api-v2/dist/cjs/client-mixins/request-handler.helper.js:262:25)
    at Gunzip.emit (node:events:517:28)
    at endReadableNT (node:internal/streams/readable:1400:12)
    at process.processTicksAndRejections (node:internal/process/task_queues:82:21) {
  error: true,
  type: 'response',
  code: 429,
  headers: {
    date: 'Wed, 27 Nov 2024 06:00:02 UTC',
    perf: '7402827104',
    server: 'tsa_b',
    'set-cookie': [
      'guest_id=v1%3A173268720234948619; Max-Age=34214400; Expires=Sun, 28 Dec 2025 06:00:02 GMT; Path=/; Domain=.twitter.com; Secure; SameSite=None'
    ],
    'api-version': '2.115',
    'content-type': 'application/json; charset=utf-8',
    'cache-control': 'no-cache, no-store, max-age=0',
    'content-length': '196',
    'x-access-level': 'read',
    'x-frame-options': 'SAMEORIGIN',
    'content-encoding': 'gzip',
    'x-transaction-id': 'a9e47bece229c992',
    'x-xss-protection': '0',
    'x-rate-limit-limit': '40000',
    'x-rate-limit-reset': '1732688102',
    'content-disposition': 'attachment; filename=json.json',
    'x-content-type-options': 'nosniff',
    'x-rate-limit-remaining': '39999',
    'strict-transport-security': 'max-age=631138519',
    'x-response-time': '16',
    'x-connection-hash': 'd11436898acbb3d354fba6cc5b10fae58862ea8bd3389925f0c700935b626d98',
    connection: 'close'
  },
  rateLimit: { limit: 40000, remaining: 39999, reset: 1732688102 },
  data: {
    account_id: 1821227857097715700,
    product_name: 'standard-basic',
    title: 'UsageCapExceeded',
    period: 'Monthly',
    scope: 'Product',
    detail: 'Usage cap exceeded: Monthly product cap',
    type: 'https://api.twitter.com/2/problems/usage-capped'
  }
}
Error fetching tweets: ApiResponseError: Request failed with code 429
    at RequestHandlerHelper.createResponseError (/home/ubuntu/apps/gotravel/node_modules/twitter-api-v2/dist/cjs/client-mixins/request-handler.helper.js:104:16)
    at RequestHandlerHelper.onResponseEndHandler (/home/ubuntu/apps/gotravel/node_modules/twitter-api-v2/dist/cjs/client-mixins/request-handler.helper.js:262:25)
    at Gunzip.emit (node:events:517:28)
    at endReadableNT (node:internal/streams/readable:1400:12)
    at process.processTicksAndRejections (node:internal/process/task_queues:82:21) {
  error: true,
  type: 'response',
  code: 429,
  headers: {
    date: 'Thu, 28 Nov 2024 06:00:01 UTC',
    perf: '7402827104',
    server: 'tsa_b',
    'set-cookie': [
      'guest_id=v1%3A173277360174133933; Max-Age=34214400; Expires=Mon, 29 Dec 2025 06:00:01 GMT; Path=/; Domain=.twitter.com; Secure; SameSite=None'
    ],
    'api-version': '2.116',
    'content-type': 'application/json; charset=utf-8',
    'cache-control': 'no-cache, no-store, max-age=0',
    'content-length': '94',
    'x-access-level': 'read',
    'x-frame-options': 'SAMEORIGIN',
    'content-encoding': 'gzip',
    'x-transaction-id': '476354cafeba4ab6',
    'x-xss-protection': '0',
    'x-rate-limit-limit': '1',
    'x-rate-limit-reset': '1732774501',
    'content-disposition': 'attachment; filename=json.json',
    'x-content-type-options': 'nosniff',
    'x-rate-limit-remaining': '0',
    'strict-transport-security': 'max-age=631138519',
    'x-response-time': '17',
    'x-connection-hash': 'b079ee0b9eca154776ba82de626b13bb2ddbe93634a4030d6ee3d6a2711869d4',
    connection: 'close'
  },
  rateLimit: { limit: 1, remaining: 0, reset: 1732774501 },
  data: {
    title: 'Too Many Requests',
    detail: 'Too Many Requests',
    type: 'about:blank',
    status: 429
  }
}
Error fetching tweets: ApiResponseError: Request failed with code 429
    at RequestHandlerHelper.createResponseError (/home/ubuntu/apps/gotravel/node_modules/twitter-api-v2/dist/cjs/client-mixins/request-handler.helper.js:104:16)
    at RequestHandlerHelper.onResponseEndHandler (/home/ubuntu/apps/gotravel/node_modules/twitter-api-v2/dist/cjs/client-mixins/request-handler.helper.js:262:25)
    at Gunzip.emit (node:events:517:28)
    at endReadableNT (node:internal/streams/readable:1400:12)
    at process.processTicksAndRejections (node:internal/process/task_queues:82:21) {
  error: true,
  type: 'response',
  code: 429,
  headers: {
    date: 'Fri, 29 Nov 2024 06:00:02 UTC',
    perf: '7402827104',
    server: 'tsa_b',
    'set-cookie': [
      'guest_id=v1%3A173286000206792109; Max-Age=34214400; Expires=Tue, 30 Dec 2025 06:00:02 GMT; Path=/; Domain=.twitter.com; Secure; SameSite=None'
    ],
    'api-version': '2.116',
    'content-type': 'application/json; charset=utf-8',
    'cache-control': 'no-cache, no-store, max-age=0',
    'content-length': '196',
    'x-access-level': 'read',
    'x-frame-options': 'SAMEORIGIN',
    'content-encoding': 'gzip',
    'x-transaction-id': '9184d1d77eae9b86',
    'x-xss-protection': '0',
    'x-rate-limit-limit': '40000',
    'x-rate-limit-reset': '1732860902',
    'content-disposition': 'attachment; filename=json.json',
    'x-content-type-options': 'nosniff',
    'x-rate-limit-remaining': '39999',
    'strict-transport-security': 'max-age=631138519',
    'x-response-time': '15',
    'x-connection-hash': 'e853c19a84c25ed8940d62ae6eff144be0fc345b071b3970150a8fe609f4f646',
    connection: 'close'
  },
  rateLimit: { limit: 40000, remaining: 39999, reset: 1732860902 },
  data: {
    account_id: 1821227857097715700,
    product_name: 'standard-basic',
    title: 'UsageCapExceeded',
    period: 'Monthly',
    scope: 'Product',
    detail: 'Usage cap exceeded: Monthly product cap',
    type: 'https://api.twitter.com/2/problems/usage-capped'
  }
}
Error fetching tweets: ApiResponseError: Request failed with code 429
    at RequestHandlerHelper.createResponseError (/home/ubuntu/apps/gotravel/node_modules/twitter-api-v2/dist/cjs/client-mixins/request-handler.helper.js:104:16)
    at RequestHandlerHelper.onResponseEndHandler (/home/ubuntu/apps/gotravel/node_modules/twitter-api-v2/dist/cjs/client-mixins/request-handler.helper.js:262:25)
    at Gunzip.emit (node:events:517:28)
    at endReadableNT (node:internal/streams/readable:1400:12)
    at process.processTicksAndRejections (node:internal/process/task_queues:82:21) {
  error: true,
  type: 'response',
  code: 429,
  headers: {
    date: 'Sat, 30 Nov 2024 06:00:03 UTC',
    perf: '7402827104',
    server: 'tsa_b',
    'set-cookie': [
      'guest_id=v1%3A173294640304236396; Max-Age=34214400; Expires=Wed, 31 Dec 2025 06:00:03 GMT; Path=/; Domain=.twitter.com; Secure; SameSite=None'
    ],
    'api-version': '2.116',
    'content-type': 'application/json; charset=utf-8',
    'cache-control': 'no-cache, no-store, max-age=0',
    'content-length': '196',
    'x-access-level': 'read',
    'x-frame-options': 'SAMEORIGIN',
    'content-encoding': 'gzip',
    'x-transaction-id': 'c5ef274c5e80d469',
    'x-xss-protection': '0',
    'x-rate-limit-limit': '40000',
    'x-rate-limit-reset': '1732947303',
    'content-disposition': 'attachment; filename=json.json',
    'x-content-type-options': 'nosniff',
    'x-rate-limit-remaining': '39999',
    'strict-transport-security': 'max-age=631138519',
    'x-response-time': '16',
    'x-connection-hash': '17c6f83251dfc6df4681e39499d4db7bceaf9753dafa20a402d0a7ebf37fb64d',
    connection: 'close'
  },
  rateLimit: { limit: 40000, remaining: 39999, reset: 1732947303 },
  data: {
    account_id: 1821227857097715700,
    product_name: 'standard-basic',
    title: 'UsageCapExceeded',
    period: 'Monthly',
    scope: 'Product',
    detail: 'Usage cap exceeded: Monthly product cap',
    type: 'https://api.twitter.com/2/problems/usage-capped'
  }
}
Error fetching tweets: ApiResponseError: Request failed with code 429
    at RequestHandlerHelper.createResponseError (/home/ubuntu/apps/gotravel/node_modules/twitter-api-v2/dist/cjs/client-mixins/request-handler.helper.js:104:16)
    at RequestHandlerHelper.onResponseEndHandler (/home/ubuntu/apps/gotravel/node_modules/twitter-api-v2/dist/cjs/client-mixins/request-handler.helper.js:262:25)
    at Gunzip.emit (node:events:517:28)
    at endReadableNT (node:internal/streams/readable:1400:12)
    at process.processTicksAndRejections (node:internal/process/task_queues:82:21) {
  error: true,
  type: 'response',
  code: 429,
  headers: {
    date: 'Sun, 01 Dec 2024 06:00:01 UTC',
    perf: '7402827104',
    server: 'tsa_b',
    'set-cookie': [
      'guest_id=v1%3A173303280189940753; Max-Age=34214400; Expires=Thu, 01 Jan 2026 06:00:01 GMT; Path=/; Domain=.twitter.com; Secure; SameSite=None'
    ],
    'api-version': '2.116',
    'content-type': 'application/json; charset=utf-8',
    'cache-control': 'no-cache, no-store, max-age=0',
    'content-length': '94',
    'x-access-level': 'read',
    'x-frame-options': 'SAMEORIGIN',
    'content-encoding': 'gzip',
    'x-transaction-id': '069ad10df85c03db',
    'x-xss-protection': '0',
    'x-rate-limit-limit': '1',
    'x-rate-limit-reset': '1733033701',
    'content-disposition': 'attachment; filename=json.json',
    'x-content-type-options': 'nosniff',
    'x-rate-limit-remaining': '0',
    'strict-transport-security': 'max-age=631138519',
    'x-response-time': '13',
    'x-connection-hash': '344ffe8b68addd98c34f4461ffae7030b7a04f7773d1a2d9ea595833defcade2',
    connection: 'close'
  },
  rateLimit: { limit: 1, remaining: 0, reset: 1733033701 },
  data: {
    title: 'Too Many Requests',
    detail: 'Too Many Requests',
    type: 'about:blank',
    status: 429
  }
}
Error fetching tweets: ApiResponseError: Request failed with code 429
    at RequestHandlerHelper.createResponseError (/home/ubuntu/apps/gotravel/node_modules/twitter-api-v2/dist/cjs/client-mixins/request-handler.helper.js:104:16)
    at RequestHandlerHelper.onResponseEndHandler (/home/ubuntu/apps/gotravel/node_modules/twitter-api-v2/dist/cjs/client-mixins/request-handler.helper.js:262:25)
    at Gunzip.emit (node:events:517:28)
    at endReadableNT (node:internal/streams/readable:1400:12)
    at process.processTicksAndRejections (node:internal/process/task_queues:82:21) {
  error: true,
  type: 'response',
  code: 429,
  headers: {
    date: 'Mon, 02 Dec 2024 06:00:02 UTC',
    perf: '7402827104',
    server: 'tsa_b',
    'set-cookie': [
      'guest_id=v1%3A173311920244025254; Max-Age=34214400; Expires=Fri, 02 Jan 2026 06:00:02 GMT; Path=/; Domain=.twitter.com; Secure; SameSite=None'
    ],
    'api-version': '2.116',
    'content-type': 'application/json; charset=utf-8',
    'cache-control': 'no-cache, no-store, max-age=0',
    'content-length': '94',
    'x-access-level': 'read',
    'x-frame-options': 'SAMEORIGIN',
    'content-encoding': 'gzip',
    'x-transaction-id': 'c07cd124ef1362b4',
    'x-xss-protection': '0',
    'x-rate-limit-limit': '1',
    'x-rate-limit-reset': '1733120102',
    'content-disposition': 'attachment; filename=json.json',
    'x-content-type-options': 'nosniff',
    'x-rate-limit-remaining': '0',
    'strict-transport-security': 'max-age=631138519',
    'x-response-time': '8',
    'x-connection-hash': 'bf50f13cbfe541a98ee767f7c35d889f37669c1bc9f2014c6684abe888a1c4b3',
    connection: 'close'
  },
  rateLimit: { limit: 1, remaining: 0, reset: 1733120102 },
  data: {
    title: 'Too Many Requests',
    detail: 'Too Many Requests',
    type: 'about:blank',
    status: 429
  }
}
Error fetching tweets: ApiResponseError: Request failed with code 429
    at RequestHandlerHelper.createResponseError (/home/ubuntu/apps/gotravel/node_modules/twitter-api-v2/dist/cjs/client-mixins/request-handler.helper.js:104:16)
    at RequestHandlerHelper.onResponseEndHandler (/home/ubuntu/apps/gotravel/node_modules/twitter-api-v2/dist/cjs/client-mixins/request-handler.helper.js:262:25)
    at Gunzip.emit (node:events:517:28)
    at endReadableNT (node:internal/streams/readable:1400:12)
    at process.processTicksAndRejections (node:internal/process/task_queues:82:21) {
  error: true,
  type: 'response',
  code: 429,
  headers: {
    date: 'Tue, 03 Dec 2024 06:00:02 UTC',
    perf: '7402827104',
    server: 'tsa_b',
    'set-cookie': [
      'guest_id=v1%3A173320560200440534; Max-Age=34214400; Expires=Sat, 03 Jan 2026 06:00:02 GMT; Path=/; Domain=.twitter.com; Secure; SameSite=None'
    ],
    'api-version': '2.116',
    'content-type': 'application/json; charset=utf-8',
    'cache-control': 'no-cache, no-store, max-age=0',
    'content-length': '196',
    'x-access-level': 'read',
    'x-frame-options': 'SAMEORIGIN',
    'content-encoding': 'gzip',
    'x-transaction-id': 'aa833aa267295cf6',
    'x-xss-protection': '0',
    'x-rate-limit-limit': '40000',
    'x-rate-limit-reset': '1733206502',
    'content-disposition': 'attachment; filename=json.json',
    'x-content-type-options': 'nosniff',
    'x-rate-limit-remaining': '39999',
    'strict-transport-security': 'max-age=631138519',
    'x-response-time': '18',
    'x-connection-hash': '2834e342b3878279360a591fc357403fc6edd33bf68a7005c2fdadf0864aa0b7',
    connection: 'close'
  },
  rateLimit: { limit: 40000, remaining: 39999, reset: 1733206502 },
  data: {
    account_id: 1821227857097715700,
    product_name: 'standard-basic',
    title: 'UsageCapExceeded',
    period: 'Monthly',
    scope: 'Product',
    detail: 'Usage cap exceeded: Monthly product cap',
    type: 'https://api.twitter.com/2/problems/usage-capped'
  }
}
Error fetching tweets: ApiResponseError: Request failed with code 429
    at RequestHandlerHelper.createResponseError (/home/ubuntu/apps/gotravel/node_modules/twitter-api-v2/dist/cjs/client-mixins/request-handler.helper.js:104:16)
    at RequestHandlerHelper.onResponseEndHandler (/home/ubuntu/apps/gotravel/node_modules/twitter-api-v2/dist/cjs/client-mixins/request-handler.helper.js:262:25)
    at Gunzip.emit (node:events:517:28)
    at endReadableNT (node:internal/streams/readable:1400:12)
    at process.processTicksAndRejections (node:internal/process/task_queues:82:21) {
  error: true,
  type: 'response',
  code: 429,
  headers: {
    date: 'Wed, 04 Dec 2024 06:00:02 UTC',
    perf: '7402827104',
    server: 'tsa_b',
    'set-cookie': [
      'guest_id=v1%3A173329200230008652; Max-Age=34214400; Expires=Sun, 04 Jan 2026 06:00:02 GMT; Path=/; Domain=.twitter.com; Secure; SameSite=None'
    ],
    'api-version': '2.116',
    'content-type': 'application/json; charset=utf-8',
    'cache-control': 'no-cache, no-store, max-age=0',
    'content-length': '196',
    'x-access-level': 'read',
    'x-frame-options': 'SAMEORIGIN',
    'content-encoding': 'gzip',
    'x-transaction-id': '3c77c6bd97e7d87c',
    'x-xss-protection': '0',
    'x-rate-limit-limit': '40000',
    'x-rate-limit-reset': '1733292902',
    'content-disposition': 'attachment; filename=json.json',
    'x-content-type-options': 'nosniff',
    'x-rate-limit-remaining': '39999',
    'strict-transport-security': 'max-age=631138519',
    'x-response-time': '15',
    'x-connection-hash': 'f3adc15340c3141f5bf469569ff5da69dbf0aafc6e13b5c184c45e850f12eeb8',
    connection: 'close'
  },
  rateLimit: { limit: 40000, remaining: 39999, reset: 1733292902 },
  data: {
    account_id: 1821227857097715700,
    product_name: 'standard-basic',
    title: 'UsageCapExceeded',
    period: 'Monthly',
    scope: 'Product',
    detail: 'Usage cap exceeded: Monthly product cap',
    type: 'https://api.twitter.com/2/problems/usage-capped'
  }
}
Error fetching tweets: ApiResponseError: Request failed with code 429
    at RequestHandlerHelper.createResponseError (/home/ubuntu/apps/gotravel/node_modules/twitter-api-v2/dist/cjs/client-mixins/request-handler.helper.js:104:16)
    at RequestHandlerHelper.onResponseEndHandler (/home/ubuntu/apps/gotravel/node_modules/twitter-api-v2/dist/cjs/client-mixins/request-handler.helper.js:262:25)
    at Gunzip.emit (node:events:517:28)
    at endReadableNT (node:internal/streams/readable:1400:12)
    at process.processTicksAndRejections (node:internal/process/task_queues:82:21) {
  error: true,
  type: 'response',
  code: 429,
  headers: {
    date: 'Thu, 05 Dec 2024 06:00:02 UTC',
    perf: '7402827104',
    server: 'tsa_b',
    'set-cookie': [
      'guest_id=v1%3A173337840278326776; Max-Age=34214400; Expires=Mon, 05 Jan 2026 06:00:02 GMT; Path=/; Domain=.twitter.com; Secure; SameSite=None'
    ],
    'api-version': '2.116',
    'content-type': 'application/json; charset=utf-8',
    'cache-control': 'no-cache, no-store, max-age=0',
    'content-length': '196',
    'x-access-level': 'read',
    'x-frame-options': 'SAMEORIGIN',
    'content-encoding': 'gzip',
    'x-transaction-id': '09d066b161b20622',
    'x-xss-protection': '0',
    'x-rate-limit-limit': '40000',
    'x-rate-limit-reset': '1733379302',
    'content-disposition': 'attachment; filename=json.json',
    'x-content-type-options': 'nosniff',
    'x-rate-limit-remaining': '39999',
    'strict-transport-security': 'max-age=631138519',
    'x-response-time': '18',
    'x-connection-hash': '6ce69c7d0261710c38dc26427016d2864fbab341d9219f74b9ed335b41987872',
    connection: 'close'
  },
  rateLimit: { limit: 40000, remaining: 39999, reset: 1733379302 },
  data: {
    account_id: 1821227857097715700,
    product_name: 'standard-basic',
    title: 'UsageCapExceeded',
    period: 'Monthly',
    scope: 'Product',
    detail: 'Usage cap exceeded: Monthly product cap',
    type: 'https://api.twitter.com/2/problems/usage-capped'
  }
}
Error fetching tweets: ApiResponseError: Request failed with code 429
    at RequestHandlerHelper.createResponseError (/home/ubuntu/apps/gotravel/node_modules/twitter-api-v2/dist/cjs/client-mixins/request-handler.helper.js:104:16)
    at RequestHandlerHelper.onResponseEndHandler (/home/ubuntu/apps/gotravel/node_modules/twitter-api-v2/dist/cjs/client-mixins/request-handler.helper.js:262:25)
    at Gunzip.emit (node:events:517:28)
    at endReadableNT (node:internal/streams/readable:1400:12)
    at process.processTicksAndRejections (node:internal/process/task_queues:82:21) {
  error: true,
  type: 'response',
  code: 429,
  headers: {
    date: 'Fri, 06 Dec 2024 06:00:01 UTC',
    perf: '7402827104',
    server: 'tsa_b',
    'set-cookie': [
      'guest_id=v1%3A173346480173595381; Max-Age=34214400; Expires=Tue, 06 Jan 2026 06:00:01 GMT; Path=/; Domain=.twitter.com; Secure; SameSite=None'
    ],
    'api-version': '2.116',
    'content-type': 'application/json; charset=utf-8',
    'cache-control': 'no-cache, no-store, max-age=0',
    'content-length': '94',
    'x-access-level': 'read',
    'x-frame-options': 'SAMEORIGIN',
    'content-encoding': 'gzip',
    'x-transaction-id': '033e7ae8abafd9c6',
    'x-xss-protection': '0',
    'x-rate-limit-limit': '1',
    'x-rate-limit-reset': '1733465701',
    'content-disposition': 'attachment; filename=json.json',
    'x-content-type-options': 'nosniff',
    'x-rate-limit-remaining': '0',
    'strict-transport-security': 'max-age=631138519',
    'x-response-time': '14',
    'x-connection-hash': '06544530d1d0cb43d510742a47d872f1e5cd2ebb1382911b3c0797c766ddb554',
    connection: 'close'
  },
  rateLimit: { limit: 1, remaining: 0, reset: 1733465701 },
  data: {
    title: 'Too Many Requests',
    detail: 'Too Many Requests',
    type: 'about:blank',
    status: 429
  }
}
Error fetching tweets: ApiResponseError: Request failed with code 429
    at RequestHandlerHelper.createResponseError (/home/ubuntu/apps/gotravel/node_modules/twitter-api-v2/dist/cjs/client-mixins/request-handler.helper.js:104:16)
    at RequestHandlerHelper.onResponseEndHandler (/home/ubuntu/apps/gotravel/node_modules/twitter-api-v2/dist/cjs/client-mixins/request-handler.helper.js:262:25)
    at Gunzip.emit (node:events:517:28)
    at endReadableNT (node:internal/streams/readable:1400:12)
    at process.processTicksAndRejections (node:internal/process/task_queues:82:21) {
  error: true,
  type: 'response',
  code: 429,
  headers: {
    date: 'Sat, 07 Dec 2024 06:00:01 UTC',
    perf: '7402827104',
    server: 'tsa_b',
    'set-cookie': [
      'guest_id=v1%3A173355120142408640; Max-Age=34214400; Expires=Wed, 07 Jan 2026 06:00:01 GMT; Path=/; Domain=.twitter.com; Secure; SameSite=None'
    ],
    'api-version': '2.118',
    'content-type': 'application/json; charset=utf-8',
    'cache-control': 'no-cache, no-store, max-age=0',
    'content-length': '94',
    'x-access-level': 'read',
    'x-frame-options': 'SAMEORIGIN',
    'content-encoding': 'gzip',
    'x-transaction-id': 'f98159b50b6867a8',
    'x-xss-protection': '0',
    'x-rate-limit-limit': '1',
    'x-rate-limit-reset': '1733552101',
    'content-disposition': 'attachment; filename=json.json',
    'x-content-type-options': 'nosniff',
    'x-rate-limit-remaining': '0',
    'strict-transport-security': 'max-age=631138519',
    'x-response-time': '15',
    'x-connection-hash': 'e01c540efc7fa5c6022ebc367abb5e263b0c2d87c357e4a201955d492846b35e',
    connection: 'close'
  },
  rateLimit: { limit: 1, remaining: 0, reset: 1733552101 },
  data: {
    title: 'Too Many Requests',
    detail: 'Too Many Requests',
    type: 'about:blank',
    status: 429
  }
}
Fetched 20 tweets, added 0 unique tweets.
Updated tweets file with 20 tweets.
Tweets saved to public/tweets.json
Attempting to clear remote tweet cache...
Clear cache status: 200
Clear cache headers: {"connection":["close"],"content-type":["application/json"],"date":["Sun, 08 Dec 2024 06:00:02 GMT"],"server":["nginx/1.18.0 (Ubuntu)"],"transfer-encoding":["chunked"],"vary":["RSC, Next-Router-State-Tree, Next-Router-Prefetch"]}
Clear cache response: {"message":"Cache cleared successfully"}
Remote tweet cache cleared successfully
Updating local cache indicator...
No existing cache version file. Starting at version 1.
Local cache version updated to 1
Fetched 20 tweets, added 13 unique tweets.
Updated tweets file with 20 tweets.
Tweets saved to public/tweets.json
Attempting to clear remote tweet cache...
Clear cache status: 200
Clear cache headers: {"connection":["close"],"content-type":["application/json"],"date":["Mon, 09 Dec 2024 06:00:01 GMT"],"server":["nginx/1.18.0 (Ubuntu)"],"transfer-encoding":["chunked"],"vary":["RSC, Next-Router-State-Tree, Next-Router-Prefetch"]}
Clear cache response: {"message":"Cache cleared successfully"}
Remote tweet cache cleared successfully
Updating local cache indicator...
Local cache version updated to 2
Fetched 20 tweets, added 13 unique tweets.
Updated tweets file with 20 tweets.
Tweets saved to public/tweets.json
Attempting to clear remote tweet cache...
Clear cache status: 200
Clear cache headers: {"connection":["close"],"content-type":["application/json"],"date":["Tue, 10 Dec 2024 06:00:01 GMT"],"server":["nginx/1.18.0 (Ubuntu)"],"transfer-encoding":["chunked"],"vary":["RSC, Next-Router-State-Tree, Next-Router-Prefetch"]}
Clear cache response: {"message":"Cache cleared successfully"}
Remote tweet cache cleared successfully
Updating local cache indicator...
Local cache version updated to 3
Fetched 20 tweets, added 20 unique tweets.
Updated tweets file with 20 tweets.
Tweets saved to public/tweets.json
Attempting to clear remote tweet cache...
Clear cache status: 200
Clear cache headers: {"connection":["close"],"content-type":["application/json"],"date":["Wed, 11 Dec 2024 06:00:02 GMT"],"server":["nginx/1.18.0 (Ubuntu)"],"transfer-encoding":["chunked"],"vary":["RSC, Next-Router-State-Tree, Next-Router-Prefetch"]}
Clear cache response: {"message":"Cache cleared successfully"}
Remote tweet cache cleared successfully
Updating local cache indicator...
Local cache version updated to 4
Fetched 20 tweets, added 13 unique tweets.
Updated tweets file with 20 tweets.
Tweets saved to public/tweets.json
Attempting to clear remote tweet cache...
Clear cache status: 200
Clear cache headers: {"connection":["close"],"content-type":["application/json"],"date":["Thu, 12 Dec 2024 06:00:02 GMT"],"server":["nginx/1.18.0 (Ubuntu)"],"transfer-encoding":["chunked"],"vary":["RSC, Next-Router-State-Tree, Next-Router-Prefetch"]}
Clear cache response: {"message":"Cache cleared successfully"}
Remote tweet cache cleared successfully
Updating local cache indicator...
Local cache version updated to 5
Error fetching tweets: ApiResponseError: Request failed with code 429
    at RequestHandlerHelper.createResponseError (/home/ubuntu/apps/gotravel/node_modules/twitter-api-v2/dist/cjs/client-mixins/request-handler.helper.js:104:16)
    at RequestHandlerHelper.onResponseEndHandler (/home/ubuntu/apps/gotravel/node_modules/twitter-api-v2/dist/cjs/client-mixins/request-handler.helper.js:262:25)
    at Gunzip.emit (node:events:517:28)
    at endReadableNT (node:internal/streams/readable:1400:12)
    at process.processTicksAndRejections (node:internal/process/task_queues:82:21) {
  error: true,
  type: 'response',
  code: 429,
  headers: {
    date: 'Fri, 13 Dec 2024 06:00:01 UTC',
    perf: '7402827104',
    server: 'tsa_b',
    'set-cookie': [
      'guest_id=v1%3A173406960184244479; Max-Age=34214400; Expires=Tue, 13 Jan 2026 06:00:01 GMT; Path=/; Domain=.twitter.com; Secure; SameSite=None'
    ],
    'api-version': '2.118',
    'content-type': 'application/json; charset=utf-8',
    'cache-control': 'no-cache, no-store, max-age=0',
    'content-length': '196',
    'x-access-level': 'read',
    'x-frame-options': 'SAMEORIGIN',
    'content-encoding': 'gzip',
    'x-transaction-id': 'c3824649d188dc02',
    'x-xss-protection': '0',
    'x-rate-limit-limit': '40000',
    'x-rate-limit-reset': '1734070501',
    'content-disposition': 'attachment; filename=json.json',
    'x-content-type-options': 'nosniff',
    'x-rate-limit-remaining': '39998',
    'strict-transport-security': 'max-age=631138519',
    'x-response-time': '16',
    'x-connection-hash': '9189fefb59a29f44bb8eb0cca60c8c1567ef3453cd356ab1c847383668af25ef',
    connection: 'close'
  },
  rateLimit: { limit: 40000, remaining: 39998, reset: 1734070501 },
  data: {
    account_id: 1821227857097715700,
    product_name: 'standard-basic',
    title: 'UsageCapExceeded',
    period: 'Monthly',
    scope: 'Product',
    detail: 'Usage cap exceeded: Monthly product cap',
    type: 'https://api.twitter.com/2/problems/usage-capped'
  }
}
Error fetching tweets: ApiResponseError: Request failed with code 429
    at RequestHandlerHelper.createResponseError (/home/ubuntu/apps/gotravel/node_modules/twitter-api-v2/dist/cjs/client-mixins/request-handler.helper.js:104:16)
    at RequestHandlerHelper.onResponseEndHandler (/home/ubuntu/apps/gotravel/node_modules/twitter-api-v2/dist/cjs/client-mixins/request-handler.helper.js:262:25)
    at Gunzip.emit (node:events:517:28)
    at endReadableNT (node:internal/streams/readable:1400:12)
    at process.processTicksAndRejections (node:internal/process/task_queues:82:21) {
  error: true,
  type: 'response',
  code: 429,
  headers: {
    date: 'Sat, 14 Dec 2024 06:00:01 UTC',
    perf: '7402827104',
    server: 'tsa_b',
    'set-cookie': [
      'guest_id=v1%3A173415600154198028; Max-Age=34214400; Expires=Wed, 14 Jan 2026 06:00:01 GMT; Path=/; Domain=.twitter.com; Secure; SameSite=None'
    ],
    'api-version': '2.118',
    'content-type': 'application/json; charset=utf-8',
    'cache-control': 'no-cache, no-store, max-age=0',
    'content-length': '94',
    'x-access-level': 'read',
    'x-frame-options': 'SAMEORIGIN',
    'content-encoding': 'gzip',
    'x-transaction-id': '825f46a8983febe0',
    'x-xss-protection': '0',
    'x-rate-limit-limit': '1',
    'x-rate-limit-reset': '1734156901',
    'content-disposition': 'attachment; filename=json.json',
    'x-content-type-options': 'nosniff',
    'x-rate-limit-remaining': '0',
    'strict-transport-security': 'max-age=631138519',
    'x-response-time': '8',
    'x-connection-hash': 'b1386982076e5b8c0ef61e6292764cd144643615ce563f1cbb5936501f7ed622',
    connection: 'close'
  },
  rateLimit: { limit: 1, remaining: 0, reset: 1734156901 },
  data: {
    title: 'Too Many Requests',
    detail: 'Too Many Requests',
    type: 'about:blank',
    status: 429
  }
}
Error fetching tweets: ApiResponseError: Request failed with code 429
    at RequestHandlerHelper.createResponseError (/home/ubuntu/apps/gotravel/node_modules/twitter-api-v2/dist/cjs/client-mixins/request-handler.helper.js:104:16)
    at RequestHandlerHelper.onResponseEndHandler (/home/ubuntu/apps/gotravel/node_modules/twitter-api-v2/dist/cjs/client-mixins/request-handler.helper.js:262:25)
    at Gunzip.emit (node:events:517:28)
    at endReadableNT (node:internal/streams/readable:1400:12)
    at process.processTicksAndRejections (node:internal/process/task_queues:82:21) {
  error: true,
  type: 'response',
  code: 429,
  headers: {
    date: 'Sun, 15 Dec 2024 06:00:01 UTC',
    perf: '7402827104',
    server: 'tsa_b',
    'set-cookie': [
      'guest_id=v1%3A173424240197512094; Max-Age=34214400; Expires=Thu, 15 Jan 2026 06:00:01 GMT; Path=/; Domain=.twitter.com; Secure; SameSite=None'
    ],
    'api-version': '2.118',
    'content-type': 'application/json; charset=utf-8',
    'cache-control': 'no-cache, no-store, max-age=0',
    'content-length': '196',
    'x-access-level': 'read',
    'x-frame-options': 'SAMEORIGIN',
    'content-encoding': 'gzip',
    'x-transaction-id': '14a31ac409f9c3d6',
    'x-xss-protection': '0',
    'x-rate-limit-limit': '40000',
    'x-rate-limit-reset': '1734243301',
    'content-disposition': 'attachment; filename=json.json',
    'x-content-type-options': 'nosniff',
    'x-rate-limit-remaining': '39999',
    'strict-transport-security': 'max-age=631138519',
    'x-response-time': '17',
    'x-connection-hash': 'd56332b50cf0cf5e1a253ef2b04021fe7a12f8db551936feb6249915d29d0af6',
    connection: 'close'
  },
  rateLimit: { limit: 40000, remaining: 39999, reset: 1734243301 },
  data: {
    account_id: 1821227857097715700,
    product_name: 'standard-basic',
    title: 'UsageCapExceeded',
    period: 'Monthly',
    scope: 'Product',
    detail: 'Usage cap exceeded: Monthly product cap',
    type: 'https://api.twitter.com/2/problems/usage-capped'
  }
}
Error fetching tweets: ApiResponseError: Request failed with code 429
    at RequestHandlerHelper.createResponseError (/home/ubuntu/apps/gotravel/node_modules/twitter-api-v2/dist/cjs/client-mixins/request-handler.helper.js:104:16)
    at RequestHandlerHelper.onResponseEndHandler (/home/ubuntu/apps/gotravel/node_modules/twitter-api-v2/dist/cjs/client-mixins/request-handler.helper.js:262:25)
    at Gunzip.emit (node:events:517:28)
    at endReadableNT (node:internal/streams/readable:1400:12)
    at process.processTicksAndRejections (node:internal/process/task_queues:82:21) {
  error: true,
  type: 'response',
  code: 429,
  headers: {
    date: 'Mon, 16 Dec 2024 06:00:02 UTC',
    perf: '7402827104',
    server: 'tsa_b',
    'set-cookie': [
      'guest_id=v1%3A173432880254557792; Max-Age=34214400; Expires=Fri, 16 Jan 2026 06:00:02 GMT; Path=/; Domain=.twitter.com; Secure; SameSite=None'
    ],
    'api-version': '2.118',
    'content-type': 'application/json; charset=utf-8',
    'cache-control': 'no-cache, no-store, max-age=0',
    'content-length': '196',
    'x-access-level': 'read',
    'x-frame-options': 'SAMEORIGIN',
    'content-encoding': 'gzip',
    'x-transaction-id': 'e489533d31d74e12',
    'x-xss-protection': '0',
    'x-rate-limit-limit': '40000',
    'x-rate-limit-reset': '1734329702',
    'content-disposition': 'attachment; filename=json.json',
    'x-content-type-options': 'nosniff',
    'x-rate-limit-remaining': '39999',
    'strict-transport-security': 'max-age=631138519',
    'x-response-time': '16',
    'x-connection-hash': '47fa70ea6411cc815d67a5e3dffdfeb31b9f9ab6b28fd20d426f8458a2b255dd',
    connection: 'close'
  },
  rateLimit: { limit: 40000, remaining: 39999, reset: 1734329702 },
  data: {
    account_id: 1821227857097715700,
    product_name: 'standard-basic',
    title: 'UsageCapExceeded',
    period: 'Monthly',
    scope: 'Product',
    detail: 'Usage cap exceeded: Monthly product cap',
    type: 'https://api.twitter.com/2/problems/usage-capped'
  }
}
Error fetching tweets: ApiResponseError: Request failed with code 429
    at RequestHandlerHelper.createResponseError (/home/ubuntu/apps/gotravel/node_modules/twitter-api-v2/dist/cjs/client-mixins/request-handler.helper.js:104:16)
    at RequestHandlerHelper.onResponseEndHandler (/home/ubuntu/apps/gotravel/node_modules/twitter-api-v2/dist/cjs/client-mixins/request-handler.helper.js:262:25)
    at Gunzip.emit (node:events:517:28)
    at endReadableNT (node:internal/streams/readable:1400:12)
    at process.processTicksAndRejections (node:internal/process/task_queues:82:21) {
  error: true,
  type: 'response',
  code: 429,
  headers: {
    date: 'Tue, 17 Dec 2024 06:00:01 UTC',
    perf: '7402827104',
    server: 'tsa_b',
    'set-cookie': [
      'guest_id=v1%3A173441520173750725; Max-Age=34214400; Expires=Sat, 17 Jan 2026 06:00:01 GMT; Path=/; Domain=.twitter.com; Secure; SameSite=None'
    ],
    'api-version': '2.118',
    'content-type': 'application/json; charset=utf-8',
    'cache-control': 'no-cache, no-store, max-age=0',
    'content-length': '94',
    'x-access-level': 'read',
    'x-frame-options': 'SAMEORIGIN',
    'content-encoding': 'gzip',
    'x-transaction-id': '62e1e099bcbebb1f',
    'x-xss-protection': '0',
    'x-rate-limit-limit': '1',
    'x-rate-limit-reset': '1734416101',
    'content-disposition': 'attachment; filename=json.json',
    'x-content-type-options': 'nosniff',
    'x-rate-limit-remaining': '0',
    'strict-transport-security': 'max-age=631138519',
    'x-response-time': '10',
    'x-connection-hash': '4a77535a7c4f2781ce9cdb1dec0e5a0b0a129d777bdd7950d739a9f03e422126',
    connection: 'close'
  },
  rateLimit: { limit: 1, remaining: 0, reset: 1734416101 },
  data: {
    title: 'Too Many Requests',
    detail: 'Too Many Requests',
    type: 'about:blank',
    status: 429
  }
}
Error fetching tweets: ApiResponseError: Request failed with code 429
    at RequestHandlerHelper.createResponseError (/home/ubuntu/apps/gotravel/node_modules/twitter-api-v2/dist/cjs/client-mixins/request-handler.helper.js:104:16)
    at RequestHandlerHelper.onResponseEndHandler (/home/ubuntu/apps/gotravel/node_modules/twitter-api-v2/dist/cjs/client-mixins/request-handler.helper.js:262:25)
    at Gunzip.emit (node:events:517:28)
    at endReadableNT (node:internal/streams/readable:1400:12)
    at process.processTicksAndRejections (node:internal/process/task_queues:82:21) {
  error: true,
  type: 'response',
  code: 429,
  headers: {
    date: 'Wed, 18 Dec 2024 06:00:02 UTC',
    perf: '7402827104',
    server: 'tsa_b',
    'set-cookie': [
      'guest_id=v1%3A173450160238632961; Max-Age=34214400; Expires=Sun, 18 Jan 2026 06:00:02 GMT; Path=/; Domain=.twitter.com; Secure; SameSite=None'
    ],
    'api-version': '2.119',
    'content-type': 'application/json; charset=utf-8',
    'cache-control': 'no-cache, no-store, max-age=0',
    'content-length': '196',
    'x-access-level': 'read',
    'x-frame-options': 'SAMEORIGIN',
    'content-encoding': 'gzip',
    'x-transaction-id': '54ae521c457b93fa',
    'x-xss-protection': '0',
    'x-rate-limit-limit': '40000',
    'x-rate-limit-reset': '1734502502',
    'content-disposition': 'attachment; filename=json.json',
    'x-content-type-options': 'nosniff',
    'x-rate-limit-remaining': '39999',
    'strict-transport-security': 'max-age=631138519',
    'x-response-time': '16',
    'x-connection-hash': '9cb128e62bea0a3d778cea684e7027b682b9737e585ad86778a5572efe599746',
    connection: 'close'
  },
  rateLimit: { limit: 40000, remaining: 39999, reset: 1734502502 },
  data: {
    account_id: 1821227857097715700,
    product_name: 'standard-basic',
    title: 'UsageCapExceeded',
    period: 'Monthly',
    scope: 'Product',
    detail: 'Usage cap exceeded: Monthly product cap',
    type: 'https://api.twitter.com/2/problems/usage-capped'
  }
}
Error fetching tweets: ApiResponseError: Request failed with code 429
    at RequestHandlerHelper.createResponseError (/home/ubuntu/apps/gotravel/node_modules/twitter-api-v2/dist/cjs/client-mixins/request-handler.helper.js:104:16)
    at RequestHandlerHelper.onResponseEndHandler (/home/ubuntu/apps/gotravel/node_modules/twitter-api-v2/dist/cjs/client-mixins/request-handler.helper.js:262:25)
    at Gunzip.emit (node:events:517:28)
    at endReadableNT (node:internal/streams/readable:1400:12)
    at process.processTicksAndRejections (node:internal/process/task_queues:82:21) {
  error: true,
  type: 'response',
  code: 429,
  headers: {
    date: 'Thu, 19 Dec 2024 06:00:01 UTC',
    perf: '7402827104',
    server: 'tsa_b',
    'set-cookie': [
      'guest_id=v1%3A173458800169950250; Max-Age=34214400; Expires=Mon, 19 Jan 2026 06:00:01 GMT; Path=/; Domain=.twitter.com; Secure; SameSite=None'
    ],
    'api-version': '2.119',
    'content-type': 'application/json; charset=utf-8',
    'cache-control': 'no-cache, no-store, max-age=0',
    'content-length': '94',
    'x-access-level': 'read',
    'x-frame-options': 'SAMEORIGIN',
    'content-encoding': 'gzip',
    'x-transaction-id': '613155429f3fdc44',
    'x-xss-protection': '0',
    'x-rate-limit-limit': '1',
    'x-rate-limit-reset': '1734588901',
    'content-disposition': 'attachment; filename=json.json',
    'x-content-type-options': 'nosniff',
    'x-rate-limit-remaining': '0',
    'strict-transport-security': 'max-age=631138519',
    'x-response-time': '14',
    'x-connection-hash': '19e2779ffe7125b277e66cf810d999901821b46e3e9f3486f0af4cddb49da62a',
    connection: 'close'
  },
  rateLimit: { limit: 1, remaining: 0, reset: 1734588901 },
  data: {
    title: 'Too Many Requests',
    detail: 'Too Many Requests',
    type: 'about:blank',
    status: 429
  }
}
Error fetching tweets: ApiResponseError: Request failed with code 429
    at RequestHandlerHelper.createResponseError (/home/ubuntu/apps/gotravel/node_modules/twitter-api-v2/dist/cjs/client-mixins/request-handler.helper.js:104:16)
    at RequestHandlerHelper.onResponseEndHandler (/home/ubuntu/apps/gotravel/node_modules/twitter-api-v2/dist/cjs/client-mixins/request-handler.helper.js:262:25)
    at Gunzip.emit (node:events:517:28)
    at endReadableNT (node:internal/streams/readable:1400:12)
    at process.processTicksAndRejections (node:internal/process/task_queues:82:21) {
  error: true,
  type: 'response',
  code: 429,
  headers: {
    date: 'Fri, 20 Dec 2024 06:00:01 UTC',
    perf: '7402827104',
    server: 'tsa_b',
    'set-cookie': [
      'guest_id=v1%3A173467440170515889; Max-Age=34214400; Expires=Tue, 20 Jan 2026 06:00:01 GMT; Path=/; Domain=.twitter.com; Secure; SameSite=None'
    ],
    'api-version': '2.119',
    'content-type': 'application/json; charset=utf-8',
    'cache-control': 'no-cache, no-store, max-age=0',
    'content-length': '94',
    'x-access-level': 'read',
    'x-frame-options': 'SAMEORIGIN',
    'content-encoding': 'gzip',
    'x-transaction-id': '7f4275e1990f7255',
    'x-xss-protection': '0',
    'x-rate-limit-limit': '1',
    'x-rate-limit-reset': '1734675301',
    'content-disposition': 'attachment; filename=json.json',
    'x-content-type-options': 'nosniff',
    'x-rate-limit-remaining': '0',
    'strict-transport-security': 'max-age=631138519',
    'x-response-time': '10',
    'x-connection-hash': 'f115dc9671437b2c3c7093a834ffcede76cb1b75500c378b93f08e803076c815',
    connection: 'close'
  },
  rateLimit: { limit: 1, remaining: 0, reset: 1734675301 },
  data: {
    title: 'Too Many Requests',
    detail: 'Too Many Requests',
    type: 'about:blank',
    status: 429
  }
}
Error fetching tweets: ApiResponseError: Request failed with code 429
    at RequestHandlerHelper.createResponseError (/home/ubuntu/apps/gotravel/node_modules/twitter-api-v2/dist/cjs/client-mixins/request-handler.helper.js:104:16)
    at RequestHandlerHelper.onResponseEndHandler (/home/ubuntu/apps/gotravel/node_modules/twitter-api-v2/dist/cjs/client-mixins/request-handler.helper.js:262:25)
    at Gunzip.emit (node:events:517:28)
    at endReadableNT (node:internal/streams/readable:1400:12)
    at process.processTicksAndRejections (node:internal/process/task_queues:82:21) {
  error: true,
  type: 'response',
  code: 429,
  headers: {
    date: 'Sat, 21 Dec 2024 06:00:02 UTC',
    perf: '7402827104',
    server: 'tsa_b',
    'set-cookie': [
      'guest_id=v1%3A173476080266211181; Max-Age=34214400; Expires=Wed, 21 Jan 2026 06:00:02 GMT; Path=/; Domain=.twitter.com; Secure; SameSite=None'
    ],
    'api-version': '2.119',
    'content-type': 'application/json; charset=utf-8',
    'cache-control': 'no-cache, no-store, max-age=0',
    'content-length': '196',
    'x-access-level': 'read',
    'x-frame-options': 'SAMEORIGIN',
    'content-encoding': 'gzip',
    'x-transaction-id': '3dcc6f27855a4769',
    'x-xss-protection': '0',
    'x-rate-limit-limit': '40000',
    'x-rate-limit-reset': '1734761702',
    'content-disposition': 'attachment; filename=json.json',
    'x-content-type-options': 'nosniff',
    'x-rate-limit-remaining': '39999',
    'strict-transport-security': 'max-age=631138519',
    'x-response-time': '18',
    'x-connection-hash': '6be57a33127e0d5ab046b2dbf50454dac3026946e590f0a607bc15dcb80e16c1',
    connection: 'close'
  },
  rateLimit: { limit: 40000, remaining: 39999, reset: 1734761702 },
  data: {
    account_id: 1821227857097715700,
    product_name: 'standard-basic',
    title: 'UsageCapExceeded',
    period: 'Monthly',
    scope: 'Product',
    detail: 'Usage cap exceeded: Monthly product cap',
    type: 'https://api.twitter.com/2/problems/usage-capped'
  }
}
Error fetching tweets: ApiResponseError: Request failed with code 429
    at RequestHandlerHelper.createResponseError (/home/ubuntu/apps/gotravel/node_modules/twitter-api-v2/dist/cjs/client-mixins/request-handler.helper.js:104:16)
    at RequestHandlerHelper.onResponseEndHandler (/home/ubuntu/apps/gotravel/node_modules/twitter-api-v2/dist/cjs/client-mixins/request-handler.helper.js:262:25)
    at Gunzip.emit (node:events:517:28)
    at endReadableNT (node:internal/streams/readable:1400:12)
    at process.processTicksAndRejections (node:internal/process/task_queues:82:21) {
  error: true,
  type: 'response',
  code: 429,
  headers: {
    date: 'Sun, 22 Dec 2024 06:00:03 UTC',
    perf: '7402827104',
    server: 'tsa_b',
    'set-cookie': [
      'guest_id=v1%3A173484720306290291; Max-Age=34214400; Expires=Thu, 22 Jan 2026 06:00:03 GMT; Path=/; Domain=.twitter.com; Secure; SameSite=None'
    ],
    'api-version': '2.119',
    'content-type': 'application/json; charset=utf-8',
    'cache-control': 'no-cache, no-store, max-age=0',
    'content-length': '196',
    'x-access-level': 'read',
    'x-frame-options': 'SAMEORIGIN',
    'content-encoding': 'gzip',
    'x-transaction-id': 'ef7188955a1042fd',
    'x-xss-protection': '0',
    'x-rate-limit-limit': '40000',
    'x-rate-limit-reset': '1734848103',
    'content-disposition': 'attachment; filename=json.json',
    'x-content-type-options': 'nosniff',
    'x-rate-limit-remaining': '39998',
    'strict-transport-security': 'max-age=631138519',
    'x-response-time': '14',
    'x-connection-hash': '4793452e8e187e4ce09810d460944bc32101e2371564e3ac1cdd453f2e4a6917',
    connection: 'close'
  },
  rateLimit: { limit: 40000, remaining: 39998, reset: 1734848103 },
  data: {
    account_id: 1821227857097715700,
    product_name: 'standard-basic',
    title: 'UsageCapExceeded',
    period: 'Monthly',
    scope: 'Product',
    detail: 'Usage cap exceeded: Monthly product cap',
    type: 'https://api.twitter.com/2/problems/usage-capped'
  }
}
Error fetching tweets: ApiResponseError: Request failed with code 429
    at RequestHandlerHelper.createResponseError (/home/ubuntu/apps/gotravel/node_modules/twitter-api-v2/dist/cjs/client-mixins/request-handler.helper.js:104:16)
    at RequestHandlerHelper.onResponseEndHandler (/home/ubuntu/apps/gotravel/node_modules/twitter-api-v2/dist/cjs/client-mixins/request-handler.helper.js:262:25)
    at Gunzip.emit (node:events:517:28)
    at endReadableNT (node:internal/streams/readable:1400:12)
    at process.processTicksAndRejections (node:internal/process/task_queues:82:21) {
  error: true,
  type: 'response',
  code: 429,
  headers: {
    date: 'Mon, 23 Dec 2024 06:00:02 UTC',
    perf: '7402827104',
    server: 'tsa_b',
    'set-cookie': [
      'guest_id=v1%3A173493360207803399; Max-Age=34214400; Expires=Fri, 23 Jan 2026 06:00:02 GMT; Path=/; Domain=.twitter.com; Secure; SameSite=None'
    ],
    'api-version': '2.119',
    'content-type': 'application/json; charset=utf-8',
    'cache-control': 'no-cache, no-store, max-age=0',
    'content-length': '196',
    'x-access-level': 'read',
    'x-frame-options': 'SAMEORIGIN',
    'content-encoding': 'gzip',
    'x-transaction-id': '9d2a82e1c28bc795',
    'x-xss-protection': '0',
    'x-rate-limit-limit': '40000',
    'x-rate-limit-reset': '1734934502',
    'content-disposition': 'attachment; filename=json.json',
    'x-content-type-options': 'nosniff',
    'x-rate-limit-remaining': '39999',
    'strict-transport-security': 'max-age=631138519',
    'x-response-time': '17',
    'x-connection-hash': '1f1253caf57e4193fc7a7ff8ada2cd109ca6b63115a43f91915bfeda745cca62',
    connection: 'close'
  },
  rateLimit: { limit: 40000, remaining: 39999, reset: 1734934502 },
  data: {
    account_id: 1821227857097715700,
    product_name: 'standard-basic',
    title: 'UsageCapExceeded',
    period: 'Monthly',
    scope: 'Product',
    detail: 'Usage cap exceeded: Monthly product cap',
    type: 'https://api.twitter.com/2/problems/usage-capped'
  }
}
Error fetching tweets: ApiResponseError: Request failed with code 429
    at RequestHandlerHelper.createResponseError (/home/ubuntu/apps/gotravel/node_modules/twitter-api-v2/dist/cjs/client-mixins/request-handler.helper.js:104:16)
    at RequestHandlerHelper.onResponseEndHandler (/home/ubuntu/apps/gotravel/node_modules/twitter-api-v2/dist/cjs/client-mixins/request-handler.helper.js:262:25)
    at Gunzip.emit (node:events:517:28)
    at endReadableNT (node:internal/streams/readable:1400:12)
    at process.processTicksAndRejections (node:internal/process/task_queues:82:21) {
  error: true,
  type: 'response',
  code: 429,
  headers: {
    date: 'Tue, 24 Dec 2024 06:00:01 UTC',
    perf: '7402827104',
    server: 'tsa_b',
    'set-cookie': [
      'guest_id=v1%3A173502000179811967; Max-Age=34214400; Expires=Sat, 24 Jan 2026 06:00:01 GMT; Path=/; Domain=.twitter.com; Secure; SameSite=None'
    ],
    'api-version': '2.119',
    'content-type': 'application/json; charset=utf-8',
    'cache-control': 'no-cache, no-store, max-age=0',
    'content-length': '196',
    'x-access-level': 'read',
    'x-frame-options': 'SAMEORIGIN',
    'content-encoding': 'gzip',
    'x-transaction-id': '4d015c7503766c13',
    'x-xss-protection': '0',
    'x-rate-limit-limit': '40000',
    'x-rate-limit-reset': '1735020901',
    'content-disposition': 'attachment; filename=json.json',
    'x-content-type-options': 'nosniff',
    'x-rate-limit-remaining': '39998',
    'strict-transport-security': 'max-age=631138519',
    'x-response-time': '15',
    'x-connection-hash': '4d57f3f6dfe14daf63e73766b7f5cf5b8d3a8c1ff12462eda5c663c3837b9007',
    connection: 'close'
  },
  rateLimit: { limit: 40000, remaining: 39998, reset: 1735020901 },
  data: {
    account_id: 1821227857097715700,
    product_name: 'standard-basic',
    title: 'UsageCapExceeded',
    period: 'Monthly',
    scope: 'Product',
    detail: 'Usage cap exceeded: Monthly product cap',
    type: 'https://api.twitter.com/2/problems/usage-capped'
  }
}
Error fetching tweets: ApiResponseError: Request failed with code 429
    at RequestHandlerHelper.createResponseError (/home/ubuntu/apps/gotravel/node_modules/twitter-api-v2/dist/cjs/client-mixins/request-handler.helper.js:104:16)
    at RequestHandlerHelper.onResponseEndHandler (/home/ubuntu/apps/gotravel/node_modules/twitter-api-v2/dist/cjs/client-mixins/request-handler.helper.js:262:25)
    at Gunzip.emit (node:events:517:28)
    at endReadableNT (node:internal/streams/readable:1400:12)
    at process.processTicksAndRejections (node:internal/process/task_queues:82:21) {
  error: true,
  type: 'response',
  code: 429,
  headers: {
    date: 'Wed, 25 Dec 2024 06:00:02 UTC',
    perf: '7402827104',
    server: 'tsa_b',
    'set-cookie': [
      'guest_id=v1%3A173510640296249351; Max-Age=34214400; Expires=Sun, 25 Jan 2026 06:00:02 GMT; Path=/; Domain=.twitter.com; Secure; SameSite=None'
    ],
    'api-version': '2.119',
    'content-type': 'application/json; charset=utf-8',
    'cache-control': 'no-cache, no-store, max-age=0',
    'content-length': '196',
    'x-access-level': 'read',
    'x-frame-options': 'SAMEORIGIN',
    'content-encoding': 'gzip',
    'x-transaction-id': '663bb596a115a3b6',
    'x-xss-protection': '0',
    'x-rate-limit-limit': '40000',
    'x-rate-limit-reset': '1735107302',
    'content-disposition': 'attachment; filename=json.json',
    'x-content-type-options': 'nosniff',
    'x-rate-limit-remaining': '39999',
    'strict-transport-security': 'max-age=631138519',
    'x-response-time': '18',
    'x-connection-hash': '917192ac297a031d0fd2f2083fe5216caca3bac9a425fa696ad7901792686a73',
    connection: 'close'
  },
  rateLimit: { limit: 40000, remaining: 39999, reset: 1735107302 },
  data: {
    account_id: 1821227857097715700,
    product_name: 'standard-basic',
    title: 'UsageCapExceeded',
    period: 'Monthly',
    scope: 'Product',
    detail: 'Usage cap exceeded: Monthly product cap',
    type: 'https://api.twitter.com/2/problems/usage-capped'
  }
}
Error fetching tweets: ApiResponseError: Request failed with code 429
    at RequestHandlerHelper.createResponseError (/home/ubuntu/apps/gotravel/node_modules/twitter-api-v2/dist/cjs/client-mixins/request-handler.helper.js:104:16)
    at RequestHandlerHelper.onResponseEndHandler (/home/ubuntu/apps/gotravel/node_modules/twitter-api-v2/dist/cjs/client-mixins/request-handler.helper.js:262:25)
    at Gunzip.emit (node:events:517:28)
    at endReadableNT (node:internal/streams/readable:1400:12)
    at process.processTicksAndRejections (node:internal/process/task_queues:82:21) {
  error: true,
  type: 'response',
  code: 429,
  headers: {
    date: 'Thu, 26 Dec 2024 06:00:01 UTC',
    perf: '7402827104',
    server: 'tsa_b',
    'set-cookie': [
      'guest_id=v1%3A173519280180697277; Max-Age=34214400; Expires=Mon, 26 Jan 2026 06:00:01 GMT; Path=/; Domain=.twitter.com; Secure; SameSite=None'
    ],
    'api-version': '2.119',
    'content-type': 'application/json; charset=utf-8',
    'cache-control': 'no-cache, no-store, max-age=0',
    'content-length': '94',
    'x-access-level': 'read',
    'x-frame-options': 'SAMEORIGIN',
    'content-encoding': 'gzip',
    'x-transaction-id': '7782dbeecd9a37fc',
    'x-xss-protection': '0',
    'x-rate-limit-limit': '1',
    'x-rate-limit-reset': '1735193701',
    'content-disposition': 'attachment; filename=json.json',
    'x-content-type-options': 'nosniff',
    'x-rate-limit-remaining': '0',
    'strict-transport-security': 'max-age=631138519',
    'x-response-time': '10',
    'x-connection-hash': '166e61b87cff78a01c4288a64d1d8c9907e2c4c32d23212888ab6a1e29577f2d',
    connection: 'close'
  },
  rateLimit: { limit: 1, remaining: 0, reset: 1735193701 },
  data: {
    title: 'Too Many Requests',
    detail: 'Too Many Requests',
    type: 'about:blank',
    status: 429
  }
}
Error fetching tweets: ApiResponseError: Request failed with code 429
    at RequestHandlerHelper.createResponseError (/home/ubuntu/apps/gotravel/node_modules/twitter-api-v2/dist/cjs/client-mixins/request-handler.helper.js:104:16)
    at RequestHandlerHelper.onResponseEndHandler (/home/ubuntu/apps/gotravel/node_modules/twitter-api-v2/dist/cjs/client-mixins/request-handler.helper.js:262:25)
    at Gunzip.emit (node:events:517:28)
    at endReadableNT (node:internal/streams/readable:1400:12)
    at process.processTicksAndRejections (node:internal/process/task_queues:82:21) {
  error: true,
  type: 'response',
  code: 429,
  headers: {
    date: 'Fri, 27 Dec 2024 06:00:02 UTC',
    perf: '7402827104',
    server: 'tsa_b',
    'set-cookie': [
      'guest_id=v1%3A173527920232781505; Max-Age=34214400; Expires=Tue, 27 Jan 2026 06:00:02 GMT; Path=/; Domain=.twitter.com; Secure; SameSite=None'
    ],
    'api-version': '2.119',
    'content-type': 'application/json; charset=utf-8',
    'cache-control': 'no-cache, no-store, max-age=0',
    'content-length': '196',
    'x-access-level': 'read',
    'x-frame-options': 'SAMEORIGIN',
    'content-encoding': 'gzip',
    'x-transaction-id': '9c323c1a27423be6',
    'x-xss-protection': '0',
    'x-rate-limit-limit': '40000',
    'x-rate-limit-reset': '1735280102',
    'content-disposition': 'attachment; filename=json.json',
    'x-content-type-options': 'nosniff',
    'x-rate-limit-remaining': '39999',
    'strict-transport-security': 'max-age=631138519',
    'x-response-time': '16',
    'x-connection-hash': 'd189bd9489b26b8879e150d3e22a63bc01d823cef73e3652b0402c8a317fd8b7',
    connection: 'close'
  },
  rateLimit: { limit: 40000, remaining: 39999, reset: 1735280102 },
  data: {
    account_id: 1821227857097715700,
    product_name: 'standard-basic',
    title: 'UsageCapExceeded',
    period: 'Monthly',
    scope: 'Product',
    detail: 'Usage cap exceeded: Monthly product cap',
    type: 'https://api.twitter.com/2/problems/usage-capped'
  }
}
Error fetching tweets: ApiResponseError: Request failed with code 429
    at RequestHandlerHelper.createResponseError (/home/ubuntu/apps/gotravel/node_modules/twitter-api-v2/dist/cjs/client-mixins/request-handler.helper.js:104:16)
    at RequestHandlerHelper.onResponseEndHandler (/home/ubuntu/apps/gotravel/node_modules/twitter-api-v2/dist/cjs/client-mixins/request-handler.helper.js:262:25)
    at Gunzip.emit (node:events:517:28)
    at endReadableNT (node:internal/streams/readable:1400:12)
    at process.processTicksAndRejections (node:internal/process/task_queues:82:21) {
  error: true,
  type: 'response',
  code: 429,
  headers: {
    date: 'Sat, 28 Dec 2024 06:00:02 UTC',
    perf: '7402827104',
    server: 'tsa_b',
    'set-cookie': [
      'guest_id=v1%3A173536560297809961; Max-Age=34214400; Expires=Wed, 28 Jan 2026 06:00:02 GMT; Path=/; Domain=.twitter.com; Secure; SameSite=None'
    ],
    'api-version': '2.119',
    'content-type': 'application/json; charset=utf-8',
    'cache-control': 'no-cache, no-store, max-age=0',
    'content-length': '94',
    'x-access-level': 'read',
    'x-frame-options': 'SAMEORIGIN',
    'content-encoding': 'gzip',
    'x-transaction-id': '8c74b1cf21896796',
    'x-xss-protection': '0',
    'x-rate-limit-limit': '1',
    'x-rate-limit-reset': '1735366502',
    'content-disposition': 'attachment; filename=json.json',
    'x-content-type-options': 'nosniff',
    'x-rate-limit-remaining': '0',
    'strict-transport-security': 'max-age=631138519',
    'x-response-time': '13',
    'x-connection-hash': '9f4e40ce3672d43f06084747e0c606a59d1d19c095a5ec7e2c99200ab05239fe',
    connection: 'close'
  },
  rateLimit: { limit: 1, remaining: 0, reset: 1735366502 },
  data: {
    title: 'Too Many Requests',
    detail: 'Too Many Requests',
    type: 'about:blank',
    status: 429
  }
}
Error fetching tweets: ApiResponseError: Request failed with code 429
    at RequestHandlerHelper.createResponseError (/home/ubuntu/apps/gotravel/node_modules/twitter-api-v2/dist/cjs/client-mixins/request-handler.helper.js:104:16)
    at RequestHandlerHelper.onResponseEndHandler (/home/ubuntu/apps/gotravel/node_modules/twitter-api-v2/dist/cjs/client-mixins/request-handler.helper.js:262:25)
    at Gunzip.emit (node:events:517:28)
    at endReadableNT (node:internal/streams/readable:1400:12)
    at process.processTicksAndRejections (node:internal/process/task_queues:82:21) {
  error: true,
  type: 'response',
  code: 429,
  headers: {
    date: 'Sun, 29 Dec 2024 06:00:01 UTC',
    perf: '7402827104',
    server: 'tsa_b',
    'set-cookie': [
      'guest_id=v1%3A173545200156830064; Max-Age=34214400; Expires=Thu, 29 Jan 2026 06:00:01 GMT; Path=/; Domain=.twitter.com; Secure; SameSite=None'
    ],
    'api-version': '2.119',
    'content-type': 'application/json; charset=utf-8',
    'cache-control': 'no-cache, no-store, max-age=0',
    'content-length': '94',
    'x-access-level': 'read',
    'x-frame-options': 'SAMEORIGIN',
    'content-encoding': 'gzip',
    'x-transaction-id': 'fa628e7dcfc0bf04',
    'x-xss-protection': '0',
    'x-rate-limit-limit': '1',
    'x-rate-limit-reset': '1735452901',
    'content-disposition': 'attachment; filename=json.json',
    'x-content-type-options': 'nosniff',
    'x-rate-limit-remaining': '0',
    'strict-transport-security': 'max-age=631138519',
    'x-response-time': '9',
    'x-connection-hash': '5dcf315169f3540ea4e72bd5db312be8ca2867e33b039afc2634fcca6229352c',
    connection: 'close'
  },
  rateLimit: { limit: 1, remaining: 0, reset: 1735452901 },
  data: {
    title: 'Too Many Requests',
    detail: 'Too Many Requests',
    type: 'about:blank',
    status: 429
  }
}
Error fetching tweets: ApiResponseError: Request failed with code 429
    at RequestHandlerHelper.createResponseError (/home/ubuntu/apps/gotravel/node_modules/twitter-api-v2/dist/cjs/client-mixins/request-handler.helper.js:104:16)
    at RequestHandlerHelper.onResponseEndHandler (/home/ubuntu/apps/gotravel/node_modules/twitter-api-v2/dist/cjs/client-mixins/request-handler.helper.js:262:25)
    at Gunzip.emit (node:events:517:28)
    at endReadableNT (node:internal/streams/readable:1400:12)
    at process.processTicksAndRejections (node:internal/process/task_queues:82:21) {
  error: true,
  type: 'response',
  code: 429,
  headers: {
    date: 'Mon, 30 Dec 2024 06:00:01 UTC',
    perf: '7402827104',
    server: 'tsa_b',
    'set-cookie': [
      'guest_id=v1%3A173553840159074697; Max-Age=34214400; Expires=Fri, 30 Jan 2026 06:00:01 GMT; Path=/; Domain=.twitter.com; Secure; SameSite=None'
    ],
    'api-version': '2.119',
    'content-type': 'application/json; charset=utf-8',
    'cache-control': 'no-cache, no-store, max-age=0',
    'content-length': '94',
    'x-access-level': 'read',
    'x-frame-options': 'SAMEORIGIN',
    'content-encoding': 'gzip',
    'x-transaction-id': '5b11ca75e0d0e473',
    'x-xss-protection': '0',
    'x-rate-limit-limit': '1',
    'x-rate-limit-reset': '1735539301',
    'content-disposition': 'attachment; filename=json.json',
    'x-content-type-options': 'nosniff',
    'x-rate-limit-remaining': '0',
    'strict-transport-security': 'max-age=631138519',
    'x-response-time': '14',
    'x-connection-hash': 'b8c511367d3b949ea428975bd168bcc8d1b644a664f85b29adac3e650adb58bb',
    connection: 'close'
  },
  rateLimit: { limit: 1, remaining: 0, reset: 1735539301 },
  data: {
    title: 'Too Many Requests',
    detail: 'Too Many Requests',
    type: 'about:blank',
    status: 429
  }
}
Error fetching tweets: ApiResponseError: Request failed with code 429
    at RequestHandlerHelper.createResponseError (/home/ubuntu/apps/gotravel/node_modules/twitter-api-v2/dist/cjs/client-mixins/request-handler.helper.js:104:16)
    at RequestHandlerHelper.onResponseEndHandler (/home/ubuntu/apps/gotravel/node_modules/twitter-api-v2/dist/cjs/client-mixins/request-handler.helper.js:262:25)
    at Gunzip.emit (node:events:517:28)
    at endReadableNT (node:internal/streams/readable:1400:12)
    at process.processTicksAndRejections (node:internal/process/task_queues:82:21) {
  error: true,
  type: 'response',
  code: 429,
  headers: {
    date: 'Tue, 31 Dec 2024 06:00:01 UTC',
    perf: '7402827104',
    server: 'tsa_b',
    'set-cookie': [
      'guest_id=v1%3A173562480187089245; Max-Age=34214400; Expires=Sat, 31 Jan 2026 06:00:01 GMT; Path=/; Domain=.twitter.com; Secure; SameSite=None'
    ],
    'api-version': '2.119',
    'content-type': 'application/json; charset=utf-8',
    'cache-control': 'no-cache, no-store, max-age=0',
    'content-length': '196',
    'x-access-level': 'read',
    'x-frame-options': 'SAMEORIGIN',
    'content-encoding': 'gzip',
    'x-transaction-id': '49c79e5a1fd2f6e0',
    'x-xss-protection': '0',
    'x-rate-limit-limit': '40000',
    'x-rate-limit-reset': '1735625701',
    'content-disposition': 'attachment; filename=json.json',
    'x-content-type-options': 'nosniff',
    'x-rate-limit-remaining': '39999',
    'strict-transport-security': 'max-age=631138519',
    'x-response-time': '20',
    'x-connection-hash': '8e452baad06c8942748fec9201f506fb8dc3b1d5d7708965fc8a669e0fcb04bf',
    connection: 'close'
  },
  rateLimit: { limit: 40000, remaining: 39999, reset: 1735625701 },
  data: {
    account_id: 1821227857097715700,
    product_name: 'standard-basic',
    title: 'UsageCapExceeded',
    period: 'Monthly',
    scope: 'Product',
    detail: 'Usage cap exceeded: Monthly product cap',
    type: 'https://api.twitter.com/2/problems/usage-capped'
  }
}
Error fetching tweets: ApiResponseError: Request failed with code 429
    at RequestHandlerHelper.createResponseError (/home/ubuntu/apps/gotravel/node_modules/twitter-api-v2/dist/cjs/client-mixins/request-handler.helper.js:104:16)
    at RequestHandlerHelper.onResponseEndHandler (/home/ubuntu/apps/gotravel/node_modules/twitter-api-v2/dist/cjs/client-mixins/request-handler.helper.js:262:25)
    at Gunzip.emit (node:events:517:28)
    at endReadableNT (node:internal/streams/readable:1400:12)
    at process.processTicksAndRejections (node:internal/process/task_queues:82:21) {
  error: true,
  type: 'response',
  code: 429,
  headers: {
    date: 'Wed, 01 Jan 2025 06:00:01 UTC',
    perf: '7402827104',
    server: 'tsa_b',
    'set-cookie': [
      'guest_id=v1%3A173571120151752311; Max-Age=34214400; Expires=Sun, 01 Feb 2026 06:00:01 GMT; Path=/; Domain=.twitter.com; Secure; SameSite=None'
    ],
    'api-version': '2.119',
    'content-type': 'application/json; charset=utf-8',
    'cache-control': 'no-cache, no-store, max-age=0',
    'content-length': '196',
    'x-access-level': 'read',
    'x-frame-options': 'SAMEORIGIN',
    'content-encoding': 'gzip',
    'x-transaction-id': '492d223df9da13ee',
    'x-xss-protection': '0',
    'x-rate-limit-limit': '40000',
    'x-rate-limit-reset': '1735712101',
    'content-disposition': 'attachment; filename=json.json',
    'x-content-type-options': 'nosniff',
    'x-rate-limit-remaining': '39999',
    'strict-transport-security': 'max-age=631138519',
    'x-response-time': '17',
    'x-connection-hash': '6dd13a3fa2ccc0224d58e3932c13a3b682e380092ce432f57da690b87796050d',
    connection: 'close'
  },
  rateLimit: { limit: 40000, remaining: 39999, reset: 1735712101 },
  data: {
    account_id: 1821227857097715700,
    product_name: 'standard-basic',
    title: 'UsageCapExceeded',
    period: 'Monthly',
    scope: 'Product',
    detail: 'Usage cap exceeded: Monthly product cap',
    type: 'https://api.twitter.com/2/problems/usage-capped'
  }
}
Error fetching tweets: ApiResponseError: Request failed with code 429
    at RequestHandlerHelper.createResponseError (/home/ubuntu/apps/gotravel/node_modules/twitter-api-v2/dist/cjs/client-mixins/request-handler.helper.js:104:16)
    at RequestHandlerHelper.onResponseEndHandler (/home/ubuntu/apps/gotravel/node_modules/twitter-api-v2/dist/cjs/client-mixins/request-handler.helper.js:262:25)
    at Gunzip.emit (node:events:517:28)
    at endReadableNT (node:internal/streams/readable:1400:12)
    at process.processTicksAndRejections (node:internal/process/task_queues:82:21) {
  error: true,
  type: 'response',
  code: 429,
  headers: {
    date: 'Thu, 02 Jan 2025 06:00:02 UTC',
    perf: '7402827104',
    server: 'tsa_b',
    'set-cookie': [
      'guest_id=v1%3A173579760243110949; Max-Age=34214400; Expires=Mon, 02 Feb 2026 06:00:02 GMT; Path=/; Domain=.twitter.com; Secure; SameSite=None'
    ],
    'api-version': '2.119',
    'content-type': 'application/json; charset=utf-8',
    'cache-control': 'no-cache, no-store, max-age=0',
    'content-length': '94',
    'x-access-level': 'read',
    'x-frame-options': 'SAMEORIGIN',
    'content-encoding': 'gzip',
    'x-transaction-id': 'f3ff5973bc7995de',
    'x-xss-protection': '0',
    'x-rate-limit-limit': '1',
    'x-rate-limit-reset': '1735798502',
    'content-disposition': 'attachment; filename=json.json',
    'x-content-type-options': 'nosniff',
    'x-rate-limit-remaining': '0',
    'strict-transport-security': 'max-age=631138519',
    'x-response-time': '12',
    'x-connection-hash': '199a0038c3bdeda2867c72d1b236205974a5bc53286507f566b617af8a0a5a2f',
    connection: 'close'
  },
  rateLimit: { limit: 1, remaining: 0, reset: 1735798502 },
  data: {
    title: 'Too Many Requests',
    detail: 'Too Many Requests',
    type: 'about:blank',
    status: 429
  }
}
Error fetching tweets: ApiResponseError: Request failed with code 429
    at RequestHandlerHelper.createResponseError (/home/ubuntu/apps/gotravel/node_modules/twitter-api-v2/dist/cjs/client-mixins/request-handler.helper.js:104:16)
    at RequestHandlerHelper.onResponseEndHandler (/home/ubuntu/apps/gotravel/node_modules/twitter-api-v2/dist/cjs/client-mixins/request-handler.helper.js:262:25)
    at Gunzip.emit (node:events:517:28)
    at endReadableNT (node:internal/streams/readable:1400:12)
    at process.processTicksAndRejections (node:internal/process/task_queues:82:21) {
  error: true,
  type: 'response',
  code: 429,
  headers: {
    date: 'Fri, 03 Jan 2025 06:00:01 UTC',
    perf: '7402827104',
    server: 'tsa_b',
    'set-cookie': [
      'guest_id=v1%3A173588400194954688; Max-Age=34214400; Expires=Tue, 03 Feb 2026 06:00:01 GMT; Path=/; Domain=.twitter.com; Secure; SameSite=None'
    ],
    'api-version': '2.119',
    'content-type': 'application/json; charset=utf-8',
    'cache-control': 'no-cache, no-store, max-age=0',
    'content-length': '196',
    'x-access-level': 'read',
    'x-frame-options': 'SAMEORIGIN',
    'content-encoding': 'gzip',
    'x-transaction-id': 'e92a1fb7bcd3d1aa',
    'x-xss-protection': '0',
    'x-rate-limit-limit': '40000',
    'x-rate-limit-reset': '1735884901',
    'content-disposition': 'attachment; filename=json.json',
    'x-content-type-options': 'nosniff',
    'x-rate-limit-remaining': '39999',
    'strict-transport-security': 'max-age=631138519',
    'x-response-time': '17',
    'x-connection-hash': '6b7dc9d2896e80df1e6385618f56ccda0596d5e74d7b4f8fd0086ebb73155b98',
    connection: 'close'
  },
  rateLimit: { limit: 40000, remaining: 39999, reset: 1735884901 },
  data: {
    account_id: 1821227857097715700,
    product_name: 'standard-basic',
    title: 'UsageCapExceeded',
    period: 'Monthly',
    scope: 'Product',
    detail: 'Usage cap exceeded: Monthly product cap',
    type: 'https://api.twitter.com/2/problems/usage-capped'
  }
}
Error fetching tweets: ApiResponseError: Request failed with code 429
    at RequestHandlerHelper.createResponseError (/home/ubuntu/apps/gotravel/node_modules/twitter-api-v2/dist/cjs/client-mixins/request-handler.helper.js:104:16)
    at RequestHandlerHelper.onResponseEndHandler (/home/ubuntu/apps/gotravel/node_modules/twitter-api-v2/dist/cjs/client-mixins/request-handler.helper.js:262:25)
    at Gunzip.emit (node:events:517:28)
    at endReadableNT (node:internal/streams/readable:1400:12)
    at process.processTicksAndRejections (node:internal/process/task_queues:82:21) {
  error: true,
  type: 'response',
  code: 429,
  headers: {
    date: 'Sat, 04 Jan 2025 06:00:01 UTC',
    perf: '7402827104',
    server: 'tsa_b',
    'set-cookie': [
      'guest_id=v1%3A173597040156748736; Max-Age=34214400; Expires=Wed, 04 Feb 2026 06:00:01 GMT; Path=/; Domain=.twitter.com; Secure; SameSite=None'
    ],
    'api-version': '2.119',
    'content-type': 'application/json; charset=utf-8',
    'cache-control': 'no-cache, no-store, max-age=0',
    'content-length': '196',
    'x-access-level': 'read',
    'x-frame-options': 'SAMEORIGIN',
    'content-encoding': 'gzip',
    'x-transaction-id': '54d296588ed28729',
    'x-xss-protection': '0',
    'x-rate-limit-limit': '40000',
    'x-rate-limit-reset': '1735971301',
    'content-disposition': 'attachment; filename=json.json',
    'x-content-type-options': 'nosniff',
    'x-rate-limit-remaining': '39999',
    'strict-transport-security': 'max-age=631138519',
    'x-response-time': '18',
    'x-connection-hash': '79ce0ddbff8265418fae00a786efc6a3a8167ebf96a0e7c974d0aeeccc8a06bf',
    connection: 'close'
  },
  rateLimit: { limit: 40000, remaining: 39999, reset: 1735971301 },
  data: {
    account_id: 1821227857097715700,
    product_name: 'standard-basic',
    title: 'UsageCapExceeded',
    period: 'Monthly',
    scope: 'Product',
    detail: 'Usage cap exceeded: Monthly product cap',
    type: 'https://api.twitter.com/2/problems/usage-capped'
  }
}
Error fetching tweets: ApiResponseError: Request failed with code 429
    at RequestHandlerHelper.createResponseError (/home/ubuntu/apps/gotravel/node_modules/twitter-api-v2/dist/cjs/client-mixins/request-handler.helper.js:104:16)
    at RequestHandlerHelper.onResponseEndHandler (/home/ubuntu/apps/gotravel/node_modules/twitter-api-v2/dist/cjs/client-mixins/request-handler.helper.js:262:25)
    at Gunzip.emit (node:events:517:28)
    at endReadableNT (node:internal/streams/readable:1400:12)
    at process.processTicksAndRejections (node:internal/process/task_queues:82:21) {
  error: true,
  type: 'response',
  code: 429,
  headers: {
    date: 'Sun, 05 Jan 2025 06:00:02 UTC',
    perf: '7402827104',
    server: 'tsa_b',
    'set-cookie': [
      'guest_id=v1%3A173605680200480695; Max-Age=34214400; Expires=Thu, 05 Feb 2026 06:00:02 GMT; Path=/; Domain=.twitter.com; Secure; SameSite=None'
    ],
    'api-version': '2.119',
    'content-type': 'application/json; charset=utf-8',
    'cache-control': 'no-cache, no-store, max-age=0',
    'content-length': '94',
    'x-access-level': 'read',
    'x-frame-options': 'SAMEORIGIN',
    'content-encoding': 'gzip',
    'x-transaction-id': 'c4639b728e26bc09',
    'x-xss-protection': '0',
    'x-rate-limit-limit': '1',
    'x-rate-limit-reset': '1736057702',
    'content-disposition': 'attachment; filename=json.json',
    'x-content-type-options': 'nosniff',
    'x-rate-limit-remaining': '0',
    'strict-transport-security': 'max-age=631138519',
    'x-response-time': '12',
    'x-connection-hash': 'e7d089744ea10d7d67fb86f80e21ce07d2b2911137a8ce1c8db8d32ca21233bc',
    connection: 'close'
  },
  rateLimit: { limit: 1, remaining: 0, reset: 1736057702 },
  data: {
    title: 'Too Many Requests',
    detail: 'Too Many Requests',
    type: 'about:blank',
    status: 429
  }
}
Error fetching tweets: ApiResponseError: Request failed with code 429
    at RequestHandlerHelper.createResponseError (/home/ubuntu/apps/gotravel/node_modules/twitter-api-v2/dist/cjs/client-mixins/request-handler.helper.js:104:16)
    at RequestHandlerHelper.onResponseEndHandler (/home/ubuntu/apps/gotravel/node_modules/twitter-api-v2/dist/cjs/client-mixins/request-handler.helper.js:262:25)
    at Gunzip.emit (node:events:517:28)
    at endReadableNT (node:internal/streams/readable:1400:12)
    at process.processTicksAndRejections (node:internal/process/task_queues:82:21) {
  error: true,
  type: 'response',
  code: 429,
  headers: {
    date: 'Mon, 06 Jan 2025 06:00:01 UTC',
    perf: '7402827104',
    server: 'tsa_b',
    'set-cookie': [
      'guest_id=v1%3A173614320168343021; Max-Age=34214400; Expires=Fri, 06 Feb 2026 06:00:01 GMT; Path=/; Domain=.twitter.com; Secure; SameSite=None'
    ],
    'api-version': '2.119',
    'content-type': 'application/json; charset=utf-8',
    'cache-control': 'no-cache, no-store, max-age=0',
    'content-length': '94',
    'x-access-level': 'read',
    'x-frame-options': 'SAMEORIGIN',
    'content-encoding': 'gzip',
    'x-transaction-id': 'e7207be432c1b05f',
    'x-xss-protection': '0',
    'x-rate-limit-limit': '1',
    'x-rate-limit-reset': '1736144101',
    'content-disposition': 'attachment; filename=json.json',
    'x-content-type-options': 'nosniff',
    'x-rate-limit-remaining': '0',
    'strict-transport-security': 'max-age=631138519',
    'x-response-time': '8',
    'x-connection-hash': '8f123034a943853a08558ea6acad02f6d3e6e4fc484609b867e7c72a4ee55071',
    connection: 'close'
  },
  rateLimit: { limit: 1, remaining: 0, reset: 1736144101 },
  data: {
    title: 'Too Many Requests',
    detail: 'Too Many Requests',
    type: 'about:blank',
    status: 429
  }
}
Fetched 20 tweets, added 0 unique tweets.
Updated tweets file with 20 tweets.
Tweets saved to public/tweets.json
Attempting to clear remote tweet cache...
Clear cache status: 200
Clear cache headers: {"connection":["close"],"content-type":["application/json"],"date":["Tue, 07 Jan 2025 06:00:03 GMT"],"server":["nginx/1.18.0 (Ubuntu)"],"transfer-encoding":["chunked"],"vary":["RSC, Next-Router-State-Tree, Next-Router-Prefetch"]}
Clear cache response: {"message":"Cache cleared successfully"}
Remote tweet cache cleared successfully
Updating local cache indicator...
Local cache version updated to 7
Error fetching tweets: ApiResponseError: Request failed with code 429
    at RequestHandlerHelper.createResponseError (/home/ubuntu/apps/gotravel/node_modules/twitter-api-v2/dist/cjs/client-mixins/request-handler.helper.js:104:16)
    at RequestHandlerHelper.onResponseEndHandler (/home/ubuntu/apps/gotravel/node_modules/twitter-api-v2/dist/cjs/client-mixins/request-handler.helper.js:262:25)
    at Gunzip.emit (node:events:517:28)
    at endReadableNT (node:internal/streams/readable:1400:12)
    at process.processTicksAndRejections (node:internal/process/task_queues:82:21) {
  error: true,
  type: 'response',
  code: 429,
  headers: {
    date: 'Wed, 08 Jan 2025 06:00:01 UTC',
    perf: '7402827104',
    server: 'tsa_b',
    'set-cookie': [
      'guest_id=v1%3A173631600150933995; Max-Age=34214400; Expires=Sun, 08 Feb 2026 06:00:01 GMT; Path=/; Domain=.twitter.com; Secure; SameSite=None'
    ],
    'api-version': '2.120',
    'content-type': 'application/json; charset=utf-8',
    'cache-control': 'no-cache, no-store, max-age=0',
    'content-length': '94',
    'x-access-level': 'read',
    'x-frame-options': 'SAMEORIGIN',
    'content-encoding': 'gzip',
    'x-transaction-id': '019f7b2250c06bda',
    'x-xss-protection': '0',
    'x-rate-limit-limit': '1',
    'x-rate-limit-reset': '1736316901',
    'content-disposition': 'attachment; filename=json.json',
    'x-content-type-options': 'nosniff',
    'x-rate-limit-remaining': '0',
    'strict-transport-security': 'max-age=631138519',
    'x-response-time': '10',
    'x-connection-hash': 'e0af07f67d72eab66b7f7f8a387f1cdfc0796c3c629e68dcae71039f244e7b5e',
    connection: 'close'
  },
  rateLimit: { limit: 1, remaining: 0, reset: 1736316901 },
  data: {
    title: 'Too Many Requests',
    detail: 'Too Many Requests',
    type: 'about:blank',
    status: 429
  }
}
Fetched 20 tweets, added 19 unique tweets.
Updated tweets file with 20 tweets.
Tweets saved to public/tweets.json
Attempting to clear remote tweet cache...
Clear cache status: 200
Clear cache headers: {"connection":["close"],"content-type":["application/json"],"date":["Thu, 09 Jan 2025 06:00:02 GMT"],"server":["nginx/1.18.0 (Ubuntu)"],"transfer-encoding":["chunked"],"vary":["RSC, Next-Router-State-Tree, Next-Router-Prefetch"]}
Clear cache response: {"message":"Cache cleared successfully"}
Remote tweet cache cleared successfully
Updating local cache indicator...
Local cache version updated to 9
Error fetching tweets: ApiResponseError: Request failed with code 429
    at RequestHandlerHelper.createResponseError (/home/ubuntu/apps/gotravel/node_modules/twitter-api-v2/dist/cjs/client-mixins/request-handler.helper.js:104:16)
    at RequestHandlerHelper.onResponseEndHandler (/home/ubuntu/apps/gotravel/node_modules/twitter-api-v2/dist/cjs/client-mixins/request-handler.helper.js:262:25)
    at Gunzip.emit (node:events:517:28)
    at endReadableNT (node:internal/streams/readable:1400:12)
    at process.processTicksAndRejections (node:internal/process/task_queues:82:21) {
  error: true,
  type: 'response',
  code: 429,
  headers: {
    date: 'Fri, 10 Jan 2025 06:00:02 UTC',
    perf: '7402827104',
    server: 'tsa_b',
    'set-cookie': [
      'guest_id=v1%3A173648880267179542; Max-Age=34214400; Expires=Tue, 10 Feb 2026 06:00:02 GMT; Path=/; Domain=.twitter.com; Secure; SameSite=None'
    ],
    'api-version': '2.120',
    'content-type': 'application/json; charset=utf-8',
    'cache-control': 'no-cache, no-store, max-age=0',
    'content-length': '94',
    'x-access-level': 'read',
    'x-frame-options': 'SAMEORIGIN',
    'content-encoding': 'gzip',
    'x-transaction-id': '01559852ffe7fead',
    'x-xss-protection': '0',
    'x-rate-limit-limit': '1',
    'x-rate-limit-reset': '1736489702',
    'content-disposition': 'attachment; filename=json.json',
    'x-content-type-options': 'nosniff',
    'x-rate-limit-remaining': '0',
    'strict-transport-security': 'max-age=631138519',
    'x-response-time': '14',
    'x-connection-hash': '66c6fdacbac60f192733ffb06be0ca727f23c068b4f1fef2e846601bccdbb968',
    connection: 'close'
  },
  rateLimit: { limit: 1, remaining: 0, reset: 1736489702 },
  data: {
    title: 'Too Many Requests',
    detail: 'Too Many Requests',
    type: 'about:blank',
    status: 429
  }
}
Fetched 20 tweets, added 20 unique tweets.
Updated tweets file with 20 tweets.
Tweets saved to public/tweets.json
Attempting to clear remote tweet cache...
Clear cache status: 200
Clear cache headers: {"connection":["close"],"content-type":["application/json"],"date":["Sat, 11 Jan 2025 06:00:02 GMT"],"server":["nginx/1.18.0 (Ubuntu)"],"transfer-encoding":["chunked"],"vary":["RSC, Next-Router-State-Tree, Next-Router-Prefetch"]}
Clear cache response: {"message":"Cache cleared successfully"}
Remote tweet cache cleared successfully
Updating local cache indicator...
Local cache version updated to 11
Fetched 20 tweets, added 20 unique tweets.
Updated tweets file with 20 tweets.
Tweets saved to public/tweets.json
Attempting to clear remote tweet cache...
Clear cache status: 200
Clear cache headers: {"connection":["close"],"content-type":["application/json"],"date":["Sun, 12 Jan 2025 06:00:02 GMT"],"server":["nginx/1.18.0 (Ubuntu)"],"transfer-encoding":["chunked"],"vary":["RSC, Next-Router-State-Tree, Next-Router-Prefetch"]}
Clear cache response: {"message":"Cache cleared successfully"}
Remote tweet cache cleared successfully
Updating local cache indicator...
Local cache version updated to 12
Error fetching tweets: ApiResponseError: Request failed with code 429
    at RequestHandlerHelper.createResponseError (/home/ubuntu/apps/gotravel/node_modules/twitter-api-v2/dist/cjs/client-mixins/request-handler.helper.js:104:16)
    at RequestHandlerHelper.onResponseEndHandler (/home/ubuntu/apps/gotravel/node_modules/twitter-api-v2/dist/cjs/client-mixins/request-handler.helper.js:262:25)
    at Gunzip.emit (node:events:517:28)
    at endReadableNT (node:internal/streams/readable:1400:12)
    at process.processTicksAndRejections (node:internal/process/task_queues:82:21) {
  error: true,
  type: 'response',
  code: 429,
  headers: {
    date: 'Mon, 13 Jan 2025 06:00:01 UTC',
    perf: '7402827104',
    server: 'tsa_b',
    'set-cookie': [
      'guest_id=v1%3A173674800189718374; Max-Age=34214400; Expires=Fri, 13 Feb 2026 06:00:01 GMT; Path=/; Domain=.twitter.com; Secure; SameSite=None'
    ],
    'api-version': '2.121',
    'content-type': 'application/json; charset=utf-8',
    'cache-control': 'no-cache, no-store, max-age=0',
    'content-length': '94',
    'x-access-level': 'read',
    'x-frame-options': 'SAMEORIGIN',
    'content-encoding': 'gzip',
    'x-transaction-id': '021d302f331ab218',
    'x-xss-protection': '0',
    'x-rate-limit-limit': '1',
    'x-rate-limit-reset': '1736748901',
    'content-disposition': 'attachment; filename=json.json',
    'x-content-type-options': 'nosniff',
    'x-rate-limit-remaining': '0',
    'strict-transport-security': 'max-age=631138519',
    'x-response-time': '10',
    'x-connection-hash': '1c7dbdbd198b8a5cad8cab6d134f1aea8d6459fe049d477202d512146016fd7c',
    connection: 'close'
  },
  rateLimit: { limit: 1, remaining: 0, reset: 1736748901 },
  data: {
    title: 'Too Many Requests',
    detail: 'Too Many Requests',
    type: 'about:blank',
    status: 429
  }
}
Error fetching tweets: ApiResponseError: Request failed with code 429
    at RequestHandlerHelper.createResponseError (/home/ubuntu/apps/gotravel/node_modules/twitter-api-v2/dist/cjs/client-mixins/request-handler.helper.js:104:16)
    at RequestHandlerHelper.onResponseEndHandler (/home/ubuntu/apps/gotravel/node_modules/twitter-api-v2/dist/cjs/client-mixins/request-handler.helper.js:262:25)
    at Gunzip.emit (node:events:517:28)
    at endReadableNT (node:internal/streams/readable:1400:12)
    at process.processTicksAndRejections (node:internal/process/task_queues:82:21) {
  error: true,
  type: 'response',
  code: 429,
  headers: {
    date: 'Tue, 14 Jan 2025 06:00:01 UTC',
    perf: '7402827104',
    server: 'tsa_b',
    'set-cookie': [
      'guest_id=v1%3A173683440166686517; Max-Age=34214400; Expires=Sat, 14 Feb 2026 06:00:01 GMT; Path=/; Domain=.twitter.com; Secure; SameSite=None'
    ],
    'api-version': '2.121',
    'content-type': 'application/json; charset=utf-8',
    'cache-control': 'no-cache, no-store, max-age=0',
    'content-length': '94',
    'x-access-level': 'read',
    'x-frame-options': 'SAMEORIGIN',
    'content-encoding': 'gzip',
    'x-transaction-id': 'c9d96451df7f3465',
    'x-xss-protection': '0',
    'x-rate-limit-limit': '1',
    'x-rate-limit-reset': '1736835301',
    'content-disposition': 'attachment; filename=json.json',
    'x-content-type-options': 'nosniff',
    'x-rate-limit-remaining': '0',
    'strict-transport-security': 'max-age=631138519',
    'x-response-time': '15',
    'x-connection-hash': 'ee3d21c9d96cc45ba0d159180822ab93d43b1387130e9c43620edb1ffa156f3d',
    connection: 'close'
  },
  rateLimit: { limit: 1, remaining: 0, reset: 1736835301 },
  data: {
    title: 'Too Many Requests',
    detail: 'Too Many Requests',
    type: 'about:blank',
    status: 429
  }
}
Error fetching tweets: ApiResponseError: Request failed with code 429
    at RequestHandlerHelper.createResponseError (/home/ubuntu/apps/gotravel/node_modules/twitter-api-v2/dist/cjs/client-mixins/request-handler.helper.js:104:16)
    at RequestHandlerHelper.onResponseEndHandler (/home/ubuntu/apps/gotravel/node_modules/twitter-api-v2/dist/cjs/client-mixins/request-handler.helper.js:262:25)
    at Gunzip.emit (node:events:517:28)
    at endReadableNT (node:internal/streams/readable:1400:12)
    at process.processTicksAndRejections (node:internal/process/task_queues:82:21) {
  error: true,
  type: 'response',
  code: 429,
  headers: {
    date: 'Wed, 15 Jan 2025 06:00:02 UTC',
    perf: '7402827104',
    server: 'tsa_b',
    'set-cookie': [
      'guest_id=v1%3A173692080205755875; Max-Age=34214400; Expires=Sun, 15 Feb 2026 06:00:02 GMT; Path=/; Domain=.twitter.com; Secure; SameSite=None'
    ],
    'api-version': '2.121',
    'content-type': 'application/json; charset=utf-8',
    'cache-control': 'no-cache, no-store, max-age=0',
    'content-length': '196',
    'x-access-level': 'read',
    'x-frame-options': 'SAMEORIGIN',
    'content-encoding': 'gzip',
    'x-transaction-id': '5fa2c7b8a8d8238a',
    'x-xss-protection': '0',
    'x-rate-limit-limit': '40000',
    'x-rate-limit-reset': '1736921702',
    'content-disposition': 'attachment; filename=json.json',
    'x-content-type-options': 'nosniff',
    'x-rate-limit-remaining': '39999',
    'strict-transport-security': 'max-age=631138519',
    'x-response-time': '17',
    'x-connection-hash': 'c509c38228e2ac5991fa45ada2eb78c45bfec818a4b609c3ddab297d3ba70805',
    connection: 'close'
  },
  rateLimit: { limit: 40000, remaining: 39999, reset: 1736921702 },
  data: {
    account_id: 1821227857097715700,
    product_name: 'standard-basic',
    title: 'UsageCapExceeded',
    period: 'Monthly',
    scope: 'Product',
    detail: 'Usage cap exceeded: Monthly product cap',
    type: 'https://api.twitter.com/2/problems/usage-capped'
  }
}
Error fetching tweets: ApiResponseError: Request failed with code 429
    at RequestHandlerHelper.createResponseError (/home/ubuntu/apps/gotravel/node_modules/twitter-api-v2/dist/cjs/client-mixins/request-handler.helper.js:104:16)
    at RequestHandlerHelper.onResponseEndHandler (/home/ubuntu/apps/gotravel/node_modules/twitter-api-v2/dist/cjs/client-mixins/request-handler.helper.js:262:25)
    at Gunzip.emit (node:events:517:28)
    at endReadableNT (node:internal/streams/readable:1400:12)
    at process.processTicksAndRejections (node:internal/process/task_queues:82:21) {
  error: true,
  type: 'response',
  code: 429,
  headers: {
    date: 'Thu, 16 Jan 2025 06:00:01 UTC',
    perf: '7402827104',
    server: 'tsa_b',
    'set-cookie': [
      'guest_id=v1%3A173700720192501677; Max-Age=34214400; Expires=Mon, 16 Feb 2026 06:00:01 GMT; Path=/; Domain=.twitter.com; Secure; SameSite=None'
    ],
    'api-version': '2.122',
    'content-type': 'application/json; charset=utf-8',
    'cache-control': 'no-cache, no-store, max-age=0',
    'content-length': '196',
    'x-access-level': 'read',
    'x-frame-options': 'SAMEORIGIN',
    'content-encoding': 'gzip',
    'x-transaction-id': '89ae24fd47673559',
    'x-xss-protection': '0',
    'x-rate-limit-limit': '40000',
    'x-rate-limit-reset': '1737008101',
    'content-disposition': 'attachment; filename=json.json',
    'x-content-type-options': 'nosniff',
    'x-rate-limit-remaining': '39999',
    'strict-transport-security': 'max-age=631138519',
    'x-response-time': '17',
    'x-connection-hash': '69be1eb7a3c97ef1b86725cdf0737170afed1c53cecba9697a7eec7861654539',
    connection: 'close'
  },
  rateLimit: { limit: 40000, remaining: 39999, reset: 1737008101 },
  data: {
    account_id: 1821227857097715700,
    product_name: 'standard-basic',
    title: 'UsageCapExceeded',
    period: 'Monthly',
    scope: 'Product',
    detail: 'Usage cap exceeded: Monthly product cap',
    type: 'https://api.twitter.com/2/problems/usage-capped'
  }
}
Error fetching tweets: ApiResponseError: Request failed with code 429
    at RequestHandlerHelper.createResponseError (/home/ubuntu/apps/gotravel/node_modules/twitter-api-v2/dist/cjs/client-mixins/request-handler.helper.js:104:16)
    at RequestHandlerHelper.onResponseEndHandler (/home/ubuntu/apps/gotravel/node_modules/twitter-api-v2/dist/cjs/client-mixins/request-handler.helper.js:262:25)
    at Gunzip.emit (node:events:517:28)
    at endReadableNT (node:internal/streams/readable:1400:12)
    at process.processTicksAndRejections (node:internal/process/task_queues:82:21) {
  error: true,
  type: 'response',
  code: 429,
  headers: {
    date: 'Fri, 17 Jan 2025 06:00:03 UTC',
    perf: '7402827104',
    server: 'tsa_b',
    'set-cookie': [
      'guest_id=v1%3A173709360320132963; Max-Age=34214400; Expires=Tue, 17 Feb 2026 06:00:03 GMT; Path=/; Domain=.twitter.com; Secure; SameSite=None'
    ],
    'api-version': '2.122',
    'content-type': 'application/json; charset=utf-8',
    'cache-control': 'no-cache, no-store, max-age=0',
    'content-length': '94',
    'x-access-level': 'read',
    'x-frame-options': 'SAMEORIGIN',
    'content-encoding': 'gzip',
    'x-transaction-id': 'ab378ca7ab7d7f0e',
    'x-xss-protection': '0',
    'x-rate-limit-limit': '1',
    'x-rate-limit-reset': '1737094503',
    'content-disposition': 'attachment; filename=json.json',
    'x-content-type-options': 'nosniff',
    'x-rate-limit-remaining': '0',
    'strict-transport-security': 'max-age=631138519',
    'x-response-time': '9',
    'x-connection-hash': 'fb8f269d8a8adeb854e44e6229655b916336e68f94c167ee776fe0761a41f74b',
    connection: 'close'
  },
  rateLimit: { limit: 1, remaining: 0, reset: 1737094503 },
  data: {
    title: 'Too Many Requests',
    detail: 'Too Many Requests',
    type: 'about:blank',
    status: 429
  }
}
Error fetching tweets: ApiResponseError: Request failed with code 429
    at RequestHandlerHelper.createResponseError (/home/ubuntu/apps/gotravel/node_modules/twitter-api-v2/dist/cjs/client-mixins/request-handler.helper.js:104:16)
    at RequestHandlerHelper.onResponseEndHandler (/home/ubuntu/apps/gotravel/node_modules/twitter-api-v2/dist/cjs/client-mixins/request-handler.helper.js:262:25)
    at Gunzip.emit (node:events:517:28)
    at endReadableNT (node:internal/streams/readable:1400:12)
    at process.processTicksAndRejections (node:internal/process/task_queues:82:21) {
  error: true,
  type: 'response',
  code: 429,
  headers: {
    date: 'Sat, 18 Jan 2025 06:00:02 UTC',
    perf: '7402827104',
    server: 'tsa_b',
    'set-cookie': [
      'guest_id=v1%3A173718000279371277; Max-Age=34214400; Expires=Wed, 18 Feb 2026 06:00:02 GMT; Path=/; Domain=.twitter.com; Secure; SameSite=None'
    ],
    'api-version': '2.123',
    'content-type': 'application/json; charset=utf-8',
    'cache-control': 'no-cache, no-store, max-age=0',
    'content-length': '196',
    'x-access-level': 'read',
    'x-frame-options': 'SAMEORIGIN',
    'content-encoding': 'gzip',
    'x-transaction-id': '5228149b2f26f45f',
    'x-xss-protection': '0',
    'x-rate-limit-limit': '40000',
    'x-rate-limit-reset': '1737180902',
    'content-disposition': 'attachment; filename=json.json',
    'x-content-type-options': 'nosniff',
    'x-rate-limit-remaining': '39999',
    'strict-transport-security': 'max-age=631138519',
    'x-response-time': '20',
    'x-connection-hash': '6c5eaa47288f537ab30a2bd90083cb1528c36d3c7af5ec157ec394fc19dbf907',
    connection: 'close'
  },
  rateLimit: { limit: 40000, remaining: 39999, reset: 1737180902 },
  data: {
    account_id: 1821227857097715700,
    product_name: 'standard-basic',
    title: 'UsageCapExceeded',
    period: 'Monthly',
    scope: 'Product',
    detail: 'Usage cap exceeded: Monthly product cap',
    type: 'https://api.twitter.com/2/problems/usage-capped'
  }
}
Error fetching tweets: ApiResponseError: Request failed with code 429
    at RequestHandlerHelper.createResponseError (/home/ubuntu/apps/gotravel/node_modules/twitter-api-v2/dist/cjs/client-mixins/request-handler.helper.js:104:16)
    at RequestHandlerHelper.onResponseEndHandler (/home/ubuntu/apps/gotravel/node_modules/twitter-api-v2/dist/cjs/client-mixins/request-handler.helper.js:262:25)
    at Gunzip.emit (node:events:517:28)
    at endReadableNT (node:internal/streams/readable:1400:12)
    at process.processTicksAndRejections (node:internal/process/task_queues:82:21) {
  error: true,
  type: 'response',
  code: 429,
  headers: {
    date: 'Sun, 19 Jan 2025 06:00:02 UTC',
    perf: '7402827104',
    server: 'tsa_b',
    'set-cookie': [
      'guest_id=v1%3A173726640264835898; Max-Age=34214400; Expires=Thu, 19 Feb 2026 06:00:02 GMT; Path=/; Domain=.twitter.com; Secure; SameSite=None'
    ],
    'api-version': '2.123',
    'content-type': 'application/json; charset=utf-8',
    'cache-control': 'no-cache, no-store, max-age=0',
    'content-length': '196',
    'x-access-level': 'read',
    'x-frame-options': 'SAMEORIGIN',
    'content-encoding': 'gzip',
    'x-transaction-id': '18c95001d05ee819',
    'x-xss-protection': '0',
    'x-rate-limit-limit': '40000',
    'x-rate-limit-reset': '1737267302',
    'content-disposition': 'attachment; filename=json.json',
    'x-content-type-options': 'nosniff',
    'x-rate-limit-remaining': '39999',
    'strict-transport-security': 'max-age=631138519',
    'x-response-time': '19',
    'x-connection-hash': '576f0cee4fba8ad721df47da831f3118021864968171313e1fd0085fe55f03ce',
    connection: 'close'
  },
  rateLimit: { limit: 40000, remaining: 39999, reset: 1737267302 },
  data: {
    account_id: 1821227857097715700,
    product_name: 'standard-basic',
    title: 'UsageCapExceeded',
    period: 'Monthly',
    scope: 'Product',
    detail: 'Usage cap exceeded: Monthly product cap',
    type: 'https://api.twitter.com/2/problems/usage-capped'
  }
}
Error fetching tweets: ApiResponseError: Request failed with code 429
    at RequestHandlerHelper.createResponseError (/home/ubuntu/apps/gotravel/node_modules/twitter-api-v2/dist/cjs/client-mixins/request-handler.helper.js:104:16)
    at RequestHandlerHelper.onResponseEndHandler (/home/ubuntu/apps/gotravel/node_modules/twitter-api-v2/dist/cjs/client-mixins/request-handler.helper.js:262:25)
    at Gunzip.emit (node:events:517:28)
    at endReadableNT (node:internal/streams/readable:1400:12)
    at process.processTicksAndRejections (node:internal/process/task_queues:82:21) {
  error: true,
  type: 'response',
  code: 429,
  headers: {
    date: 'Mon, 20 Jan 2025 06:00:02 UTC',
    perf: '7402827104',
    server: 'tsa_b',
    'set-cookie': [
      'guest_id=v1%3A173735280219971190; Max-Age=34214400; Expires=Fri, 20 Feb 2026 06:00:02 GMT; Path=/; Domain=.twitter.com; Secure; SameSite=None'
    ],
    'api-version': '2.123',
    'content-type': 'application/json; charset=utf-8',
    'cache-control': 'no-cache, no-store, max-age=0',
    'content-length': '196',
    'x-access-level': 'read',
    'x-frame-options': 'SAMEORIGIN',
    'content-encoding': 'gzip',
    'x-transaction-id': '6f7fe23ef784076b',
    'x-xss-protection': '0',
    'x-rate-limit-limit': '40000',
    'x-rate-limit-reset': '1737353702',
    'content-disposition': 'attachment; filename=json.json',
    'x-content-type-options': 'nosniff',
    'x-rate-limit-remaining': '39999',
    'strict-transport-security': 'max-age=631138519',
    'x-response-time': '18',
    'x-connection-hash': 'f3fec28f94f5b083fa49669940b114aafd75745c70bf8aa3396deebb44e6dff0',
    connection: 'close'
  },
  rateLimit: { limit: 40000, remaining: 39999, reset: 1737353702 },
  data: {
    account_id: 1821227857097715700,
    product_name: 'standard-basic',
    title: 'UsageCapExceeded',
    period: 'Monthly',
    scope: 'Product',
    detail: 'Usage cap exceeded: Monthly product cap',
    type: 'https://api.twitter.com/2/problems/usage-capped'
  }
}
Error fetching tweets: ApiResponseError: Request failed with code 429
    at RequestHandlerHelper.createResponseError (/home/ubuntu/apps/gotravel/node_modules/twitter-api-v2/dist/cjs/client-mixins/request-handler.helper.js:104:16)
    at RequestHandlerHelper.onResponseEndHandler (/home/ubuntu/apps/gotravel/node_modules/twitter-api-v2/dist/cjs/client-mixins/request-handler.helper.js:262:25)
    at Gunzip.emit (node:events:517:28)
    at endReadableNT (node:internal/streams/readable:1400:12)
    at process.processTicksAndRejections (node:internal/process/task_queues:82:21) {
  error: true,
  type: 'response',
  code: 429,
  headers: {
    date: 'Tue, 21 Jan 2025 06:00:01 UTC',
    perf: '7402827104',
    server: 'tsa_b',
    'set-cookie': [
      'guest_id=v1%3A173743920157809399; Max-Age=34214400; Expires=Sat, 21 Feb 2026 06:00:01 GMT; Path=/; Domain=.twitter.com; Secure; SameSite=None'
    ],
    'api-version': '2.123',
    'content-type': 'application/json; charset=utf-8',
    'cache-control': 'no-cache, no-store, max-age=0',
    'content-length': '196',
    'x-access-level': 'read',
    'x-frame-options': 'SAMEORIGIN',
    'content-encoding': 'gzip',
    'x-transaction-id': '705a0f7f80d4b654',
    'x-xss-protection': '0',
    'x-rate-limit-limit': '40000',
    'x-rate-limit-reset': '1737440101',
    'content-disposition': 'attachment; filename=json.json',
    'x-content-type-options': 'nosniff',
    'x-rate-limit-remaining': '39999',
    'strict-transport-security': 'max-age=631138519',
    'x-response-time': '19',
    'x-connection-hash': 'ef1eaa0330a28cd22cfd2262c1c21a46e2d8ecf341e22acbb6602d292d1106d4',
    connection: 'close'
  },
  rateLimit: { limit: 40000, remaining: 39999, reset: 1737440101 },
  data: {
    account_id: 1821227857097715700,
    product_name: 'standard-basic',
    title: 'UsageCapExceeded',
    period: 'Monthly',
    scope: 'Product',
    detail: 'Usage cap exceeded: Monthly product cap',
    type: 'https://api.twitter.com/2/problems/usage-capped'
  }
}
Error fetching tweets: ApiResponseError: Request failed with code 429
    at RequestHandlerHelper.createResponseError (/home/ubuntu/apps/gotravel/node_modules/twitter-api-v2/dist/cjs/client-mixins/request-handler.helper.js:104:16)
    at RequestHandlerHelper.onResponseEndHandler (/home/ubuntu/apps/gotravel/node_modules/twitter-api-v2/dist/cjs/client-mixins/request-handler.helper.js:262:25)
    at Gunzip.emit (node:events:517:28)
    at endReadableNT (node:internal/streams/readable:1400:12)
    at process.processTicksAndRejections (node:internal/process/task_queues:82:21) {
  error: true,
  type: 'response',
  code: 429,
  headers: {
    date: 'Wed, 22 Jan 2025 06:00:02 UTC',
    perf: '7402827104',
    server: 'tsa_b',
    'set-cookie': [
      'guest_id=v1%3A173752560204623349; Max-Age=34214400; Expires=Sun, 22 Feb 2026 06:00:02 GMT; Path=/; Domain=.twitter.com; Secure; SameSite=None'
    ],
    'api-version': '2.123',
    'content-type': 'application/json; charset=utf-8',
    'cache-control': 'no-cache, no-store, max-age=0',
    'content-length': '94',
    'x-access-level': 'read',
    'x-frame-options': 'SAMEORIGIN',
    'content-encoding': 'gzip',
    'x-transaction-id': '9b0a503a323f3b8e',
    'x-xss-protection': '0',
    'x-rate-limit-limit': '1',
    'x-rate-limit-reset': '1737526502',
    'content-disposition': 'attachment; filename=json.json',
    'x-content-type-options': 'nosniff',
    'x-rate-limit-remaining': '0',
    'strict-transport-security': 'max-age=631138519',
    'x-response-time': '14',
    'x-connection-hash': '171dc1370dcdaabe9eff9eaee20ff25f9fce99ead57945a5241387997d1fb833',
    connection: 'close'
  },
  rateLimit: { limit: 1, remaining: 0, reset: 1737526502 },
  data: {
    title: 'Too Many Requests',
    detail: 'Too Many Requests',
    type: 'about:blank',
    status: 429
  }
}
Error fetching tweets: ApiResponseError: Request failed with code 429
    at RequestHandlerHelper.createResponseError (/home/ubuntu/apps/gotravel/node_modules/twitter-api-v2/dist/cjs/client-mixins/request-handler.helper.js:104:16)
    at RequestHandlerHelper.onResponseEndHandler (/home/ubuntu/apps/gotravel/node_modules/twitter-api-v2/dist/cjs/client-mixins/request-handler.helper.js:262:25)
    at Gunzip.emit (node:events:517:28)
    at endReadableNT (node:internal/streams/readable:1400:12)
    at process.processTicksAndRejections (node:internal/process/task_queues:82:21) {
  error: true,
  type: 'response',
  code: 429,
  headers: {
    date: 'Thu, 23 Jan 2025 06:00:02 UTC',
    perf: '7402827104',
    server: 'tsa_b',
    'set-cookie': [
      'guest_id=v1%3A173761200203123954; Max-Age=34214400; Expires=Mon, 23 Feb 2026 06:00:02 GMT; Path=/; Domain=.twitter.com; Secure; SameSite=None'
    ],
    'api-version': '2.123',
    'content-type': 'application/json; charset=utf-8',
    'cache-control': 'no-cache, no-store, max-age=0',
    'content-length': '196',
    'x-access-level': 'read',
    'x-frame-options': 'SAMEORIGIN',
    'content-encoding': 'gzip',
    'x-transaction-id': '713e4ae7b03b6056',
    'x-xss-protection': '0',
    'x-rate-limit-limit': '40000',
    'x-rate-limit-reset': '1737612902',
    'content-disposition': 'attachment; filename=json.json',
    'x-content-type-options': 'nosniff',
    'x-rate-limit-remaining': '39999',
    'strict-transport-security': 'max-age=631138519',
    'x-response-time': '17',
    'x-connection-hash': '678f44d63e508e9bd14d6f7c912b19f96649cd7f49132e67912160b0ec059bfe',
    connection: 'close'
  },
  rateLimit: { limit: 40000, remaining: 39999, reset: 1737612902 },
  data: {
    account_id: 1821227857097715700,
    product_name: 'standard-basic',
    title: 'UsageCapExceeded',
    period: 'Monthly',
    scope: 'Product',
    detail: 'Usage cap exceeded: Monthly product cap',
    type: 'https://api.twitter.com/2/problems/usage-capped'
  }
}
Error fetching tweets: ApiResponseError: Request failed with code 429
    at RequestHandlerHelper.createResponseError (/home/ubuntu/apps/gotravel/node_modules/twitter-api-v2/dist/cjs/client-mixins/request-handler.helper.js:104:16)
    at RequestHandlerHelper.onResponseEndHandler (/home/ubuntu/apps/gotravel/node_modules/twitter-api-v2/dist/cjs/client-mixins/request-handler.helper.js:262:25)
    at Gunzip.emit (node:events:517:28)
    at endReadableNT (node:internal/streams/readable:1400:12)
    at process.processTicksAndRejections (node:internal/process/task_queues:82:21) {
  error: true,
  type: 'response',
  code: 429,
  headers: {
    date: 'Fri, 24 Jan 2025 06:00:02 UTC',
    perf: '7402827104',
    server: 'tsa_b',
    'set-cookie': [
      'guest_id=v1%3A173769840243603685; Max-Age=34214400; Expires=Tue, 24 Feb 2026 06:00:02 GMT; Path=/; Domain=.twitter.com; Secure; SameSite=None'
    ],
    'api-version': '2.124',
    'content-type': 'application/json; charset=utf-8',
    'cache-control': 'no-cache, no-store, max-age=0',
    'content-length': '196',
    'x-access-level': 'read',
    'x-frame-options': 'SAMEORIGIN',
    'content-encoding': 'gzip',
    'x-transaction-id': '22dfa60babd065c7',
    'x-xss-protection': '0',
    'x-rate-limit-limit': '40000',
    'x-rate-limit-reset': '1737699302',
    'content-disposition': 'attachment; filename=json.json',
    'x-content-type-options': 'nosniff',
    'x-rate-limit-remaining': '39999',
    'strict-transport-security': 'max-age=631138519',
    'x-response-time': '17',
    'x-connection-hash': '755ad69f01e746a145d44a6554829802a2fe187515f8ba02bc8a0afe657f8150',
    connection: 'close'
  },
  rateLimit: { limit: 40000, remaining: 39999, reset: 1737699302 },
  data: {
    account_id: 1821227857097715700,
    product_name: 'standard-basic',
    title: 'UsageCapExceeded',
    period: 'Monthly',
    scope: 'Product',
    detail: 'Usage cap exceeded: Monthly product cap',
    type: 'https://api.twitter.com/2/problems/usage-capped'
  }
}
Error fetching tweets: ApiResponseError: Request failed with code 429
    at RequestHandlerHelper.createResponseError (/home/ubuntu/apps/gotravel/node_modules/twitter-api-v2/dist/cjs/client-mixins/request-handler.helper.js:104:16)
    at RequestHandlerHelper.onResponseEndHandler (/home/ubuntu/apps/gotravel/node_modules/twitter-api-v2/dist/cjs/client-mixins/request-handler.helper.js:262:25)
    at Gunzip.emit (node:events:517:28)
    at endReadableNT (node:internal/streams/readable:1400:12)
    at process.processTicksAndRejections (node:internal/process/task_queues:82:21) {
  error: true,
  type: 'response',
  code: 429,
  headers: {
    date: 'Sat, 25 Jan 2025 06:00:01 UTC',
    perf: '7402827104',
    server: 'tsa_b',
    'set-cookie': [
      'guest_id=v1%3A173778480147993607; Max-Age=34214400; Expires=Wed, 25 Feb 2026 06:00:01 GMT; Path=/; Domain=.twitter.com; Secure; SameSite=None'
    ],
    'api-version': '2.124',
    'content-type': 'application/json; charset=utf-8',
    'cache-control': 'no-cache, no-store, max-age=0',
    'content-length': '196',
    'x-access-level': 'read',
    'x-frame-options': 'SAMEORIGIN',
    'content-encoding': 'gzip',
    'x-transaction-id': '7d6a5b2f727ea44f',
    'x-xss-protection': '0',
    'x-rate-limit-limit': '40000',
    'x-rate-limit-reset': '1737785701',
    'content-disposition': 'attachment; filename=json.json',
    'x-content-type-options': 'nosniff',
    'x-rate-limit-remaining': '39999',
    'strict-transport-security': 'max-age=631138519',
    'x-response-time': '16',
    'x-connection-hash': '5fe617e594b51f654fc6124d3e8e05ec14e1fdafc74491c068fbc6270b8c0b8a',
    connection: 'close'
  },
  rateLimit: { limit: 40000, remaining: 39999, reset: 1737785701 },
  data: {
    account_id: 1821227857097715700,
    product_name: 'standard-basic',
    title: 'UsageCapExceeded',
    period: 'Monthly',
    scope: 'Product',
    detail: 'Usage cap exceeded: Monthly product cap',
    type: 'https://api.twitter.com/2/problems/usage-capped'
  }
}
Error fetching tweets: ApiResponseError: Request failed with code 429
    at RequestHandlerHelper.createResponseError (/home/ubuntu/apps/gotravel/node_modules/twitter-api-v2/dist/cjs/client-mixins/request-handler.helper.js:104:16)
    at RequestHandlerHelper.onResponseEndHandler (/home/ubuntu/apps/gotravel/node_modules/twitter-api-v2/dist/cjs/client-mixins/request-handler.helper.js:262:25)
    at Gunzip.emit (node:events:517:28)
    at endReadableNT (node:internal/streams/readable:1400:12)
    at process.processTicksAndRejections (node:internal/process/task_queues:82:21) {
  error: true,
  type: 'response',
  code: 429,
  headers: {
    date: 'Sun, 26 Jan 2025 06:00:02 UTC',
    perf: '7402827104',
    server: 'tsa_b',
    'set-cookie': [
      'guest_id=v1%3A173787120288625626; Max-Age=34214400; Expires=Thu, 26 Feb 2026 06:00:02 GMT; Path=/; Domain=.twitter.com; Secure; SameSite=None'
    ],
    'api-version': '2.124',
    'content-type': 'application/json; charset=utf-8',
    'cache-control': 'no-cache, no-store, max-age=0',
    'content-length': '94',
    'x-access-level': 'read',
    'x-frame-options': 'SAMEORIGIN',
    'content-encoding': 'gzip',
    'x-transaction-id': '700f602df1d678b7',
    'x-xss-protection': '0',
    'x-rate-limit-limit': '1',
    'x-rate-limit-reset': '1737872102',
    'content-disposition': 'attachment; filename=json.json',
    'x-content-type-options': 'nosniff',
    'x-rate-limit-remaining': '0',
    'strict-transport-security': 'max-age=631138519',
    'x-response-time': '9',
    'x-connection-hash': 'f46c3179cdf4e2ca52881bd71600692dcf89b27ccf43b592382025eb3bd7d73e',
    connection: 'close'
  },
  rateLimit: { limit: 1, remaining: 0, reset: 1737872102 },
  data: {
    title: 'Too Many Requests',
    detail: 'Too Many Requests',
    type: 'about:blank',
    status: 429
  }
}
Error fetching tweets: ApiResponseError: Request failed with code 429
    at RequestHandlerHelper.createResponseError (/home/ubuntu/apps/gotravel/node_modules/twitter-api-v2/dist/cjs/client-mixins/request-handler.helper.js:104:16)
    at RequestHandlerHelper.onResponseEndHandler (/home/ubuntu/apps/gotravel/node_modules/twitter-api-v2/dist/cjs/client-mixins/request-handler.helper.js:262:25)
    at Gunzip.emit (node:events:517:28)
    at endReadableNT (node:internal/streams/readable:1400:12)
    at process.processTicksAndRejections (node:internal/process/task_queues:82:21) {
  error: true,
  type: 'response',
  code: 429,
  headers: {
    date: 'Mon, 27 Jan 2025 06:00:01 UTC',
    perf: '7402827104',
    server: 'tsa_b',
    'set-cookie': [
      'guest_id=v1%3A173795760146990210; Max-Age=34214400; Expires=Fri, 27 Feb 2026 06:00:01 GMT; Path=/; Domain=.twitter.com; Secure; SameSite=None'
    ],
    'api-version': '2.124',
    'content-type': 'application/json; charset=utf-8',
    'cache-control': 'no-cache, no-store, max-age=0',
    'content-length': '94',
    'x-access-level': 'read',
    'x-frame-options': 'SAMEORIGIN',
    'content-encoding': 'gzip',
    'x-transaction-id': '3d63f830664cca88',
    'x-xss-protection': '0',
    'x-rate-limit-limit': '1',
    'x-rate-limit-reset': '1737958501',
    'content-disposition': 'attachment; filename=json.json',
    'x-content-type-options': 'nosniff',
    'x-rate-limit-remaining': '0',
    'strict-transport-security': 'max-age=631138519',
    'x-response-time': '10',
    'x-connection-hash': '337e0ece3f7c10cf2729dcac46ecda5359ab40dafe121997cf985fe3ba10e259',
    connection: 'close'
  },
  rateLimit: { limit: 1, remaining: 0, reset: 1737958501 },
  data: {
    title: 'Too Many Requests',
    detail: 'Too Many Requests',
    type: 'about:blank',
    status: 429
  }
}
Error fetching tweets: ApiResponseError: Request failed with code 429
    at RequestHandlerHelper.createResponseError (/home/ubuntu/apps/gotravel/node_modules/twitter-api-v2/dist/cjs/client-mixins/request-handler.helper.js:104:16)
    at RequestHandlerHelper.onResponseEndHandler (/home/ubuntu/apps/gotravel/node_modules/twitter-api-v2/dist/cjs/client-mixins/request-handler.helper.js:262:25)
    at Gunzip.emit (node:events:517:28)
    at endReadableNT (node:internal/streams/readable:1400:12)
    at process.processTicksAndRejections (node:internal/process/task_queues:82:21) {
  error: true,
  type: 'response',
  code: 429,
  headers: {
    date: 'Tue, 28 Jan 2025 06:00:02 UTC',
    perf: '7402827104',
    server: 'tsa_b',
    'set-cookie': [
      'guest_id=v1%3A173804400276904496; Max-Age=34214400; Expires=Sat, 28 Feb 2026 06:00:02 GMT; Path=/; Domain=.twitter.com; Secure; SameSite=None'
    ],
    'api-version': '2.124',
    'content-type': 'application/json; charset=utf-8',
    'cache-control': 'no-cache, no-store, max-age=0',
    'content-length': '94',
    'x-access-level': 'read',
    'x-frame-options': 'SAMEORIGIN',
    'content-encoding': 'gzip',
    'x-transaction-id': '8aa3ae38d561a959',
    'x-xss-protection': '0',
    'x-rate-limit-limit': '1',
    'x-rate-limit-reset': '1738044902',
    'content-disposition': 'attachment; filename=json.json',
    'x-content-type-options': 'nosniff',
    'x-rate-limit-remaining': '0',
    'strict-transport-security': 'max-age=631138519',
    'x-response-time': '9',
    'x-connection-hash': '3379f5ebf60c29a59c95173ac07f58a171327cb876db550adbb967076ec30bc9',
    connection: 'close'
  },
  rateLimit: { limit: 1, remaining: 0, reset: 1738044902 },
  data: {
    title: 'Too Many Requests',
    detail: 'Too Many Requests',
    type: 'about:blank',
    status: 429
  }
}
Error fetching tweets: ApiResponseError: Request failed with code 429
    at RequestHandlerHelper.createResponseError (/home/ubuntu/apps/gotravel/node_modules/twitter-api-v2/dist/cjs/client-mixins/request-handler.helper.js:104:16)
    at RequestHandlerHelper.onResponseEndHandler (/home/ubuntu/apps/gotravel/node_modules/twitter-api-v2/dist/cjs/client-mixins/request-handler.helper.js:262:25)
    at Gunzip.emit (node:events:517:28)
    at endReadableNT (node:internal/streams/readable:1400:12)
    at process.processTicksAndRejections (node:internal/process/task_queues:82:21) {
  error: true,
  type: 'response',
  code: 429,
  headers: {
    date: 'Wed, 29 Jan 2025 06:00:02 UTC',
    perf: '7402827104',
    server: 'tsa_b',
    'set-cookie': [
      'guest_id=v1%3A173813040208008845; Max-Age=34214400; Expires=Sun, 01 Mar 2026 06:00:02 GMT; Path=/; Domain=.twitter.com; Secure; SameSite=None'
    ],
    'api-version': '2.124',
    'content-type': 'application/json; charset=utf-8',
    'cache-control': 'no-cache, no-store, max-age=0',
    'content-length': '196',
    'x-access-level': 'read',
    'x-frame-options': 'SAMEORIGIN',
    'content-encoding': 'gzip',
    'x-transaction-id': 'd34f8f28323d778d',
    'x-xss-protection': '0',
    'x-rate-limit-limit': '40000',
    'x-rate-limit-reset': '1738131302',
    'content-disposition': 'attachment; filename=json.json',
    'x-content-type-options': 'nosniff',
    'x-rate-limit-remaining': '39999',
    'strict-transport-security': 'max-age=631138519',
    'x-response-time': '16',
    'x-connection-hash': 'bad7670d3a0f0ca02d0d644f3b6cdbc0d461ed916d12cb282c65ec7af7dc6808',
    connection: 'close'
  },
  rateLimit: { limit: 40000, remaining: 39999, reset: 1738131302 },
  data: {
    account_id: 1821227857097715700,
    product_name: 'standard-basic',
    title: 'UsageCapExceeded',
    period: 'Monthly',
    scope: 'Product',
    detail: 'Usage cap exceeded: Monthly product cap',
    type: 'https://api.twitter.com/2/problems/usage-capped'
  }
}
Error fetching tweets: ApiResponseError: Request failed with code 429
    at RequestHandlerHelper.createResponseError (/home/ubuntu/apps/gotravel/node_modules/twitter-api-v2/dist/cjs/client-mixins/request-handler.helper.js:104:16)
    at RequestHandlerHelper.onResponseEndHandler (/home/ubuntu/apps/gotravel/node_modules/twitter-api-v2/dist/cjs/client-mixins/request-handler.helper.js:262:25)
    at Gunzip.emit (node:events:517:28)
    at endReadableNT (node:internal/streams/readable:1400:12)
    at process.processTicksAndRejections (node:internal/process/task_queues:82:21) {
  error: true,
  type: 'response',
  code: 429,
  headers: {
    date: 'Thu, 30 Jan 2025 06:00:02 UTC',
    perf: '7402827104',
    server: 'tsa_b',
    'set-cookie': [
      'guest_id=v1%3A173821680258725565; Max-Age=34214400; Expires=Mon, 02 Mar 2026 06:00:02 GMT; Path=/; Domain=.twitter.com; Secure; SameSite=None'
    ],
    'api-version': '2.124',
    'content-type': 'application/json; charset=utf-8',
    'cache-control': 'no-cache, no-store, max-age=0',
    'content-length': '94',
    'x-access-level': 'read',
    'x-frame-options': 'SAMEORIGIN',
    'content-encoding': 'gzip',
    'x-transaction-id': '6f10db82c99e9856',
    'x-xss-protection': '0',
    'x-rate-limit-limit': '1',
    'x-rate-limit-reset': '1738217702',
    'content-disposition': 'attachment; filename=json.json',
    'x-content-type-options': 'nosniff',
    'x-rate-limit-remaining': '0',
    'strict-transport-security': 'max-age=631138519',
    'x-response-time': '14',
    'x-connection-hash': 'd827b3496d75cf9d5bdc9525373cbeca851e910d0220fc92b0b311adc6024a86',
    connection: 'close'
  },
  rateLimit: { limit: 1, remaining: 0, reset: 1738217702 },
  data: {
    title: 'Too Many Requests',
    detail: 'Too Many Requests',
    type: 'about:blank',
    status: 429
  }
}
Error fetching tweets: ApiResponseError: Request failed with code 429
    at RequestHandlerHelper.createResponseError (/home/ubuntu/apps/gotravel/node_modules/twitter-api-v2/dist/cjs/client-mixins/request-handler.helper.js:104:16)
    at RequestHandlerHelper.onResponseEndHandler (/home/ubuntu/apps/gotravel/node_modules/twitter-api-v2/dist/cjs/client-mixins/request-handler.helper.js:262:25)
    at Gunzip.emit (node:events:517:28)
    at endReadableNT (node:internal/streams/readable:1400:12)
    at process.processTicksAndRejections (node:internal/process/task_queues:82:21) {
  error: true,
  type: 'response',
  code: 429,
  headers: {
    date: 'Fri, 31 Jan 2025 06:00:01 UTC',
    perf: '7402827104',
    server: 'tsa_b',
    'set-cookie': [
      'guest_id=v1%3A173830320171876966; Max-Age=34214400; Expires=Tue, 03 Mar 2026 06:00:01 GMT; Path=/; Domain=.twitter.com; Secure; SameSite=None'
    ],
    'api-version': '2.125',
    'content-type': 'application/json; charset=utf-8',
    'cache-control': 'no-cache, no-store, max-age=0',
    'content-length': '94',
    'x-access-level': 'read',
    'x-frame-options': 'SAMEORIGIN',
    'content-encoding': 'gzip',
    'x-transaction-id': 'ede05ffda18c6ad5',
    'x-xss-protection': '0',
    'x-rate-limit-limit': '1',
    'x-rate-limit-reset': '1738304101',
    'content-disposition': 'attachment; filename=json.json',
    'x-content-type-options': 'nosniff',
    'x-rate-limit-remaining': '0',
    'strict-transport-security': 'max-age=631138519',
    'x-response-time': '10',
    'x-connection-hash': '9b898ded62fdb95f13970881d8ec2f2e58f257a72e4e60ddaa550c2ce975c7c7',
    connection: 'close'
  },
  rateLimit: { limit: 1, remaining: 0, reset: 1738304101 },
  data: {
    title: 'Too Many Requests',
    detail: 'Too Many Requests',
    type: 'about:blank',
    status: 429
  }
}
Error fetching tweets: ApiResponseError: Request failed with code 429
    at RequestHandlerHelper.createResponseError (/home/ubuntu/apps/gotravel/node_modules/twitter-api-v2/dist/cjs/client-mixins/request-handler.helper.js:104:16)
    at RequestHandlerHelper.onResponseEndHandler (/home/ubuntu/apps/gotravel/node_modules/twitter-api-v2/dist/cjs/client-mixins/request-handler.helper.js:262:25)
    at Gunzip.emit (node:events:517:28)
    at endReadableNT (node:internal/streams/readable:1400:12)
    at process.processTicksAndRejections (node:internal/process/task_queues:82:21) {
  error: true,
  type: 'response',
  code: 429,
  headers: {
    date: 'Sat, 01 Feb 2025 06:00:02 UTC',
    perf: '7402827104',
    server: 'tsa_b',
    'set-cookie': [
      'guest_id=v1%3A173838960226386678; Max-Age=34214400; Expires=Wed, 04 Mar 2026 06:00:02 GMT; Path=/; Domain=.twitter.com; Secure; SameSite=None'
    ],
    'api-version': '2.125',
    'content-type': 'application/json; charset=utf-8',
    'cache-control': 'no-cache, no-store, max-age=0',
    'content-length': '196',
    'x-access-level': 'read',
    'x-frame-options': 'SAMEORIGIN',
    'content-encoding': 'gzip',
    'x-transaction-id': '1477c710c6976146',
    'x-xss-protection': '0',
    'x-rate-limit-limit': '40000',
    'x-rate-limit-reset': '1738390502',
    'content-disposition': 'attachment; filename=json.json',
    'x-content-type-options': 'nosniff',
    'x-rate-limit-remaining': '39999',
    'strict-transport-security': 'max-age=631138519',
    'x-response-time': '17',
    'x-connection-hash': 'f23a8810dbc654d4839a1d987a18e1d840b03596241ae187f20b64defd59a56c',
    connection: 'close'
  },
  rateLimit: { limit: 40000, remaining: 39999, reset: 1738390502 },
  data: {
    account_id: 1821227857097715700,
    product_name: 'standard-basic',
    title: 'UsageCapExceeded',
    period: 'Monthly',
    scope: 'Product',
    detail: 'Usage cap exceeded: Monthly product cap',
    type: 'https://api.twitter.com/2/problems/usage-capped'
  }
}
Error fetching tweets: ApiResponseError: Request failed with code 429
    at RequestHandlerHelper.createResponseError (/home/ubuntu/apps/gotravel/node_modules/twitter-api-v2/dist/cjs/client-mixins/request-handler.helper.js:104:16)
    at RequestHandlerHelper.onResponseEndHandler (/home/ubuntu/apps/gotravel/node_modules/twitter-api-v2/dist/cjs/client-mixins/request-handler.helper.js:262:25)
    at Gunzip.emit (node:events:517:28)
    at endReadableNT (node:internal/streams/readable:1400:12)
    at process.processTicksAndRejections (node:internal/process/task_queues:82:21) {
  error: true,
  type: 'response',
  code: 429,
  headers: {
    date: 'Sun, 02 Feb 2025 06:00:01 UTC',
    perf: '7402827104',
    server: 'tsa_b',
    'set-cookie': [
      'guest_id=v1%3A173847600152145133; Max-Age=34214400; Expires=Thu, 05 Mar 2026 06:00:01 GMT; Path=/; Domain=.twitter.com; Secure; SameSite=None'
    ],
    'api-version': '2.125',
    'content-type': 'application/json; charset=utf-8',
    'cache-control': 'no-cache, no-store, max-age=0',
    'content-length': '196',
    'x-access-level': 'read',
    'x-frame-options': 'SAMEORIGIN',
    'content-encoding': 'gzip',
    'x-transaction-id': '90f3285242d43a6a',
    'x-xss-protection': '0',
    'x-rate-limit-limit': '40000',
    'x-rate-limit-reset': '1738476901',
    'content-disposition': 'attachment; filename=json.json',
    'x-content-type-options': 'nosniff',
    'x-rate-limit-remaining': '39998',
    'strict-transport-security': 'max-age=631138519',
    'x-response-time': '20',
    'x-connection-hash': 'f94199f9f232d0b59dfc2be6e5af38b584367886feef8dabf79466273d97b6aa',
    connection: 'close'
  },
  rateLimit: { limit: 40000, remaining: 39998, reset: 1738476901 },
  data: {
    account_id: 1821227857097715700,
    product_name: 'standard-basic',
    title: 'UsageCapExceeded',
    period: 'Monthly',
    scope: 'Product',
    detail: 'Usage cap exceeded: Monthly product cap',
    type: 'https://api.twitter.com/2/problems/usage-capped'
  }
}
Error fetching tweets: ApiResponseError: Request failed with code 429
    at RequestHandlerHelper.createResponseError (/home/ubuntu/apps/gotravel/node_modules/twitter-api-v2/dist/cjs/client-mixins/request-handler.helper.js:104:16)
    at RequestHandlerHelper.onResponseEndHandler (/home/ubuntu/apps/gotravel/node_modules/twitter-api-v2/dist/cjs/client-mixins/request-handler.helper.js:262:25)
    at Gunzip.emit (node:events:517:28)
    at endReadableNT (node:internal/streams/readable:1400:12)
    at process.processTicksAndRejections (node:internal/process/task_queues:82:21) {
  error: true,
  type: 'response',
  code: 429,
  headers: {
    date: 'Mon, 03 Feb 2025 06:00:03 UTC',
    perf: '7402827104',
    server: 'tsa_b',
    'set-cookie': [
      'guest_id=v1%3A173856240311875106; Max-Age=34214400; Expires=Fri, 06 Mar 2026 06:00:03 GMT; Path=/; Domain=.twitter.com; Secure; SameSite=None'
    ],
    'api-version': '2.125',
    'content-type': 'application/json; charset=utf-8',
    'cache-control': 'no-cache, no-store, max-age=0',
    'content-length': '94',
    'x-access-level': 'read',
    'x-frame-options': 'SAMEORIGIN',
    'content-encoding': 'gzip',
    'x-transaction-id': '0267f4fa423736f2',
    'x-xss-protection': '0',
    'x-rate-limit-limit': '1',
    'x-rate-limit-reset': '1738563303',
    'content-disposition': 'attachment; filename=json.json',
    'x-content-type-options': 'nosniff',
    'x-rate-limit-remaining': '0',
    'strict-transport-security': 'max-age=631138519',
    'x-response-time': '14',
    'x-connection-hash': 'e2842c7ab4948fe2d014462055ccf7f83de35e50f2d0ce63a0a71f0d44fcdb00',
    connection: 'close'
  },
  rateLimit: { limit: 1, remaining: 0, reset: 1738563303 },
  data: {
    title: 'Too Many Requests',
    detail: 'Too Many Requests',
    type: 'about:blank',
    status: 429
  }
}
Error fetching tweets: ApiResponseError: Request failed with code 429
    at RequestHandlerHelper.createResponseError (/home/ubuntu/apps/gotravel/node_modules/twitter-api-v2/dist/cjs/client-mixins/request-handler.helper.js:104:16)
    at RequestHandlerHelper.onResponseEndHandler (/home/ubuntu/apps/gotravel/node_modules/twitter-api-v2/dist/cjs/client-mixins/request-handler.helper.js:262:25)
    at Gunzip.emit (node:events:517:28)
    at endReadableNT (node:internal/streams/readable:1400:12)
    at process.processTicksAndRejections (node:internal/process/task_queues:82:21) {
  error: true,
  type: 'response',
  code: 429,
  headers: {
    date: 'Tue, 04 Feb 2025 06:00:02 UTC',
    perf: '7402827104',
    server: 'tsa_b',
    'set-cookie': [
      'guest_id=v1%3A173864880229543770; Max-Age=34214400; Expires=Sat, 07 Mar 2026 06:00:02 GMT; Path=/; Domain=.twitter.com; Secure; SameSite=None'
    ],
    'api-version': '2.125',
    'content-type': 'application/json; charset=utf-8',
    'cache-control': 'no-cache, no-store, max-age=0',
    'content-length': '94',
    'x-access-level': 'read',
    'x-frame-options': 'SAMEORIGIN',
    'content-encoding': 'gzip',
    'x-transaction-id': 'cc15b6280adc1b41',
    'x-xss-protection': '0',
    'x-rate-limit-limit': '1',
    'x-rate-limit-reset': '1738649702',
    'content-disposition': 'attachment; filename=json.json',
    'x-content-type-options': 'nosniff',
    'x-rate-limit-remaining': '0',
    'strict-transport-security': 'max-age=631138519',
    'x-response-time': '10',
    'x-connection-hash': '2473dc2cc58367a58424fa9315f9241fedf8e017dc8c584c784c24c6a0e0a743',
    connection: 'close'
  },
  rateLimit: { limit: 1, remaining: 0, reset: 1738649702 },
  data: {
    title: 'Too Many Requests',
    detail: 'Too Many Requests',
    type: 'about:blank',
    status: 429
  }
}
Error fetching tweets: ApiResponseError: Request failed with code 429
    at RequestHandlerHelper.createResponseError (/home/ubuntu/apps/gotravel/node_modules/twitter-api-v2/dist/cjs/client-mixins/request-handler.helper.js:104:16)
    at RequestHandlerHelper.onResponseEndHandler (/home/ubuntu/apps/gotravel/node_modules/twitter-api-v2/dist/cjs/client-mixins/request-handler.helper.js:262:25)
    at Gunzip.emit (node:events:517:28)
    at endReadableNT (node:internal/streams/readable:1400:12)
    at process.processTicksAndRejections (node:internal/process/task_queues:82:21) {
  error: true,
  type: 'response',
  code: 429,
  headers: {
    date: 'Wed, 05 Feb 2025 06:00:02 UTC',
    perf: '7402827104',
    server: 'tsa_b',
    'set-cookie': [
      'guest_id=v1%3A173873520224131050; Max-Age=34214400; Expires=Sun, 08 Mar 2026 06:00:02 GMT; Path=/; Domain=.twitter.com; Secure; SameSite=None'
    ],
    'api-version': '2.125',
    'content-type': 'application/json; charset=utf-8',
    'cache-control': 'no-cache, no-store, max-age=0',
    'content-length': '196',
    'x-access-level': 'read',
    'x-frame-options': 'SAMEORIGIN',
    'content-encoding': 'gzip',
    'x-transaction-id': 'e6d5ca39b15e3b3c',
    'x-xss-protection': '0',
    'x-rate-limit-limit': '40000',
    'x-rate-limit-reset': '1738736102',
    'content-disposition': 'attachment; filename=json.json',
    'x-content-type-options': 'nosniff',
    'x-rate-limit-remaining': '39999',
    'strict-transport-security': 'max-age=631138519',
    'x-response-time': '18',
    'x-connection-hash': '6663b9d855adc685153f4fce946798e774a9a12fc6e89b23184d412cdda5c157',
    connection: 'close'
  },
  rateLimit: { limit: 40000, remaining: 39999, reset: 1738736102 },
  data: {
    account_id: 1821227857097715700,
    product_name: 'standard-basic',
    title: 'UsageCapExceeded',
    period: 'Monthly',
    scope: 'Product',
    detail: 'Usage cap exceeded: Monthly product cap',
    type: 'https://api.twitter.com/2/problems/usage-capped'
  }
}
Error fetching tweets: ApiResponseError: Request failed with code 429
    at RequestHandlerHelper.createResponseError (/home/ubuntu/apps/gotravel/node_modules/twitter-api-v2/dist/cjs/client-mixins/request-handler.helper.js:104:16)
    at RequestHandlerHelper.onResponseEndHandler (/home/ubuntu/apps/gotravel/node_modules/twitter-api-v2/dist/cjs/client-mixins/request-handler.helper.js:262:25)
    at Gunzip.emit (node:events:517:28)
    at endReadableNT (node:internal/streams/readable:1400:12)
    at process.processTicksAndRejections (node:internal/process/task_queues:82:21) {
  error: true,
  type: 'response',
  code: 429,
  headers: {
    date: 'Thu, 06 Feb 2025 06:00:02 UTC',
    perf: '7402827104',
    server: 'tsa_b',
    'set-cookie': [
      'guest_id=v1%3A173882160206722968; Max-Age=34214400; Expires=Mon, 09 Mar 2026 06:00:02 GMT; Path=/; Domain=.twitter.com; Secure; SameSite=None'
    ],
    'api-version': '2.125',
    'content-type': 'application/json; charset=utf-8',
    'cache-control': 'no-cache, no-store, max-age=0',
    'content-length': '196',
    'x-access-level': 'read',
    'x-frame-options': 'SAMEORIGIN',
    'content-encoding': 'gzip',
    'x-transaction-id': '9ed21ca7ab323f44',
    'x-xss-protection': '0',
    'x-rate-limit-limit': '40000',
    'x-rate-limit-reset': '1738822502',
    'content-disposition': 'attachment; filename=json.json',
    'x-content-type-options': 'nosniff',
    'x-rate-limit-remaining': '39998',
    'strict-transport-security': 'max-age=631138519',
    'x-response-time': '20',
    'x-connection-hash': 'be461a8155287406e42b9812c8192f1682dfb5b8235cef1e071aff012c991041',
    connection: 'close'
  },
  rateLimit: { limit: 40000, remaining: 39998, reset: 1738822502 },
  data: {
    account_id: 1821227857097715700,
    product_name: 'standard-basic',
    title: 'UsageCapExceeded',
    period: 'Monthly',
    scope: 'Product',
    detail: 'Usage cap exceeded: Monthly product cap',
    type: 'https://api.twitter.com/2/problems/usage-capped'
  }
}
Error fetching tweets: ApiResponseError: Request failed with code 429
    at RequestHandlerHelper.createResponseError (/home/ubuntu/apps/gotravel/node_modules/twitter-api-v2/dist/cjs/client-mixins/request-handler.helper.js:104:16)
    at RequestHandlerHelper.onResponseEndHandler (/home/ubuntu/apps/gotravel/node_modules/twitter-api-v2/dist/cjs/client-mixins/request-handler.helper.js:262:25)
    at Gunzip.emit (node:events:517:28)
    at endReadableNT (node:internal/streams/readable:1400:12)
    at process.processTicksAndRejections (node:internal/process/task_queues:82:21) {
  error: true,
  type: 'response',
  code: 429,
  headers: {
    date: 'Fri, 07 Feb 2025 06:00:02 UTC',
    perf: '7402827104',
    server: 'tsa_b',
    'set-cookie': [
      'guest_id=v1%3A173890800244638016; Max-Age=34214400; Expires=Tue, 10 Mar 2026 06:00:02 GMT; Path=/; Domain=.twitter.com; Secure; SameSite=None'
    ],
    'api-version': '2.126',
    'content-type': 'application/json; charset=utf-8',
    'cache-control': 'no-cache, no-store, max-age=0',
    'content-length': '94',
    'x-access-level': 'read',
    'x-frame-options': 'SAMEORIGIN',
    'content-encoding': 'gzip',
    'x-transaction-id': '6ecb104716d45101',
    'x-xss-protection': '0',
    'x-rate-limit-limit': '1',
    'x-rate-limit-reset': '1738908902',
    'content-disposition': 'attachment; filename=json.json',
    'x-content-type-options': 'nosniff',
    'x-rate-limit-remaining': '0',
    'strict-transport-security': 'max-age=631138519',
    'x-response-time': '9',
    'x-connection-hash': '005b1f7afb97550639b1f8769e03eed58ab5f94c2cfa603fc0b6ab8301d99986',
    connection: 'close'
  },
  rateLimit: { limit: 1, remaining: 0, reset: 1738908902 },
  data: {
    title: 'Too Many Requests',
    detail: 'Too Many Requests',
    type: 'about:blank',
    status: 429
  }
}
Fetched 20 tweets, added 20 unique tweets.
Updated tweets file with 20 tweets.
Tweets saved to public/tweets.json
Attempting to clear remote tweet cache...
Clear cache status: 200
Clear cache headers: {"connection":["close"],"content-type":["application/json"],"date":["Sat, 08 Feb 2025 06:00:02 GMT"],"server":["nginx/1.18.0 (Ubuntu)"],"transfer-encoding":["chunked"],"vary":["RSC, Next-Router-State-Tree, Next-Router-Prefetch"]}
Clear cache response: {"message":"Cache cleared successfully"}
Remote tweet cache cleared successfully
Updating local cache indicator...
Local cache version updated to 14
Fetched 20 tweets, added 15 unique tweets.
Updated tweets file with 20 tweets.
Tweets saved to public/tweets.json
Attempting to clear remote tweet cache...
Clear cache status: 200
Clear cache headers: {"connection":["close"],"content-type":["application/json"],"date":["Sun, 09 Feb 2025 06:00:01 GMT"],"server":["nginx/1.18.0 (Ubuntu)"],"transfer-encoding":["chunked"],"vary":["RSC, Next-Router-State-Tree, Next-Router-Prefetch"]}
Clear cache response: {"message":"Cache cleared successfully"}
Remote tweet cache cleared successfully
Updating local cache indicator...
Local cache version updated to 15
Fetched 20 tweets, added 18 unique tweets.
Updated tweets file with 20 tweets.
Tweets saved to public/tweets.json
Attempting to clear remote tweet cache...
Clear cache status: 200
Clear cache headers: {"connection":["close"],"content-type":["application/json"],"date":["Mon, 10 Feb 2025 06:00:03 GMT"],"server":["nginx/1.18.0 (Ubuntu)"],"transfer-encoding":["chunked"],"vary":["RSC, Next-Router-State-Tree, Next-Router-Prefetch"]}
Clear cache response: {"message":"Cache cleared successfully"}
Remote tweet cache cleared successfully
Updating local cache indicator...
Local cache version updated to 16
Error fetching tweets: ApiResponseError: Request failed with code 429
    at RequestHandlerHelper.createResponseError (/home/ubuntu/apps/gotravel/node_modules/twitter-api-v2/dist/cjs/client-mixins/request-handler.helper.js:104:16)
    at RequestHandlerHelper.onResponseEndHandler (/home/ubuntu/apps/gotravel/node_modules/twitter-api-v2/dist/cjs/client-mixins/request-handler.helper.js:262:25)
    at Gunzip.emit (node:events:517:28)
    at endReadableNT (node:internal/streams/readable:1400:12)
    at process.processTicksAndRejections (node:internal/process/task_queues:82:21) {
  error: true,
  type: 'response',
  code: 429,
  headers: {
    date: 'Tue, 11 Feb 2025 06:00:02 UTC',
    perf: '7402827104',
    server: 'tsa_b',
    'set-cookie': [
      'guest_id=v1%3A173925360240965439; Max-Age=34214400; Expires=Sat, 14 Mar 2026 06:00:02 GMT; Path=/; Domain=.twitter.com; Secure; SameSite=None'
    ],
    'api-version': '2.126',
    'content-type': 'application/json; charset=utf-8',
    'cache-control': 'no-cache, no-store, max-age=0',
    'content-length': '94',
    'x-access-level': 'read',
    'x-frame-options': 'SAMEORIGIN',
    'content-encoding': 'gzip',
    'x-transaction-id': '95c9a3253d93aed4',
    'x-xss-protection': '0',
    'x-rate-limit-limit': '1',
    'x-rate-limit-reset': '1739254502',
    'content-disposition': 'attachment; filename=json.json',
    'x-content-type-options': 'nosniff',
    'x-rate-limit-remaining': '0',
    'strict-transport-security': 'max-age=631138519',
    'x-response-time': '9',
    'x-connection-hash': 'd8ad6656457e4d12bc32bd78671fbc1fc933a1f5f7acebf6bcc4a92b8808e2e0',
    connection: 'close'
  },
  rateLimit: { limit: 1, remaining: 0, reset: 1739254502 },
  data: {
    title: 'Too Many Requests',
    detail: 'Too Many Requests',
    type: 'about:blank',
    status: 429
  }
}
Error fetching tweets: ApiResponseError: Request failed with code 429
    at RequestHandlerHelper.createResponseError (/home/ubuntu/apps/gotravel/node_modules/twitter-api-v2/dist/cjs/client-mixins/request-handler.helper.js:104:16)
    at RequestHandlerHelper.onResponseEndHandler (/home/ubuntu/apps/gotravel/node_modules/twitter-api-v2/dist/cjs/client-mixins/request-handler.helper.js:262:25)
    at Gunzip.emit (node:events:517:28)
    at endReadableNT (node:internal/streams/readable:1400:12)
    at process.processTicksAndRejections (node:internal/process/task_queues:82:21) {
  error: true,
  type: 'response',
  code: 429,
  headers: {
    date: 'Wed, 12 Feb 2025 06:00:01 UTC',
    perf: '7402827104',
    server: 'tsa_b',
    'set-cookie': [
      'guest_id=v1%3A173934000197213354; Max-Age=34214400; Expires=Sun, 15 Mar 2026 06:00:01 GMT; Path=/; Domain=.twitter.com; Secure; SameSite=None'
    ],
    'api-version': '2.126',
    'content-type': 'application/json; charset=utf-8',
    'cache-control': 'no-cache, no-store, max-age=0',
    'content-length': '94',
    'x-access-level': 'read',
    'x-frame-options': 'SAMEORIGIN',
    'content-encoding': 'gzip',
    'x-transaction-id': 'b74967c48fd46310',
    'x-xss-protection': '0',
    'x-rate-limit-limit': '1',
    'x-rate-limit-reset': '1739340901',
    'content-disposition': 'attachment; filename=json.json',
    'x-content-type-options': 'nosniff',
    'x-rate-limit-remaining': '0',
    'strict-transport-security': 'max-age=631138519',
    'x-response-time': '10',
    'x-connection-hash': 'fb7d077974ccd5f78f8cdc97e56714ba26407dbd25981d0e9d30420cafed322d',
    connection: 'close'
  },
  rateLimit: { limit: 1, remaining: 0, reset: 1739340901 },
  data: {
    title: 'Too Many Requests',
    detail: 'Too Many Requests',
    type: 'about:blank',
    status: 429
  }
}
Error fetching tweets: ApiResponseError: Request failed with code 429
    at RequestHandlerHelper.createResponseError (/home/ubuntu/apps/gotravel/node_modules/twitter-api-v2/dist/cjs/client-mixins/request-handler.helper.js:104:16)
    at RequestHandlerHelper.onResponseEndHandler (/home/ubuntu/apps/gotravel/node_modules/twitter-api-v2/dist/cjs/client-mixins/request-handler.helper.js:262:25)
    at Gunzip.emit (node:events:517:28)
    at endReadableNT (node:internal/streams/readable:1400:12)
    at process.processTicksAndRejections (node:internal/process/task_queues:82:21) {
  error: true,
  type: 'response',
  code: 429,
  headers: {
    date: 'Thu, 13 Feb 2025 06:00:01 UTC',
    perf: '7402827104',
    server: 'tsa_b',
    'set-cookie': [
      'guest_id=v1%3A173942640172601847; Max-Age=34214400; Expires=Mon, 16 Mar 2026 06:00:01 GMT; Path=/; Domain=.twitter.com; Secure; SameSite=None'
    ],
    'api-version': '2.126',
    'content-type': 'application/json; charset=utf-8',
    'cache-control': 'no-cache, no-store, max-age=0',
    'content-length': '94',
    'x-access-level': 'read',
    'x-frame-options': 'SAMEORIGIN',
    'content-encoding': 'gzip',
    'x-transaction-id': '30c3188b8fd65d75',
    'x-xss-protection': '0',
    'x-rate-limit-limit': '1',
    'x-rate-limit-reset': '1739427301',
    'content-disposition': 'attachment; filename=json.json',
    'x-content-type-options': 'nosniff',
    'x-rate-limit-remaining': '0',
    'strict-transport-security': 'max-age=631138519',
    'x-response-time': '9',
    'x-connection-hash': '9890b6eb1c6c0fc9090c6756c3a4b3043234d7a63005c83d4ee5c38849788941',
    connection: 'close'
  },
  rateLimit: { limit: 1, remaining: 0, reset: 1739427301 },
  data: {
    title: 'Too Many Requests',
    detail: 'Too Many Requests',
    type: 'about:blank',
    status: 429
  }
}
Error fetching tweets: ApiResponseError: Request failed with code 429
    at RequestHandlerHelper.createResponseError (/home/ubuntu/apps/gotravel/node_modules/twitter-api-v2/dist/cjs/client-mixins/request-handler.helper.js:104:16)
    at RequestHandlerHelper.onResponseEndHandler (/home/ubuntu/apps/gotravel/node_modules/twitter-api-v2/dist/cjs/client-mixins/request-handler.helper.js:262:25)
    at Gunzip.emit (node:events:517:28)
    at endReadableNT (node:internal/streams/readable:1400:12)
    at process.processTicksAndRejections (node:internal/process/task_queues:82:21) {
  error: true,
  type: 'response',
  code: 429,
  headers: {
    date: 'Fri, 14 Feb 2025 06:00:01 UTC',
    perf: '7402827104',
    server: 'tsa_b',
    'set-cookie': [
      'guest_id=v1%3A173951280148789969; Max-Age=34214400; Expires=Tue, 17 Mar 2026 06:00:01 GMT; Path=/; Domain=.twitter.com; Secure; SameSite=None'
    ],
    'api-version': '2.126',
    'content-type': 'application/json; charset=utf-8',
    'cache-control': 'no-cache, no-store, max-age=0',
    'content-length': '196',
    'x-access-level': 'read',
    'x-frame-options': 'SAMEORIGIN',
    'content-encoding': 'gzip',
    'x-transaction-id': 'dc992f47301d39bc',
    'x-xss-protection': '0',
    'x-rate-limit-limit': '40000',
    'x-rate-limit-reset': '1739513701',
    'content-disposition': 'attachment; filename=json.json',
    'x-content-type-options': 'nosniff',
    'x-rate-limit-remaining': '39999',
    'strict-transport-security': 'max-age=631138519',
    'x-response-time': '16',
    'x-connection-hash': '53bd33c2272ee31e3f43b461d234730a85e1e8ea790d890adb40648b26a25c83',
    connection: 'close'
  },
  rateLimit: { limit: 40000, remaining: 39999, reset: 1739513701 },
  data: {
    account_id: 1821227857097715700,
    product_name: 'standard-basic',
    title: 'UsageCapExceeded',
    period: 'Monthly',
    scope: 'Product',
    detail: 'Usage cap exceeded: Monthly product cap',
    type: 'https://api.twitter.com/2/problems/usage-capped'
  }
}
Error fetching tweets: ApiResponseError: Request failed with code 429
    at RequestHandlerHelper.createResponseError (/home/ubuntu/apps/gotravel/node_modules/twitter-api-v2/dist/cjs/client-mixins/request-handler.helper.js:104:16)
    at RequestHandlerHelper.onResponseEndHandler (/home/ubuntu/apps/gotravel/node_modules/twitter-api-v2/dist/cjs/client-mixins/request-handler.helper.js:262:25)
    at Gunzip.emit (node:events:517:28)
    at endReadableNT (node:internal/streams/readable:1400:12)
    at process.processTicksAndRejections (node:internal/process/task_queues:82:21) {
  error: true,
  type: 'response',
  code: 429,
  headers: {
    date: 'Sat, 15 Feb 2025 06:00:03 UTC',
    perf: '7402827104',
    server: 'tsa_b',
    'set-cookie': [
      'guest_id=v1%3A173959920306398340; Max-Age=34214400; Expires=Wed, 18 Mar 2026 06:00:03 GMT; Path=/; Domain=.twitter.com; Secure; SameSite=None'
    ],
    'api-version': '2.126',
    'content-type': 'application/json; charset=utf-8',
    'cache-control': 'no-cache, no-store, max-age=0',
    'content-length': '196',
    'x-access-level': 'read',
    'x-frame-options': 'SAMEORIGIN',
    'content-encoding': 'gzip',
    'x-transaction-id': '2456756ebca06fc4',
    'x-xss-protection': '0',
    'x-rate-limit-limit': '40000',
    'x-rate-limit-reset': '1739600103',
    'content-disposition': 'attachment; filename=json.json',
    'x-content-type-options': 'nosniff',
    'x-rate-limit-remaining': '39999',
    'strict-transport-security': 'max-age=631138519',
    'x-response-time': '21',
    'x-connection-hash': '4236da3eaf44863cae5b09c69eac8b79a49644c35b2f0025147362a218adb008',
    connection: 'close'
  },
  rateLimit: { limit: 40000, remaining: 39999, reset: 1739600103 },
  data: {
    account_id: 1821227857097715700,
    product_name: 'standard-basic',
    title: 'UsageCapExceeded',
    period: 'Monthly',
    scope: 'Product',
    detail: 'Usage cap exceeded: Monthly product cap',
    type: 'https://api.twitter.com/2/problems/usage-capped'
  }
}
Error fetching tweets: ApiResponseError: Request failed with code 429
    at RequestHandlerHelper.createResponseError (/home/ubuntu/apps/gotravel/node_modules/twitter-api-v2/dist/cjs/client-mixins/request-handler.helper.js:104:16)
    at RequestHandlerHelper.onResponseEndHandler (/home/ubuntu/apps/gotravel/node_modules/twitter-api-v2/dist/cjs/client-mixins/request-handler.helper.js:262:25)
    at Gunzip.emit (node:events:517:28)
    at endReadableNT (node:internal/streams/readable:1400:12)
    at process.processTicksAndRejections (node:internal/process/task_queues:82:21) {
  error: true,
  type: 'response',
  code: 429,
  headers: {
    date: 'Sun, 16 Feb 2025 06:00:03 UTC',
    perf: '7402827104',
    server: 'tsa_b',
    'set-cookie': [
      'guest_id=v1%3A173968560359795967; Max-Age=34214400; Expires=Thu, 19 Mar 2026 06:00:03 GMT; Path=/; Domain=.twitter.com; Secure; SameSite=None'
    ],
    'api-version': '2.126',
    'content-type': 'application/json; charset=utf-8',
    'cache-control': 'no-cache, no-store, max-age=0',
    'content-length': '94',
    'x-access-level': 'read',
    'x-frame-options': 'SAMEORIGIN',
    'content-encoding': 'gzip',
    'x-transaction-id': '1b453b636c1ff171',
    'x-xss-protection': '0',
    'x-rate-limit-limit': '1',
    'x-rate-limit-reset': '1739686503',
    'content-disposition': 'attachment; filename=json.json',
    'x-content-type-options': 'nosniff',
    'x-rate-limit-remaining': '0',
    'strict-transport-security': 'max-age=631138519',
    'x-response-time': '11',
    'x-connection-hash': 'c2f5030ea6b1a4e88bd5e2afb45e0821b37f173aa3fd4fe7d0b235b1bd599262',
    connection: 'close'
  },
  rateLimit: { limit: 1, remaining: 0, reset: 1739686503 },
  data: {
    title: 'Too Many Requests',
    detail: 'Too Many Requests',
    type: 'about:blank',
    status: 429
  }
}
Error fetching tweets: ApiResponseError: Request failed with code 429
    at RequestHandlerHelper.createResponseError (/home/ubuntu/apps/gotravel/node_modules/twitter-api-v2/dist/cjs/client-mixins/request-handler.helper.js:104:16)
    at RequestHandlerHelper.onResponseEndHandler (/home/ubuntu/apps/gotravel/node_modules/twitter-api-v2/dist/cjs/client-mixins/request-handler.helper.js:262:25)
    at Gunzip.emit (node:events:517:28)
    at endReadableNT (node:internal/streams/readable:1400:12)
    at process.processTicksAndRejections (node:internal/process/task_queues:82:21) {
  error: true,
  type: 'response',
  code: 429,
  headers: {
    date: 'Mon, 17 Feb 2025 06:00:02 UTC',
    perf: '7402827104',
    server: 'tsa_b',
    'set-cookie': [
      'guest_id=v1%3A173977200227791578; Max-Age=34214400; Expires=Fri, 20 Mar 2026 06:00:02 GMT; Path=/; Domain=.twitter.com; Secure; SameSite=None'
    ],
    'api-version': '2.126',
    'content-type': 'application/json; charset=utf-8',
    'cache-control': 'no-cache, no-store, max-age=0',
    'content-length': '196',
    'x-access-level': 'read',
    'x-frame-options': 'SAMEORIGIN',
    'content-encoding': 'gzip',
    'x-transaction-id': 'ef93d08415e35db1',
    'x-xss-protection': '0',
    'x-rate-limit-limit': '40000',
    'x-rate-limit-reset': '1739772902',
    'content-disposition': 'attachment; filename=json.json',
    'x-content-type-options': 'nosniff',
    'x-rate-limit-remaining': '39999',
    'strict-transport-security': 'max-age=631138519',
    'x-response-time': '17',
    'x-connection-hash': '7e515a10fb230ac6ca307b8324f32fab28176e31feea251ef5b258b1097c2ef7',
    connection: 'close'
  },
  rateLimit: { limit: 40000, remaining: 39999, reset: 1739772902 },
  data: {
    account_id: 1821227857097715700,
    product_name: 'standard-basic',
    title: 'UsageCapExceeded',
    period: 'Monthly',
    scope: 'Product',
    detail: 'Usage cap exceeded: Monthly product cap',
    type: 'https://api.twitter.com/2/problems/usage-capped'
  }
}
Error fetching tweets: ApiResponseError: Request failed with code 429
    at RequestHandlerHelper.createResponseError (/home/ubuntu/apps/gotravel/node_modules/twitter-api-v2/dist/cjs/client-mixins/request-handler.helper.js:104:16)
    at RequestHandlerHelper.onResponseEndHandler (/home/ubuntu/apps/gotravel/node_modules/twitter-api-v2/dist/cjs/client-mixins/request-handler.helper.js:262:25)
    at Gunzip.emit (node:events:517:28)
    at endReadableNT (node:internal/streams/readable:1400:12)
    at process.processTicksAndRejections (node:internal/process/task_queues:82:21) {
  error: true,
  type: 'response',
  code: 429,
  headers: {
    date: 'Tue, 18 Feb 2025 06:00:02 UTC',
    perf: '7402827104',
    server: 'tsa_b',
    'set-cookie': [
      'guest_id=v1%3A173985840270475551; Max-Age=34214400; Expires=Sat, 21 Mar 2026 06:00:02 GMT; Path=/; Domain=.twitter.com; Secure; SameSite=None'
    ],
    'api-version': '2.126',
    'content-type': 'application/json; charset=utf-8',
    'cache-control': 'no-cache, no-store, max-age=0',
    'content-length': '196',
    'x-access-level': 'read',
    'x-frame-options': 'SAMEORIGIN',
    'content-encoding': 'gzip',
    'x-transaction-id': '94badafe583767e1',
    'x-xss-protection': '0',
    'x-rate-limit-limit': '40000',
    'x-rate-limit-reset': '1739859302',
    'content-disposition': 'attachment; filename=json.json',
    'x-content-type-options': 'nosniff',
    'x-rate-limit-remaining': '39999',
    'strict-transport-security': 'max-age=631138519',
    'x-response-time': '16',
    'x-connection-hash': '212f3e7214c290cc743744d669c099387f1a5098a6564ce0e75fb01382d268f2',
    connection: 'close'
  },
  rateLimit: { limit: 40000, remaining: 39999, reset: 1739859302 },
  data: {
    account_id: 1821227857097715700,
    product_name: 'standard-basic',
    title: 'UsageCapExceeded',
    period: 'Monthly',
    scope: 'Product',
    detail: 'Usage cap exceeded: Monthly product cap',
    type: 'https://api.twitter.com/2/problems/usage-capped'
  }
}
Error fetching tweets: ApiResponseError: Request failed with code 429
    at RequestHandlerHelper.createResponseError (/home/ubuntu/apps/gotravel/node_modules/twitter-api-v2/dist/cjs/client-mixins/request-handler.helper.js:104:16)
    at RequestHandlerHelper.onResponseEndHandler (/home/ubuntu/apps/gotravel/node_modules/twitter-api-v2/dist/cjs/client-mixins/request-handler.helper.js:262:25)
    at Gunzip.emit (node:events:517:28)
    at endReadableNT (node:internal/streams/readable:1400:12)
    at process.processTicksAndRejections (node:internal/process/task_queues:82:21) {
  error: true,
  type: 'response',
  code: 429,
  headers: {
    date: 'Wed, 19 Feb 2025 06:00:03 UTC',
    perf: '7402827104',
    server: 'tsa_b',
    'set-cookie': [
      'guest_id=v1%3A173994480343954344; Max-Age=34214400; Expires=Sun, 22 Mar 2026 06:00:03 GMT; Path=/; Domain=.twitter.com; Secure; SameSite=None'
    ],
    'api-version': '2.127',
    'content-type': 'application/json; charset=utf-8',
    'cache-control': 'no-cache, no-store, max-age=0',
    'content-length': '196',
    'x-access-level': 'read',
    'x-frame-options': 'SAMEORIGIN',
    'content-encoding': 'gzip',
    'x-transaction-id': '13404e79efabaefc',
    'x-xss-protection': '0',
    'x-rate-limit-limit': '40000',
    'x-rate-limit-reset': '1739945703',
    'content-disposition': 'attachment; filename=json.json',
    'x-content-type-options': 'nosniff',
    'x-rate-limit-remaining': '39999',
    'strict-transport-security': 'max-age=631138519',
    'x-response-time': '16',
    'x-connection-hash': 'beac7ec79fe80ef7b5aa15d972062a2c0dada506b71d4ecfcd126901d6c83a09',
    connection: 'close'
  },
  rateLimit: { limit: 40000, remaining: 39999, reset: 1739945703 },
  data: {
    account_id: 1821227857097715700,
    product_name: 'standard-basic',
    title: 'UsageCapExceeded',
    period: 'Monthly',
    scope: 'Product',
    detail: 'Usage cap exceeded: Monthly product cap',
    type: 'https://api.twitter.com/2/problems/usage-capped'
  }
}
Error fetching tweets: ApiResponseError: Request failed with code 429
    at RequestHandlerHelper.createResponseError (/home/ubuntu/apps/gotravel/node_modules/twitter-api-v2/dist/cjs/client-mixins/request-handler.helper.js:104:16)
    at RequestHandlerHelper.onResponseEndHandler (/home/ubuntu/apps/gotravel/node_modules/twitter-api-v2/dist/cjs/client-mixins/request-handler.helper.js:262:25)
    at Gunzip.emit (node:events:517:28)
    at endReadableNT (node:internal/streams/readable:1400:12)
    at process.processTicksAndRejections (node:internal/process/task_queues:82:21) {
  error: true,
  type: 'response',
  code: 429,
  headers: {
    date: 'Thu, 20 Feb 2025 06:00:03 UTC',
    perf: '7402827104',
    server: 'tsa_b',
    'set-cookie': [
      'guest_id=v1%3A174003120302834933; Max-Age=34214400; Expires=Mon, 23 Mar 2026 06:00:03 GMT; Path=/; Domain=.twitter.com; Secure; SameSite=None'
    ],
    'api-version': '2.127',
    'content-type': 'application/json; charset=utf-8',
    'cache-control': 'no-cache, no-store, max-age=0',
    'content-length': '196',
    'x-access-level': 'read',
    'x-frame-options': 'SAMEORIGIN',
    'content-encoding': 'gzip',
    'x-transaction-id': 'fac0d3707c25c561',
    'x-xss-protection': '0',
    'x-rate-limit-limit': '40000',
    'x-rate-limit-reset': '1740032103',
    'content-disposition': 'attachment; filename=json.json',
    'x-content-type-options': 'nosniff',
    'x-rate-limit-remaining': '39999',
    'strict-transport-security': 'max-age=631138519',
    'x-response-time': '18',
    'x-connection-hash': '78971221baab52f1429bddff7eb22e471626051d050f328075a8e15824522e84',
    connection: 'close'
  },
  rateLimit: { limit: 40000, remaining: 39999, reset: 1740032103 },
  data: {
    account_id: 1821227857097715700,
    product_name: 'standard-basic',
    title: 'UsageCapExceeded',
    period: 'Monthly',
    scope: 'Product',
    detail: 'Usage cap exceeded: Monthly product cap',
    type: 'https://api.twitter.com/2/problems/usage-capped'
  }
}
Error fetching tweets: ApiResponseError: Request failed with code 429
    at RequestHandlerHelper.createResponseError (/home/ubuntu/apps/gotravel/node_modules/twitter-api-v2/dist/cjs/client-mixins/request-handler.helper.js:104:16)
    at RequestHandlerHelper.onResponseEndHandler (/home/ubuntu/apps/gotravel/node_modules/twitter-api-v2/dist/cjs/client-mixins/request-handler.helper.js:262:25)
    at Gunzip.emit (node:events:517:28)
    at endReadableNT (node:internal/streams/readable:1400:12)
    at process.processTicksAndRejections (node:internal/process/task_queues:82:21) {
  error: true,
  type: 'response',
  code: 429,
  headers: {
    date: 'Fri, 21 Feb 2025 06:00:02 UTC',
    perf: '7402827104',
    server: 'tsa_b',
    'set-cookie': [
      'guest_id=v1%3A174011760281124790; Max-Age=34214400; Expires=Tue, 24 Mar 2026 06:00:02 GMT; Path=/; Domain=.twitter.com; Secure; SameSite=None'
    ],
    'api-version': '2.127',
    'content-type': 'application/json; charset=utf-8',
    'cache-control': 'no-cache, no-store, max-age=0',
    'content-length': '196',
    'x-access-level': 'read',
    'x-frame-options': 'SAMEORIGIN',
    'content-encoding': 'gzip',
    'x-transaction-id': 'f8d244976762c588',
    'x-xss-protection': '0',
    'x-rate-limit-limit': '40000',
    'x-rate-limit-reset': '1740118502',
    'content-disposition': 'attachment; filename=json.json',
    'x-content-type-options': 'nosniff',
    'x-rate-limit-remaining': '39999',
    'strict-transport-security': 'max-age=631138519',
    'x-response-time': '18',
    'x-connection-hash': '63a56b8ae81a4f447664fc20f74d32f3dae0ca941cd6c92d6197be45cd4595d7',
    connection: 'close'
  },
  rateLimit: { limit: 40000, remaining: 39999, reset: 1740118502 },
  data: {
    account_id: 1821227857097715700,
    product_name: 'standard-basic',
    title: 'UsageCapExceeded',
    period: 'Monthly',
    scope: 'Product',
    detail: 'Usage cap exceeded: Monthly product cap',
    type: 'https://api.twitter.com/2/problems/usage-capped'
  }
}
Error fetching tweets: ApiResponseError: Request failed with code 429
    at RequestHandlerHelper.createResponseError (/home/ubuntu/apps/gotravel/node_modules/twitter-api-v2/dist/cjs/client-mixins/request-handler.helper.js:104:16)
    at RequestHandlerHelper.onResponseEndHandler (/home/ubuntu/apps/gotravel/node_modules/twitter-api-v2/dist/cjs/client-mixins/request-handler.helper.js:262:25)
    at Gunzip.emit (node:events:517:28)
    at endReadableNT (node:internal/streams/readable:1400:12)
    at process.processTicksAndRejections (node:internal/process/task_queues:82:21) {
  error: true,
  type: 'response',
  code: 429,
  headers: {
    date: 'Sat, 22 Feb 2025 06:00:03 UTC',
    perf: '7402827104',
    server: 'tsa_b',
    'set-cookie': [
      'guest_id=v1%3A174020400325756562; Max-Age=34214400; Expires=Wed, 25 Mar 2026 06:00:03 GMT; Path=/; Domain=.twitter.com; Secure; SameSite=None'
    ],
    'api-version': '2.127',
    'content-type': 'application/json; charset=utf-8',
    'cache-control': 'no-cache, no-store, max-age=0',
    'content-length': '94',
    'x-access-level': 'read',
    'x-frame-options': 'SAMEORIGIN',
    'content-encoding': 'gzip',
    'x-transaction-id': 'c717466adae95687',
    'x-xss-protection': '0',
    'x-rate-limit-limit': '1',
    'x-rate-limit-reset': '1740204903',
    'content-disposition': 'attachment; filename=json.json',
    'x-content-type-options': 'nosniff',
    'x-rate-limit-remaining': '0',
    'strict-transport-security': 'max-age=631138519',
    'x-response-time': '9',
    'x-connection-hash': '0a65bd4c0a492d63842c9888dcb16504bb032be4ac3c87f49c53ad5c1347057e',
    connection: 'close'
  },
  rateLimit: { limit: 1, remaining: 0, reset: 1740204903 },
  data: {
    title: 'Too Many Requests',
    detail: 'Too Many Requests',
    type: 'about:blank',
    status: 429
  }
}
Error fetching tweets: ApiResponseError: Request failed with code 429
    at RequestHandlerHelper.createResponseError (/home/ubuntu/apps/gotravel/node_modules/twitter-api-v2/dist/cjs/client-mixins/request-handler.helper.js:104:16)
    at RequestHandlerHelper.onResponseEndHandler (/home/ubuntu/apps/gotravel/node_modules/twitter-api-v2/dist/cjs/client-mixins/request-handler.helper.js:262:25)
    at Gunzip.emit (node:events:517:28)
    at endReadableNT (node:internal/streams/readable:1400:12)
    at process.processTicksAndRejections (node:internal/process/task_queues:82:21) {
  error: true,
  type: 'response',
  code: 429,
  headers: {
    date: 'Sun, 23 Feb 2025 06:00:02 UTC',
    perf: '7402827104',
    server: 'tsa_b',
    'set-cookie': [
      'guest_id=v1%3A174029040204338392; Max-Age=34214400; Expires=Thu, 26 Mar 2026 06:00:02 GMT; Path=/; Domain=.twitter.com; Secure; SameSite=None'
    ],
    'api-version': '2.127',
    'content-type': 'application/json; charset=utf-8',
    'cache-control': 'no-cache, no-store, max-age=0',
    'content-length': '94',
    'x-access-level': 'read',
    'x-frame-options': 'SAMEORIGIN',
    'content-encoding': 'gzip',
    'x-transaction-id': '1adfbf8027341a3e',
    'x-xss-protection': '0',
    'x-rate-limit-limit': '1',
    'x-rate-limit-reset': '1740291302',
    'content-disposition': 'attachment; filename=json.json',
    'x-content-type-options': 'nosniff',
    'x-rate-limit-remaining': '0',
    'strict-transport-security': 'max-age=631138519',
    'x-response-time': '10',
    'x-connection-hash': '713c4cbb5b47eb7734fb1feba91dce3d140a57f1be02efffb86fe4b3099f6990',
    connection: 'close'
  },
  rateLimit: { limit: 1, remaining: 0, reset: 1740291302 },
  data: {
    title: 'Too Many Requests',
    detail: 'Too Many Requests',
    type: 'about:blank',
    status: 429
  }
}
Error fetching tweets: ApiResponseError: Request failed with code 429
    at RequestHandlerHelper.createResponseError (/home/ubuntu/apps/gotravel/node_modules/twitter-api-v2/dist/cjs/client-mixins/request-handler.helper.js:104:16)
    at RequestHandlerHelper.onResponseEndHandler (/home/ubuntu/apps/gotravel/node_modules/twitter-api-v2/dist/cjs/client-mixins/request-handler.helper.js:262:25)
    at Gunzip.emit (node:events:517:28)
    at endReadableNT (node:internal/streams/readable:1400:12)
    at process.processTicksAndRejections (node:internal/process/task_queues:82:21) {
  error: true,
  type: 'response',
  code: 429,
  headers: {
    date: 'Mon, 24 Feb 2025 06:00:02 UTC',
    perf: '7402827104',
    server: 'tsa_b',
    'set-cookie': [
      'guest_id=v1%3A174037680235769937; Max-Age=34214400; Expires=Fri, 27 Mar 2026 06:00:02 GMT; Path=/; Domain=.twitter.com; Secure; SameSite=None'
    ],
    'api-version': '2.127',
    'content-type': 'application/json; charset=utf-8',
    'cache-control': 'no-cache, no-store, max-age=0',
    'content-length': '94',
    'x-access-level': 'read',
    'x-frame-options': 'SAMEORIGIN',
    'content-encoding': 'gzip',
    'x-transaction-id': '47fe76fdd3b28cf3',
    'x-xss-protection': '0',
    'x-rate-limit-limit': '1',
    'x-rate-limit-reset': '1740377702',
    'content-disposition': 'attachment; filename=json.json',
    'x-content-type-options': 'nosniff',
    'x-rate-limit-remaining': '0',
    'strict-transport-security': 'max-age=631138519',
    'x-response-time': '14',
    'x-connection-hash': 'a71827c97c1514fad52b9b4e14bc2529bc8aba40c5cd5d39425b2fb7fb500524',
    connection: 'close'
  },
  rateLimit: { limit: 1, remaining: 0, reset: 1740377702 },
  data: {
    title: 'Too Many Requests',
    detail: 'Too Many Requests',
    type: 'about:blank',
    status: 429
  }
}
Error fetching tweets: ApiResponseError: Request failed with code 429
    at RequestHandlerHelper.createResponseError (/home/ubuntu/apps/gotravel/node_modules/twitter-api-v2/dist/cjs/client-mixins/request-handler.helper.js:104:16)
    at RequestHandlerHelper.onResponseEndHandler (/home/ubuntu/apps/gotravel/node_modules/twitter-api-v2/dist/cjs/client-mixins/request-handler.helper.js:262:25)
    at Gunzip.emit (node:events:517:28)
    at endReadableNT (node:internal/streams/readable:1400:12)
    at process.processTicksAndRejections (node:internal/process/task_queues:82:21) {
  error: true,
  type: 'response',
  code: 429,
  headers: {
    date: 'Tue, 25 Feb 2025 06:00:02 UTC',
    perf: '7402827104',
    server: 'tsa_b',
    'set-cookie': [
      'guest_id=v1%3A174046320291631329; Max-Age=34214400; Expires=Sat, 28 Mar 2026 06:00:02 GMT; Path=/; Domain=.twitter.com; Secure; SameSite=None'
    ],
    'api-version': '2.128',
    'content-type': 'application/json; charset=utf-8',
    'cache-control': 'no-cache, no-store, max-age=0',
    'content-length': '94',
    'x-access-level': 'read',
    'x-frame-options': 'SAMEORIGIN',
    'content-encoding': 'gzip',
    'x-transaction-id': '6c0ed351b653b22f',
    'x-xss-protection': '0',
    'x-rate-limit-limit': '1',
    'x-rate-limit-reset': '1740464102',
    'content-disposition': 'attachment; filename=json.json',
    'x-content-type-options': 'nosniff',
    'x-rate-limit-remaining': '0',
    'strict-transport-security': 'max-age=631138519',
    'x-response-time': '9',
    'x-connection-hash': 'cbf0fb6a9ec6fbf85490c0e36bc81882e53e102dfcc66370a2b5d6c256883de5',
    connection: 'close'
  },
  rateLimit: { limit: 1, remaining: 0, reset: 1740464102 },
  data: {
    title: 'Too Many Requests',
    detail: 'Too Many Requests',
    type: 'about:blank',
    status: 429
  }
}
Error fetching tweets: ApiResponseError: Request failed with code 429
    at RequestHandlerHelper.createResponseError (/home/ubuntu/apps/gotravel/node_modules/twitter-api-v2/dist/cjs/client-mixins/request-handler.helper.js:104:16)
    at RequestHandlerHelper.onResponseEndHandler (/home/ubuntu/apps/gotravel/node_modules/twitter-api-v2/dist/cjs/client-mixins/request-handler.helper.js:262:25)
    at Gunzip.emit (node:events:517:28)
    at endReadableNT (node:internal/streams/readable:1400:12)
    at process.processTicksAndRejections (node:internal/process/task_queues:82:21) {
  error: true,
  type: 'response',
  code: 429,
  headers: {
    date: 'Wed, 26 Feb 2025 06:00:02 UTC',
    perf: '7402827104',
    server: 'tsa_b',
    'set-cookie': [
      'guest_id=v1%3A174054960278640898; Max-Age=34214400; Expires=Sun, 29 Mar 2026 06:00:02 GMT; Path=/; Domain=.twitter.com; Secure; SameSite=None'
    ],
    'api-version': '2.128',
    'content-type': 'application/json; charset=utf-8',
    'cache-control': 'no-cache, no-store, max-age=0',
    'content-length': '94',
    'x-access-level': 'read',
    'x-frame-options': 'SAMEORIGIN',
    'content-encoding': 'gzip',
    'x-transaction-id': '0a5012e88819d8ec',
    'x-xss-protection': '0',
    'x-rate-limit-limit': '1',
    'x-rate-limit-reset': '1740550502',
    'content-disposition': 'attachment; filename=json.json',
    'x-content-type-options': 'nosniff',
    'x-rate-limit-remaining': '0',
    'strict-transport-security': 'max-age=631138519',
    'x-response-time': '10',
    'x-connection-hash': 'a97763c3ad5d3fecaeaea82e49213743b75583d15be6e8a30aa3f1b6b21e84e5',
    connection: 'close'
  },
  rateLimit: { limit: 1, remaining: 0, reset: 1740550502 },
  data: {
    title: 'Too Many Requests',
    detail: 'Too Many Requests',
    type: 'about:blank',
    status: 429
  }
}
Error fetching tweets: ApiResponseError: Request failed with code 429
    at RequestHandlerHelper.createResponseError (/home/ubuntu/apps/gotravel/node_modules/twitter-api-v2/dist/cjs/client-mixins/request-handler.helper.js:104:16)
    at RequestHandlerHelper.onResponseEndHandler (/home/ubuntu/apps/gotravel/node_modules/twitter-api-v2/dist/cjs/client-mixins/request-handler.helper.js:262:25)
    at Gunzip.emit (node:events:517:28)
    at endReadableNT (node:internal/streams/readable:1400:12)
    at process.processTicksAndRejections (node:internal/process/task_queues:82:21) {
  error: true,
  type: 'response',
  code: 429,
  headers: {
    date: 'Thu, 27 Feb 2025 06:00:01 UTC',
    perf: '7402827104',
    server: 'tsa_b',
    'set-cookie': [
      'guest_id=v1%3A174063600195245426; Max-Age=34214400; Expires=Mon, 30 Mar 2026 06:00:01 GMT; Path=/; Domain=.twitter.com; Secure; SameSite=None'
    ],
    'api-version': '2.128',
    'content-type': 'application/json; charset=utf-8',
    'cache-control': 'no-cache, no-store, max-age=0',
    'content-length': '94',
    'x-access-level': 'read',
    'x-frame-options': 'SAMEORIGIN',
    'content-encoding': 'gzip',
    'x-transaction-id': 'e3b1d987f830f1c3',
    'x-xss-protection': '0',
    'x-rate-limit-limit': '1',
    'x-rate-limit-reset': '1740636901',
    'content-disposition': 'attachment; filename=json.json',
    'x-content-type-options': 'nosniff',
    'x-rate-limit-remaining': '0',
    'strict-transport-security': 'max-age=631138519',
    'x-response-time': '14',
    'x-connection-hash': '32014871fabaa6f4db6a5f3bbf3b7f84a3a948784e3495e2786c4bb248b634b6',
    connection: 'close'
  },
  rateLimit: { limit: 1, remaining: 0, reset: 1740636901 },
  data: {
    title: 'Too Many Requests',
    detail: 'Too Many Requests',
    type: 'about:blank',
    status: 429
  }
}
Error fetching tweets: ApiResponseError: Request failed with code 429
    at RequestHandlerHelper.createResponseError (/home/ubuntu/apps/gotravel/node_modules/twitter-api-v2/dist/cjs/client-mixins/request-handler.helper.js:104:16)
    at RequestHandlerHelper.onResponseEndHandler (/home/ubuntu/apps/gotravel/node_modules/twitter-api-v2/dist/cjs/client-mixins/request-handler.helper.js:262:25)
    at Gunzip.emit (node:events:517:28)
    at endReadableNT (node:internal/streams/readable:1400:12)
    at process.processTicksAndRejections (node:internal/process/task_queues:82:21) {
  error: true,
  type: 'response',
  code: 429,
  headers: {
    date: 'Fri, 28 Feb 2025 06:00:02 UTC',
    perf: '7402827104',
    server: 'tsa_b',
    'set-cookie': [
      'guest_id=v1%3A174072240290773457; Max-Age=34214400; Expires=Tue, 31 Mar 2026 06:00:02 GMT; Path=/; Domain=.twitter.com; Secure; SameSite=None'
    ],
    'api-version': '2.129',
    'content-type': 'application/json; charset=utf-8',
    'cache-control': 'no-cache, no-store, max-age=0',
    'content-length': '196',
    'x-access-level': 'read',
    'x-frame-options': 'SAMEORIGIN',
    'content-encoding': 'gzip',
    'x-transaction-id': 'a04b3e6d1748d6b3',
    'x-xss-protection': '0',
    'x-rate-limit-limit': '40000',
    'x-rate-limit-reset': '1740723302',
    'content-disposition': 'attachment; filename=json.json',
    'x-content-type-options': 'nosniff',
    'x-rate-limit-remaining': '39999',
    'strict-transport-security': 'max-age=631138519',
    'x-response-time': '17',
    'x-connection-hash': '86ec418ba075ede43bda94162ccc202a19cca8d461323ecf3b51d9c5fc8ba844',
    connection: 'close'
  },
  rateLimit: { limit: 40000, remaining: 39999, reset: 1740723302 },
  data: {
    account_id: 1821227857097715700,
    product_name: 'standard-basic',
    title: 'UsageCapExceeded',
    period: 'Monthly',
    scope: 'Product',
    detail: 'Usage cap exceeded: Monthly product cap',
    type: 'https://api.twitter.com/2/problems/usage-capped'
  }
}
Error fetching tweets: ApiResponseError: Request failed with code 429
    at RequestHandlerHelper.createResponseError (/home/ubuntu/apps/gotravel/node_modules/twitter-api-v2/dist/cjs/client-mixins/request-handler.helper.js:104:16)
    at RequestHandlerHelper.onResponseEndHandler (/home/ubuntu/apps/gotravel/node_modules/twitter-api-v2/dist/cjs/client-mixins/request-handler.helper.js:262:25)
    at Gunzip.emit (node:events:517:28)
    at endReadableNT (node:internal/streams/readable:1400:12)
    at process.processTicksAndRejections (node:internal/process/task_queues:82:21) {
  error: true,
  type: 'response',
  code: 429,
  headers: {
    date: 'Sat, 01 Mar 2025 06:00:02 UTC',
    perf: '7402827104',
    server: 'tsa_b',
    'set-cookie': [
      'guest_id=v1%3A174080880209746976; Max-Age=34214400; Expires=Wed, 01 Apr 2026 06:00:02 GMT; Path=/; Domain=.twitter.com; Secure; SameSite=None'
    ],
    'api-version': '2.129',
    'content-type': 'application/json; charset=utf-8',
    'cache-control': 'no-cache, no-store, max-age=0',
    'content-length': '196',
    'x-access-level': 'read',
    'x-frame-options': 'SAMEORIGIN',
    'content-encoding': 'gzip',
    'x-transaction-id': '8e22f3411bd19dd9',
    'x-xss-protection': '0',
    'x-rate-limit-limit': '40000',
    'x-rate-limit-reset': '1740809702',
    'content-disposition': 'attachment; filename=json.json',
    'x-content-type-options': 'nosniff',
    'x-rate-limit-remaining': '39999',
    'strict-transport-security': 'max-age=631138519',
    'x-response-time': '18',
    'x-connection-hash': 'b988bb58aa693fd924294e7c72a56fee3fb6c79d0f1c5db5e22a9f4ff5cb98ff',
    connection: 'close'
  },
  rateLimit: { limit: 40000, remaining: 39999, reset: 1740809702 },
  data: {
    account_id: 1821227857097715700,
    product_name: 'standard-basic',
    title: 'UsageCapExceeded',
    period: 'Monthly',
    scope: 'Product',
    detail: 'Usage cap exceeded: Monthly product cap',
    type: 'https://api.twitter.com/2/problems/usage-capped'
  }
}
Error fetching tweets: ApiResponseError: Request failed with code 429
    at RequestHandlerHelper.createResponseError (/home/ubuntu/apps/gotravel/node_modules/twitter-api-v2/dist/cjs/client-mixins/request-handler.helper.js:104:16)
    at RequestHandlerHelper.onResponseEndHandler (/home/ubuntu/apps/gotravel/node_modules/twitter-api-v2/dist/cjs/client-mixins/request-handler.helper.js:262:25)
    at Gunzip.emit (node:events:517:28)
    at endReadableNT (node:internal/streams/readable:1400:12)
    at process.processTicksAndRejections (node:internal/process/task_queues:82:21) {
  error: true,
  type: 'response',
  code: 429,
  headers: {
    date: 'Sun, 02 Mar 2025 06:00:01 UTC',
    perf: '7402827104',
    server: 'tsa_b',
    'set-cookie': [
      'guest_id=v1%3A174089520197895796; Max-Age=34214400; Expires=Thu, 02 Apr 2026 06:00:01 GMT; Path=/; Domain=.twitter.com; Secure; SameSite=None'
    ],
    'api-version': '2.129',
    'content-type': 'application/json; charset=utf-8',
    'cache-control': 'no-cache, no-store, max-age=0',
    'content-length': '94',
    'x-access-level': 'read',
    'x-frame-options': 'SAMEORIGIN',
    'content-encoding': 'gzip',
    'x-transaction-id': '2fb41da496102232',
    'x-xss-protection': '0',
    'x-rate-limit-limit': '1',
    'x-rate-limit-reset': '1740896101',
    'content-disposition': 'attachment; filename=json.json',
    'x-content-type-options': 'nosniff',
    'x-rate-limit-remaining': '0',
    'strict-transport-security': 'max-age=631138519',
    'x-response-time': '9',
    'x-connection-hash': '39c48158f44a49aa56a8cb68197de3fc940521e8adac77cb3ae11adcaf971d2d',
    connection: 'close'
  },
  rateLimit: { limit: 1, remaining: 0, reset: 1740896101 },
  data: {
    title: 'Too Many Requests',
    detail: 'Too Many Requests',
    type: 'about:blank',
    status: 429
  }
}
Error fetching tweets: ApiResponseError: Request failed with code 429
    at RequestHandlerHelper.createResponseError (/home/ubuntu/apps/gotravel/node_modules/twitter-api-v2/dist/cjs/client-mixins/request-handler.helper.js:104:16)
    at RequestHandlerHelper.onResponseEndHandler (/home/ubuntu/apps/gotravel/node_modules/twitter-api-v2/dist/cjs/client-mixins/request-handler.helper.js:262:25)
    at Gunzip.emit (node:events:517:28)
    at endReadableNT (node:internal/streams/readable:1400:12)
    at process.processTicksAndRejections (node:internal/process/task_queues:82:21) {
  error: true,
  type: 'response',
  code: 429,
  headers: {
    date: 'Mon, 03 Mar 2025 06:00:01 UTC',
    perf: '7402827104',
    server: 'tsa_b',
    'set-cookie': [
      'guest_id=v1%3A174098160152671204; Max-Age=34214400; Expires=Fri, 03 Apr 2026 06:00:01 GMT; Path=/; Domain=.twitter.com; Secure; SameSite=None'
    ],
    'api-version': '2.129',
    'content-type': 'application/json; charset=utf-8',
    'cache-control': 'no-cache, no-store, max-age=0',
    'content-length': '196',
    'x-access-level': 'read',
    'x-frame-options': 'SAMEORIGIN',
    'content-encoding': 'gzip',
    'x-transaction-id': '8a622c6e8e252aad',
    'x-xss-protection': '0',
    'x-rate-limit-limit': '40000',
    'x-rate-limit-reset': '1740982501',
    'content-disposition': 'attachment; filename=json.json',
    'x-content-type-options': 'nosniff',
    'x-rate-limit-remaining': '39999',
    'strict-transport-security': 'max-age=631138519',
    'x-response-time': '15',
    'x-connection-hash': 'c82b230e4332114184273ac6435b1166a4d14dbbdf3579c23be91041b8ba916f',
    connection: 'close'
  },
  rateLimit: { limit: 40000, remaining: 39999, reset: 1740982501 },
  data: {
    account_id: 1821227857097715700,
    product_name: 'standard-basic',
    title: 'UsageCapExceeded',
    period: 'Monthly',
    scope: 'Product',
    detail: 'Usage cap exceeded: Monthly product cap',
    type: 'https://api.twitter.com/2/problems/usage-capped'
  }
}
Error fetching tweets: ApiResponseError: Request failed with code 429
    at RequestHandlerHelper.createResponseError (/home/ubuntu/apps/gotravel/node_modules/twitter-api-v2/dist/cjs/client-mixins/request-handler.helper.js:104:16)
    at RequestHandlerHelper.onResponseEndHandler (/home/ubuntu/apps/gotravel/node_modules/twitter-api-v2/dist/cjs/client-mixins/request-handler.helper.js:262:25)
    at Gunzip.emit (node:events:517:28)
    at endReadableNT (node:internal/streams/readable:1400:12)
    at process.processTicksAndRejections (node:internal/process/task_queues:82:21) {
  error: true,
  type: 'response',
  code: 429,
  headers: {
    date: 'Tue, 04 Mar 2025 06:00:01 UTC',
    perf: '7402827104',
    server: 'tsa_b',
    'set-cookie': [
      'guest_id=v1%3A174106800170399659; Max-Age=34214400; Expires=Sat, 04 Apr 2026 06:00:01 GMT; Path=/; Domain=.twitter.com; Secure; SameSite=None'
    ],
    'api-version': '2.129',
    'content-type': 'application/json; charset=utf-8',
    'cache-control': 'no-cache, no-store, max-age=0',
    'content-length': '196',
    'x-access-level': 'read',
    'x-frame-options': 'SAMEORIGIN',
    'content-encoding': 'gzip',
    'x-transaction-id': 'f9850dc16edc75ad',
    'x-xss-protection': '0',
    'x-rate-limit-limit': '40000',
    'x-rate-limit-reset': '1741068901',
    'content-disposition': 'attachment; filename=json.json',
    'x-content-type-options': 'nosniff',
    'x-rate-limit-remaining': '39999',
    'strict-transport-security': 'max-age=631138519',
    'x-response-time': '17',
    'x-connection-hash': 'e6ad49dd107cd243f7c20b50d4320832619790fd8e0418aea636531dfc4aadf9',
    connection: 'close'
  },
  rateLimit: { limit: 40000, remaining: 39999, reset: 1741068901 },
  data: {
    account_id: 1821227857097715700,
    product_name: 'standard-basic',
    title: 'UsageCapExceeded',
    period: 'Monthly',
    scope: 'Product',
    detail: 'Usage cap exceeded: Monthly product cap',
    type: 'https://api.twitter.com/2/problems/usage-capped'
  }
}
Error fetching tweets: ApiResponseError: Request failed with code 429
    at RequestHandlerHelper.createResponseError (/home/ubuntu/apps/gotravel/node_modules/twitter-api-v2/dist/cjs/client-mixins/request-handler.helper.js:104:16)
    at RequestHandlerHelper.onResponseEndHandler (/home/ubuntu/apps/gotravel/node_modules/twitter-api-v2/dist/cjs/client-mixins/request-handler.helper.js:262:25)
    at Gunzip.emit (node:events:517:28)
    at endReadableNT (node:internal/streams/readable:1400:12)
    at process.processTicksAndRejections (node:internal/process/task_queues:82:21) {
  error: true,
  type: 'response',
  code: 429,
  headers: {
    date: 'Wed, 05 Mar 2025 06:00:02 UTC',
    perf: '7402827104',
    server: 'tsa_b',
    'set-cookie': [
      'guest_id=v1%3A174115440252984441; Max-Age=34214400; Expires=Sun, 05 Apr 2026 06:00:02 GMT; Path=/; Domain=.twitter.com; Secure; SameSite=None'
    ],
    'api-version': '2.129',
    'content-type': 'application/json; charset=utf-8',
    'cache-control': 'no-cache, no-store, max-age=0',
    'content-length': '94',
    'x-access-level': 'read',
    'x-frame-options': 'SAMEORIGIN',
    'content-encoding': 'gzip',
    'x-transaction-id': 'd37c4bbdfb13fe9e',
    'x-xss-protection': '0',
    'x-rate-limit-limit': '1',
    'x-rate-limit-reset': '1741155302',
    'content-disposition': 'attachment; filename=json.json',
    'x-content-type-options': 'nosniff',
    'x-rate-limit-remaining': '0',
    'strict-transport-security': 'max-age=631138519',
    'x-response-time': '8',
    'x-connection-hash': 'ede029bf6740c8a2bedc4921afff438c240c0eef61c46cd0d69c39c7b1aeb05c',
    connection: 'close'
  },
  rateLimit: { limit: 1, remaining: 0, reset: 1741155302 },
  data: {
    title: 'Too Many Requests',
    detail: 'Too Many Requests',
    type: 'about:blank',
    status: 429
  }
}
Error fetching tweets: ApiResponseError: Request failed with code 429
    at RequestHandlerHelper.createResponseError (/home/ubuntu/apps/gotravel/node_modules/twitter-api-v2/dist/cjs/client-mixins/request-handler.helper.js:104:16)
    at RequestHandlerHelper.onResponseEndHandler (/home/ubuntu/apps/gotravel/node_modules/twitter-api-v2/dist/cjs/client-mixins/request-handler.helper.js:262:25)
    at Gunzip.emit (node:events:517:28)
    at endReadableNT (node:internal/streams/readable:1400:12)
    at process.processTicksAndRejections (node:internal/process/task_queues:82:21) {
  error: true,
  type: 'response',
  code: 429,
  headers: {
    date: 'Thu, 06 Mar 2025 06:00:03 UTC',
    perf: '7402827104',
    server: 'tsa_b',
    'set-cookie': [
      'guest_id=v1%3A174124080304165411; Max-Age=34214400; Expires=Mon, 06 Apr 2026 06:00:03 GMT; Path=/; Domain=.twitter.com; Secure; SameSite=None'
    ],
    'api-version': '2.130',
    'content-type': 'application/json; charset=utf-8',
    'cache-control': 'no-cache, no-store, max-age=0',
    'content-length': '94',
    'x-access-level': 'read',
    'x-frame-options': 'SAMEORIGIN',
    'content-encoding': 'gzip',
    'x-transaction-id': '2e322f8e66611aad',
    'x-xss-protection': '0',
    'x-rate-limit-limit': '1',
    'x-rate-limit-reset': '1741241703',
    'content-disposition': 'attachment; filename=json.json',
    'x-content-type-options': 'nosniff',
    'x-rate-limit-remaining': '0',
    'strict-transport-security': 'max-age=631138519',
    'x-response-time': '9',
    'x-connection-hash': '21fd8a8677a1ff652ded7c7a7c5e48b2b692a5c91a92155bcecc63ae23d82407',
    connection: 'close'
  },
  rateLimit: { limit: 1, remaining: 0, reset: 1741241703 },
  data: {
    title: 'Too Many Requests',
    detail: 'Too Many Requests',
    type: 'about:blank',
    status: 429
  }
}
Fetched 20 tweets, added 20 unique tweets.
Updated tweets file with 20 tweets.
Tweets saved to public/tweets.json
Attempting to clear remote tweet cache...
Clear cache status: 200
Clear cache headers: {"connection":["close"],"content-type":["application/json"],"date":["Fri, 07 Mar 2025 06:00:02 GMT"],"server":["nginx/1.18.0 (Ubuntu)"],"transfer-encoding":["chunked"],"vary":["RSC, Next-Router-State-Tree, Next-Router-Prefetch"]}
Clear cache response: {"message":"Cache cleared successfully"}
Remote tweet cache cleared successfully
Updating local cache indicator...
Local cache version updated to 19
Fetched 20 tweets, added 20 unique tweets.
Updated tweets file with 20 tweets.
Tweets saved to public/tweets.json
Attempting to clear remote tweet cache...
Clear cache status: 200
Clear cache headers: {"connection":["close"],"content-type":["application/json"],"date":["Sat, 08 Mar 2025 06:00:02 GMT"],"server":["nginx/1.18.0 (Ubuntu)"],"transfer-encoding":["chunked"],"vary":["RSC, Next-Router-State-Tree, Next-Router-Prefetch"]}
Clear cache response: {"message":"Cache cleared successfully"}
Remote tweet cache cleared successfully
Updating local cache indicator...
Local cache version updated to 20
Fetched 20 tweets, added 15 unique tweets.
Updated tweets file with 20 tweets.
Tweets saved to public/tweets.json
Attempting to clear remote tweet cache...
Clear cache status: 200
Clear cache headers: {"connection":["close"],"content-type":["application/json"],"date":["Sun, 09 Mar 2025 06:00:02 GMT"],"server":["nginx/1.18.0 (Ubuntu)"],"transfer-encoding":["chunked"],"vary":["RSC, Next-Router-State-Tree, Next-Router-Prefetch"]}
Clear cache response: {"message":"Cache cleared successfully"}
Remote tweet cache cleared successfully
Updating local cache indicator...
Local cache version updated to 21
Error fetching tweets: ApiResponseError: Request failed with code 429
    at RequestHandlerHelper.createResponseError (/home/ubuntu/apps/gotravel/node_modules/twitter-api-v2/dist/cjs/client-mixins/request-handler.helper.js:104:16)
    at RequestHandlerHelper.onResponseEndHandler (/home/ubuntu/apps/gotravel/node_modules/twitter-api-v2/dist/cjs/client-mixins/request-handler.helper.js:262:25)
    at Gunzip.emit (node:events:517:28)
    at endReadableNT (node:internal/streams/readable:1400:12)
    at process.processTicksAndRejections (node:internal/process/task_queues:82:21) {
  error: true,
  type: 'response',
  code: 429,
  headers: {
    date: 'Mon, 10 Mar 2025 06:00:02 UTC',
    perf: '7402827104',
    server: 'tsa_b',
    'set-cookie': [
      'guest_id=v1%3A174158640276726690; Max-Age=34214400; Expires=Fri, 10 Apr 2026 06:00:02 GMT; Path=/; Domain=.twitter.com; Secure; SameSite=None'
    ],
    'api-version': '2.130',
    'content-type': 'application/json; charset=utf-8',
    'cache-control': 'no-cache, no-store, max-age=0',
    'content-length': '94',
    'x-access-level': 'read',
    'x-frame-options': 'SAMEORIGIN',
    'content-encoding': 'gzip',
    'x-transaction-id': 'c985158293eb7514',
    'x-xss-protection': '0',
    'x-rate-limit-limit': '1',
    'x-rate-limit-reset': '1741587302',
    'content-disposition': 'attachment; filename=json.json',
    'x-content-type-options': 'nosniff',
    'x-rate-limit-remaining': '0',
    'strict-transport-security': 'max-age=631138519',
    'x-response-time': '11',
    'x-connection-hash': 'd8bfabe8a2df62b98812b2b05a3319afe74ac8a93ee08c4fa48889a194eda384',
    connection: 'close'
  },
  rateLimit: { limit: 1, remaining: 0, reset: 1741587302 },
  data: {
    title: 'Too Many Requests',
    detail: 'Too Many Requests',
    type: 'about:blank',
    status: 429
  }
}
Fetched 20 tweets, added 2 unique tweets.
Updated tweets file with 20 tweets.
Tweets saved to public/tweets.json
Attempting to clear remote tweet cache...
Clear cache status: 200
Clear cache headers: {"connection":["close"],"content-type":["application/json"],"date":["Tue, 11 Mar 2025 06:00:02 GMT"],"server":["nginx/1.18.0 (Ubuntu)"],"transfer-encoding":["chunked"],"vary":["RSC, Next-Router-State-Tree, Next-Router-Prefetch"]}
Clear cache response: {"message":"Cache cleared successfully"}
Remote tweet cache cleared successfully
Updating local cache indicator...
Local cache version updated to 23
Fetched 20 tweets, added 6 unique tweets.
Updated tweets file with 20 tweets.
Tweets saved to public/tweets.json
Attempting to clear remote tweet cache...
Clear cache status: 200
Clear cache headers: {"connection":["close"],"content-type":["application/json"],"date":["Wed, 12 Mar 2025 06:00:03 GMT"],"server":["nginx/1.18.0 (Ubuntu)"],"transfer-encoding":["chunked"],"vary":["RSC, Next-Router-State-Tree, Next-Router-Prefetch"]}
Clear cache response: {"message":"Cache cleared successfully"}
Remote tweet cache cleared successfully
Updating local cache indicator...
Local cache version updated to 24
Error fetching tweets: ApiResponseError: Request failed with code 429
    at RequestHandlerHelper.createResponseError (/home/ubuntu/apps/gotravel/node_modules/twitter-api-v2/dist/cjs/client-mixins/request-handler.helper.js:104:16)
    at RequestHandlerHelper.onResponseEndHandler (/home/ubuntu/apps/gotravel/node_modules/twitter-api-v2/dist/cjs/client-mixins/request-handler.helper.js:262:25)
    at Gunzip.emit (node:events:517:28)
    at endReadableNT (node:internal/streams/readable:1400:12)
    at process.processTicksAndRejections (node:internal/process/task_queues:82:21) {
  error: true,
  type: 'response',
  code: 429,
  headers: {
    date: 'Thu, 13 Mar 2025 06:00:01 GMT',
    'content-type': 'application/json; charset=utf-8',
    'content-length': '94',
    connection: 'close',
    perf: '7402827104',
    'set-cookie': [
      'guest_id=v1%3A174184560186873113; Max-Age=34214400; Expires=Mon, 13 Apr 2026 06:00:01 GMT; Path=/; Domain=.twitter.com; Secure; SameSite=None',
      '__cf_bm=8GoKksYyVZpFLFpvk3WA9a.x6W61zVggHIrb5GUGctc-1741845601-1.0.1.1-SotLbM4MVmUPuOq1scIyE4qhDLeOGHclqc0o5n385UN0YPzbD288eq2kY8T6rX_uMfrnHRQOu4LgM2IiHwn2IIIYCe6nQPKFSaiFEHlvwNc; path=/; expires=Thu, 13-Mar-25 06:30:01 GMT; domain=.twitter.com; HttpOnly; Secure'
    ],
    'api-version': '2.130',
    'cache-control': 'no-cache, no-store, max-age=0',
    'x-access-level': 'read',
    'x-frame-options': 'SAMEORIGIN',
    'content-encoding': 'gzip',
    'x-transaction-id': '891b48df9b721dc3',
    'x-xss-protection': '0',
    'x-rate-limit-limit': '1',
    'x-rate-limit-reset': '1741846501',
    'content-disposition': 'attachment; filename=json.json',
    'x-content-type-options': 'nosniff',
    'x-rate-limit-remaining': '0',
    'strict-transport-security': 'max-age=631138519',
    'x-response-time': '9',
    'x-connection-hash': '226c55a1e3bfb266b134e082f7c3b22350ec841301e26a879162f84e489e134f',
    'cf-cache-status': 'DYNAMIC',
    vary: 'accept-encoding',
    server: 'cloudflare tsa_b',
    'cf-ray': '91f94f038d92f280-IAD'
  },
  rateLimit: { limit: 1, remaining: 0, reset: 1741846501 },
  data: {
    title: 'Too Many Requests',
    detail: 'Too Many Requests',
    type: 'about:blank',
    status: 429
  }
}
Error fetching tweets: ApiResponseError: Request failed with code 429
    at RequestHandlerHelper.createResponseError (/home/ubuntu/apps/gotravel/node_modules/twitter-api-v2/dist/cjs/client-mixins/request-handler.helper.js:104:16)
    at RequestHandlerHelper.onResponseEndHandler (/home/ubuntu/apps/gotravel/node_modules/twitter-api-v2/dist/cjs/client-mixins/request-handler.helper.js:262:25)
    at Gunzip.emit (node:events:517:28)
    at endReadableNT (node:internal/streams/readable:1400:12)
    at process.processTicksAndRejections (node:internal/process/task_queues:82:21) {
  error: true,
  type: 'response',
  code: 429,
  headers: {
    date: 'Fri, 14 Mar 2025 06:00:02 GMT',
    'content-type': 'application/json; charset=utf-8',
    'content-length': '196',
    connection: 'close',
    perf: '7402827104',
    'set-cookie': [
      'guest_id=v1%3A174193200218955826; Max-Age=34214400; Expires=Tue, 14 Apr 2026 06:00:02 GMT; Path=/; Domain=.twitter.com; Secure; SameSite=None',
      '__cf_bm=ySji1Hz6AbOg5UPgG65tnCc13wm0MH079lw_5oUfLLw-1741932002-1.0.1.1-yQqLx2amWyrWcv4o.ew_fkpguOA5VPwBJdIPiaibdKkR4EgAk32D.bz_zx_0VkGgbWChQluhzqxBt2_piGQrzY5HnKwRrlIemWSqZFITMJg; path=/; expires=Fri, 14-Mar-25 06:30:02 GMT; domain=.twitter.com; HttpOnly; Secure'
    ],
    'api-version': '2.131',
    'cache-control': 'no-cache, no-store, max-age=0',
    'x-access-level': 'read',
    'x-frame-options': 'SAMEORIGIN',
    'content-encoding': 'gzip',
    'x-transaction-id': '93d27e9ff7b110e5',
    'x-xss-protection': '0',
    'x-rate-limit-limit': '40000',
    'x-rate-limit-reset': '1741932902',
    'content-disposition': 'attachment; filename=json.json',
    'x-content-type-options': 'nosniff',
    'x-rate-limit-remaining': '39999',
    'strict-transport-security': 'max-age=631138519',
    'x-response-time': '17',
    'x-connection-hash': '978b5a992b801f2e8d97b0b87b2c9c76dcef1dcfcb9938aa54678f6322adbd33',
    vary: 'accept-encoding',
    'cf-cache-status': 'DYNAMIC',
    server: 'cloudflare tsa_b',
    'cf-ray': '92018c657eb5e605-IAD'
  },
  rateLimit: { limit: 40000, remaining: 39999, reset: 1741932902 },
  data: {
    account_id: 1821227857097715700,
    product_name: 'standard-basic',
    title: 'UsageCapExceeded',
    period: 'Monthly',
    scope: 'Product',
    detail: 'Usage cap exceeded: Monthly product cap',
    type: 'https://api.twitter.com/2/problems/usage-capped'
  }
}
Error fetching tweets: ApiResponseError: Request failed with code 429
    at RequestHandlerHelper.createResponseError (/home/ubuntu/apps/gotravel/node_modules/twitter-api-v2/dist/cjs/client-mixins/request-handler.helper.js:104:16)
    at RequestHandlerHelper.onResponseEndHandler (/home/ubuntu/apps/gotravel/node_modules/twitter-api-v2/dist/cjs/client-mixins/request-handler.helper.js:262:25)
    at Gunzip.emit (node:events:517:28)
    at endReadableNT (node:internal/streams/readable:1400:12)
    at process.processTicksAndRejections (node:internal/process/task_queues:82:21) {
  error: true,
  type: 'response',
  code: 429,
  headers: {
    date: 'Sat, 15 Mar 2025 06:00:01 GMT',
    'content-type': 'application/json; charset=utf-8',
    'content-length': '196',
    connection: 'close',
    perf: '7402827104',
    'set-cookie': [
      'guest_id=v1%3A174201840150669324; Max-Age=34214400; Expires=Wed, 15 Apr 2026 06:00:01 GMT; Path=/; Domain=.twitter.com; Secure; SameSite=None',
      '__cf_bm=aRlB_59tvDnbmBcpbZ6ivXhe48PVTtpurA1YIJePOGc-1742018401-1.0.1.1-vgKY4h06zx1Z6teG5JV2dH9g_h9FagiUXRvJBCbOmJvuWaVts7tw3eTFpy7B_kRX53V5yvR2bZ4ZATfB.zWtsFPIUMysl.dWI.WBoM.ZEiQ; path=/; expires=Sat, 15-Mar-25 06:30:01 GMT; domain=.twitter.com; HttpOnly; Secure'
    ],
    'api-version': '2.131',
    'cache-control': 'no-cache, no-store, max-age=0',
    'x-access-level': 'read',
    'x-frame-options': 'SAMEORIGIN',
    'content-encoding': 'gzip',
    'x-transaction-id': 'c2d482ecf723f289',
    'x-xss-protection': '0',
    'x-rate-limit-limit': '40000',
    'x-rate-limit-reset': '1742019301',
    'content-disposition': 'attachment; filename=json.json',
    'x-content-type-options': 'nosniff',
    'x-rate-limit-remaining': '39999',
    'strict-transport-security': 'max-age=631138519',
    'x-response-time': '106',
    'x-connection-hash': '5e3fa8e2d7fd67b10569a8f9c6893fec095680e0fc7554dff9f3b94371bc1877',
    'cf-cache-status': 'DYNAMIC',
    vary: 'accept-encoding',
    server: 'cloudflare tsa_b',
    'cf-ray': '9209c9c13a590a05-IAD'
  },
  rateLimit: { limit: 40000, remaining: 39999, reset: 1742019301 },
  data: {
    account_id: 1821227857097715700,
    product_name: 'standard-basic',
    title: 'UsageCapExceeded',
    period: 'Monthly',
    scope: 'Product',
    detail: 'Usage cap exceeded: Monthly product cap',
    type: 'https://api.twitter.com/2/problems/usage-capped'
  }
}
Error fetching tweets: ApiResponseError: Request failed with code 429
    at RequestHandlerHelper.createResponseError (/home/ubuntu/apps/gotravel/node_modules/twitter-api-v2/dist/cjs/client-mixins/request-handler.helper.js:104:16)
    at RequestHandlerHelper.onResponseEndHandler (/home/ubuntu/apps/gotravel/node_modules/twitter-api-v2/dist/cjs/client-mixins/request-handler.helper.js:262:25)
    at Gunzip.emit (node:events:517:28)
    at endReadableNT (node:internal/streams/readable:1400:12)
    at process.processTicksAndRejections (node:internal/process/task_queues:82:21) {
  error: true,
  type: 'response',
  code: 429,
  headers: {
    date: 'Sun, 16 Mar 2025 06:00:03 GMT',
    'content-type': 'application/json; charset=utf-8',
    'content-length': '196',
    connection: 'close',
    perf: '7402827104',
    'set-cookie': [
      'guest_id=v1%3A174210480315790873; Max-Age=34214400; Expires=Thu, 16 Apr 2026 06:00:03 GMT; Path=/; Domain=.twitter.com; Secure; SameSite=None',
      '__cf_bm=YvzlsG67WJrmGtOzbI0MH8BJH_toBqn38_1z1VXRUhk-1742104803-1.0.1.1-tn1msXwItda0zguUcBLSH4Z8SrtfBa780wnAkt0nbX6.R99_N1v2MYpw6IlnBXoZiP8uGIhokrOqBIsKeQ6GwTbKtEoFgbDYKahH_lpzUI8; path=/; expires=Sun, 16-Mar-25 06:30:03 GMT; domain=.twitter.com; HttpOnly; Secure'
    ],
    'api-version': '2.131',
    'cache-control': 'no-cache, no-store, max-age=0',
    'x-access-level': 'read',
    'x-frame-options': 'SAMEORIGIN',
    'content-encoding': 'gzip',
    'x-transaction-id': 'f9f2e0fc4119631e',
    'x-xss-protection': '0',
    'x-rate-limit-limit': '40000',
    'x-rate-limit-reset': '1742105703',
    'content-disposition': 'attachment; filename=json.json',
    'x-content-type-options': 'nosniff',
    'x-rate-limit-remaining': '39999',
    'strict-transport-security': 'max-age=631138519',
    'x-response-time': '86',
    'x-connection-hash': '04299021392e07da889670801d3f243b66eeaf4c0fe6ac97c0b56d9ff94da7fc',
    'cf-cache-status': 'DYNAMIC',
    vary: 'accept-encoding',
    server: 'cloudflare tsa_b',
    'cf-ray': '9212072b98f93b42-IAD'
  },
  rateLimit: { limit: 40000, remaining: 39999, reset: 1742105703 },
  data: {
    account_id: 1821227857097715700,
    product_name: 'standard-basic',
    title: 'UsageCapExceeded',
    period: 'Monthly',
    scope: 'Product',
    detail: 'Usage cap exceeded: Monthly product cap',
    type: 'https://api.twitter.com/2/problems/usage-capped'
  }
}
Error fetching tweets: ApiResponseError: Request failed with code 429
    at RequestHandlerHelper.createResponseError (/home/ubuntu/apps/gotravel/node_modules/twitter-api-v2/dist/cjs/client-mixins/request-handler.helper.js:104:16)
    at RequestHandlerHelper.onResponseEndHandler (/home/ubuntu/apps/gotravel/node_modules/twitter-api-v2/dist/cjs/client-mixins/request-handler.helper.js:262:25)
    at Gunzip.emit (node:events:517:28)
    at endReadableNT (node:internal/streams/readable:1400:12)
    at process.processTicksAndRejections (node:internal/process/task_queues:82:21) {
  error: true,
  type: 'response',
  code: 429,
  headers: {
    date: 'Mon, 17 Mar 2025 06:00:01 GMT',
    'content-type': 'application/json; charset=utf-8',
    'content-length': '196',
    connection: 'close',
    perf: '7402827104',
    'set-cookie': [
      'guest_id=v1%3A174219120173185193; Max-Age=34214400; Expires=Fri, 17 Apr 2026 06:00:01 GMT; Path=/; Domain=.twitter.com; Secure; SameSite=None',
      '__cf_bm=.Dgu3qa8DBZoARypHpWEFn2pWRLUFoz6kK4PLJ544Cc-1742191201-1.0.1.1-rMxUR8Jx7O5o3kbnB2.vQ71ShvUNp1ZQycGE22gevcK1LTCkPYywDigAwzO87JnF4YPwwRWrVmk4_.PXOM61Od3JBzPiis1_vFVmTLvMEEU; path=/; expires=Mon, 17-Mar-25 06:30:01 GMT; domain=.twitter.com; HttpOnly; Secure'
    ],
    'api-version': '2.131',
    'cache-control': 'no-cache, no-store, max-age=0',
    'x-access-level': 'read',
    'x-frame-options': 'SAMEORIGIN',
    'content-encoding': 'gzip',
    'x-transaction-id': 'adb246d2ad32918a',
    'x-xss-protection': '0',
    'x-rate-limit-limit': '40000',
    'x-rate-limit-reset': '1742192101',
    'content-disposition': 'attachment; filename=json.json',
    'x-content-type-options': 'nosniff',
    'x-rate-limit-remaining': '39999',
    'strict-transport-security': 'max-age=631138519',
    'x-response-time': '19',
    'x-connection-hash': '3ba9ad1dc2f303a79a68ee4e57c1df20c4fd2a152fcdc36c160f9b2c1bb5f421',
    'cf-cache-status': 'DYNAMIC',
    vary: 'accept-encoding',
    server: 'cloudflare tsa_b',
    'cf-ray': '921a4482a91bc93c-IAD'
  },
  rateLimit: { limit: 40000, remaining: 39999, reset: 1742192101 },
  data: {
    account_id: 1821227857097715700,
    product_name: 'standard-basic',
    title: 'UsageCapExceeded',
    period: 'Monthly',
    scope: 'Product',
    detail: 'Usage cap exceeded: Monthly product cap',
    type: 'https://api.twitter.com/2/problems/usage-capped'
  }
}
Error fetching tweets: ApiResponseError: Request failed with code 429
    at RequestHandlerHelper.createResponseError (/home/ubuntu/apps/gotravel/node_modules/twitter-api-v2/dist/cjs/client-mixins/request-handler.helper.js:104:16)
    at RequestHandlerHelper.onResponseEndHandler (/home/ubuntu/apps/gotravel/node_modules/twitter-api-v2/dist/cjs/client-mixins/request-handler.helper.js:262:25)
    at Gunzip.emit (node:events:517:28)
    at endReadableNT (node:internal/streams/readable:1400:12)
    at process.processTicksAndRejections (node:internal/process/task_queues:82:21) {
  error: true,
  type: 'response',
  code: 429,
  headers: {
    date: 'Tue, 18 Mar 2025 06:00:02 GMT',
    'content-type': 'application/json; charset=utf-8',
    'content-length': '94',
    connection: 'close',
    perf: '7402827104',
    'set-cookie': [
      'guest_id=v1%3A174227760242744578; Max-Age=34214400; Expires=Sat, 18 Apr 2026 06:00:02 GMT; Path=/; Domain=.twitter.com; Secure; SameSite=None',
      '__cf_bm=9ucUqK5cg0ngiCTc8Zd0XIpshncB3XCe9BS.Hio9xMQ-1742277602-1.0.1.1-64HwP3BNsZLaOS3jRPjwe0O0FOVa533ebhNG.WLYcQxy05Xo_EHeMOqBFwq2PoiHH5lJpUKZTV0Q6FEmx.oo_cup2haxAxzaiH5meuvgz2Y; path=/; expires=Tue, 18-Mar-25 06:30:02 GMT; domain=.twitter.com; HttpOnly; Secure'
    ],
    'api-version': '2.131',
    'cache-control': 'no-cache, no-store, max-age=0',
    'x-access-level': 'read',
    'x-frame-options': 'SAMEORIGIN',
    'content-encoding': 'gzip',
    'x-transaction-id': '0c74e2bcf1eae055',
    'x-xss-protection': '0',
    'x-rate-limit-limit': '1',
    'x-rate-limit-reset': '1742278502',
    'content-disposition': 'attachment; filename=json.json',
    'x-content-type-options': 'nosniff',
    'x-rate-limit-remaining': '0',
    'strict-transport-security': 'max-age=631138519',
    'x-response-time': '10',
    'x-connection-hash': 'ecae33fbf991352a7fd2264675be42a66d5cc1431727711e88a4c2c4a13778b8',
    'cf-cache-status': 'DYNAMIC',
    vary: 'accept-encoding',
    server: 'cloudflare tsa_b',
    'cf-ray': '922281e70a4c72ef-IAD'
  },
  rateLimit: { limit: 1, remaining: 0, reset: 1742278502 },
  data: {
    title: 'Too Many Requests',
    detail: 'Too Many Requests',
    type: 'about:blank',
    status: 429
  }
}
Error fetching tweets: ApiResponseError: Request failed with code 429
    at RequestHandlerHelper.createResponseError (/home/ubuntu/apps/gotravel/node_modules/twitter-api-v2/dist/cjs/client-mixins/request-handler.helper.js:104:16)
    at RequestHandlerHelper.onResponseEndHandler (/home/ubuntu/apps/gotravel/node_modules/twitter-api-v2/dist/cjs/client-mixins/request-handler.helper.js:262:25)
    at Gunzip.emit (node:events:517:28)
    at endReadableNT (node:internal/streams/readable:1400:12)
    at process.processTicksAndRejections (node:internal/process/task_queues:82:21) {
  error: true,
  type: 'response',
  code: 429,
  headers: {
    date: 'Wed, 19 Mar 2025 06:00:03 GMT',
    'content-type': 'application/json; charset=utf-8',
    'content-length': '196',
    connection: 'close',
    perf: '7402827104',
    'set-cookie': [
      'guest_id=v1%3A174236400316611229; Max-Age=34214400; Expires=Sun, 19 Apr 2026 06:00:03 GMT; Path=/; Domain=.twitter.com; Secure; SameSite=None',
      '__cf_bm=rQYidGIoRSbNKUzEoQYxi6Q44nZl0KAqsH.qrqp711E-1742364003-1.0.1.1-0y4Vg.cLM8uDNG4QLcXWS_Qp..4NoACCMjWdVfdLvtUNKK6EOFpW_FywUzDyMrv.dcO78Fl65szRpCdvrPcFOojboo_LyHD2FFxSezcOIrQ; path=/; expires=Wed, 19-Mar-25 06:30:03 GMT; domain=.twitter.com; HttpOnly; Secure'
    ],
    'api-version': '2.131',
    'cache-control': 'no-cache, no-store, max-age=0',
    'x-access-level': 'read',
    'x-frame-options': 'SAMEORIGIN',
    'content-encoding': 'gzip',
    'x-transaction-id': '4df6043e400f3848',
    'x-xss-protection': '0',
    'x-rate-limit-limit': '40000',
    'x-rate-limit-reset': '1742364903',
    'content-disposition': 'attachment; filename=json.json',
    'x-content-type-options': 'nosniff',
    'x-rate-limit-remaining': '39998',
    'strict-transport-security': 'max-age=631138519',
    'x-response-time': '91',
    'x-connection-hash': '5fda6d444739cdb973cf63231ecc821bf542acd691c7a3a8a916a10a3b090204',
    'cf-cache-status': 'DYNAMIC',
    vary: 'accept-encoding',
    server: 'cloudflare tsa_b',
    'cf-ray': '922abf4b9863e5e8-IAD'
  },
  rateLimit: { limit: 40000, remaining: 39998, reset: 1742364903 },
  data: {
    account_id: 1821227857097715700,
    product_name: 'standard-basic',
    title: 'UsageCapExceeded',
    period: 'Monthly',
    scope: 'Product',
    detail: 'Usage cap exceeded: Monthly product cap',
    type: 'https://api.twitter.com/2/problems/usage-capped'
  }
}
Error fetching tweets: ApiResponseError: Request failed with code 429
    at RequestHandlerHelper.createResponseError (/home/ubuntu/apps/gotravel/node_modules/twitter-api-v2/dist/cjs/client-mixins/request-handler.helper.js:104:16)
    at RequestHandlerHelper.onResponseEndHandler (/home/ubuntu/apps/gotravel/node_modules/twitter-api-v2/dist/cjs/client-mixins/request-handler.helper.js:262:25)
    at Gunzip.emit (node:events:517:28)
    at endReadableNT (node:internal/streams/readable:1400:12)
    at process.processTicksAndRejections (node:internal/process/task_queues:82:21) {
  error: true,
  type: 'response',
  code: 429,
  headers: {
    date: 'Thu, 20 Mar 2025 06:00:01 GMT',
    'content-type': 'application/json; charset=utf-8',
    'content-length': '196',
    connection: 'close',
    perf: '7402827104',
    'set-cookie': [
      'guest_id=v1%3A174245040167558557; Max-Age=34214400; Expires=Mon, 20 Apr 2026 06:00:01 GMT; Path=/; Domain=.twitter.com; Secure; SameSite=None',
      '__cf_bm=pAQ6Io25kuQPUaNp2lso0VqclwB9eV4T7g9_5R.q7.g-1742450401-1.0.1.1-orETyy5Lq5oImN9DS8XkKMJyW4RSk0gJfL_OUfSKOAphlplEPC.t0JqozteXcRgnPJL2d8daMzSKt8ZWLPYbEJCF_uZKEky4h1Is1sFSGnY; path=/; expires=Thu, 20-Mar-25 06:30:01 GMT; domain=.twitter.com; HttpOnly; Secure'
    ],
    'api-version': '2.131',
    'cache-control': 'no-cache, no-store, max-age=0',
    'x-access-level': 'read',
    'x-frame-options': 'SAMEORIGIN',
    'content-encoding': 'gzip',
    'x-transaction-id': '494f3e6f3c93d348',
    'x-xss-protection': '0',
    'x-rate-limit-limit': '40000',
    'x-rate-limit-reset': '1742451301',
    'content-disposition': 'attachment; filename=json.json',
    'x-content-type-options': 'nosniff',
    'x-rate-limit-remaining': '39999',
    'strict-transport-security': 'max-age=631138519',
    'x-response-time': '29',
    'x-connection-hash': 'b581dc131a43f927f50533838b5c857580c211f343de2541d94e808579b29cc5',
    'cf-cache-status': 'DYNAMIC',
    vary: 'accept-encoding',
    server: 'cloudflare tsa_b',
    'cf-ray': '9232fca24c606ffe-IAD'
  },
  rateLimit: { limit: 40000, remaining: 39999, reset: 1742451301 },
  data: {
    account_id: 1821227857097715700,
    product_name: 'standard-basic',
    title: 'UsageCapExceeded',
    period: 'Monthly',
    scope: 'Product',
    detail: 'Usage cap exceeded: Monthly product cap',
    type: 'https://api.twitter.com/2/problems/usage-capped'
  }
}
Error fetching tweets: ApiResponseError: Request failed with code 429
    at RequestHandlerHelper.createResponseError (/home/ubuntu/apps/gotravel/node_modules/twitter-api-v2/dist/cjs/client-mixins/request-handler.helper.js:104:16)
    at RequestHandlerHelper.onResponseEndHandler (/home/ubuntu/apps/gotravel/node_modules/twitter-api-v2/dist/cjs/client-mixins/request-handler.helper.js:262:25)
    at Gunzip.emit (node:events:517:28)
    at endReadableNT (node:internal/streams/readable:1400:12)
    at process.processTicksAndRejections (node:internal/process/task_queues:82:21) {
  error: true,
  type: 'response',
  code: 429,
  headers: {
    date: 'Fri, 21 Mar 2025 06:00:01 GMT',
    'content-type': 'application/json; charset=utf-8',
    'content-length': '196',
    connection: 'close',
    perf: '7402827104',
    'set-cookie': [
      'guest_id=v1%3A174253680197387883; Max-Age=34214400; Expires=Tue, 21 Apr 2026 06:00:01 GMT; Path=/; Domain=.twitter.com; Secure; SameSite=None',
      '__cf_bm=HdK0LqLnSeRgqjrxbejgphEuJQKNRDTtmMYWscVq4iI-1742536801-1.0.1.1-Rycw_1zusULxyatAAhW3e6S4YBh7v8fpfEaPi3TxTaGvX36.nYG8IQ8Ah0Q.CRvy7r6vxFyPmSlZBiijfogL7py.P94qdvU_mwVy0jNYOQo; path=/; expires=Fri, 21-Mar-25 06:30:01 GMT; domain=.twitter.com; HttpOnly; Secure'
    ],
    'api-version': '2.131',
    'cache-control': 'no-cache, no-store, max-age=0',
    'x-access-level': 'read',
    'x-frame-options': 'SAMEORIGIN',
    'content-encoding': 'gzip',
    'x-transaction-id': '1b3115488fca03e3',
    'x-xss-protection': '0',
    'x-rate-limit-limit': '40000',
    'x-rate-limit-reset': '1742537701',
    'content-disposition': 'attachment; filename=json.json',
    'x-content-type-options': 'nosniff',
    'x-rate-limit-remaining': '39999',
    'strict-transport-security': 'max-age=631138519',
    'x-response-time': '19',
    'x-connection-hash': '8a0ba9207ec4fd842e9f6df28810097df102c2a79c891a5640d58940a13c8ad5',
    'cf-cache-status': 'DYNAMIC',
    vary: 'accept-encoding',
    server: 'cloudflare tsa_b',
    'cf-ray': '923b3a043811e609-IAD'
  },
  rateLimit: { limit: 40000, remaining: 39999, reset: 1742537701 },
  data: {
    account_id: 1821227857097715700,
    product_name: 'standard-basic',
    title: 'UsageCapExceeded',
    period: 'Monthly',
    scope: 'Product',
    detail: 'Usage cap exceeded: Monthly product cap',
    type: 'https://api.twitter.com/2/problems/usage-capped'
  }
}
Error fetching tweets: ApiResponseError: Request failed with code 429
    at RequestHandlerHelper.createResponseError (/home/ubuntu/apps/gotravel/node_modules/twitter-api-v2/dist/cjs/client-mixins/request-handler.helper.js:104:16)
    at RequestHandlerHelper.onResponseEndHandler (/home/ubuntu/apps/gotravel/node_modules/twitter-api-v2/dist/cjs/client-mixins/request-handler.helper.js:262:25)
    at Gunzip.emit (node:events:517:28)
    at endReadableNT (node:internal/streams/readable:1400:12)
    at process.processTicksAndRejections (node:internal/process/task_queues:82:21) {
  error: true,
  type: 'response',
  code: 429,
  headers: {
    date: 'Sat, 22 Mar 2025 06:00:02 GMT',
    'content-type': 'application/json; charset=utf-8',
    'content-length': '94',
    connection: 'close',
    perf: '7402827104',
    'set-cookie': [
      'guest_id=v1%3A174262320290489024; Max-Age=34214400; Expires=Wed, 22 Apr 2026 06:00:02 GMT; Path=/; Domain=.twitter.com; Secure; SameSite=None',
      '__cf_bm=1l_yU46nwNGouCTSjv_yUZupHyHge8rXPpyQB58L01k-1742623202-1.0.1.1-qlTUfHS57msATP2pacpq0Cp1w.V19effD0WZBvQVtaNPqFv.0V13Pvx8HupxkJpZKCWBEq9UmbOXk92Krra_k0.rXIrQkmGuOKmR5yhMvos; path=/; expires=Sat, 22-Mar-25 06:30:02 GMT; domain=.twitter.com; HttpOnly; Secure'
    ],
    'api-version': '2.131',
    'cache-control': 'no-cache, no-store, max-age=0',
    'x-access-level': 'read',
    'x-frame-options': 'SAMEORIGIN',
    'content-encoding': 'gzip',
    'x-transaction-id': 'b725599feb2b8c3b',
    'x-xss-protection': '0',
    'x-rate-limit-limit': '1',
    'x-rate-limit-reset': '1742624102',
    'content-disposition': 'attachment; filename=json.json',
    'x-content-type-options': 'nosniff',
    'x-rate-limit-remaining': '0',
    'strict-transport-security': 'max-age=631138519',
    'x-response-time': '11',
    'x-connection-hash': '4a9791d62ad31f80b93530c111b060c370d706309e668e8d416692d34bc685b6',
    vary: 'accept-encoding',
    'cf-cache-status': 'DYNAMIC',
    server: 'cloudflare tsa_b',
    'cf-ray': '92437769fa791759-IAD'
  },
  rateLimit: { limit: 1, remaining: 0, reset: 1742624102 },
  data: {
    title: 'Too Many Requests',
    detail: 'Too Many Requests',
    type: 'about:blank',
    status: 429
  }
}
Error fetching tweets: ApiResponseError: Request failed with code 429
    at RequestHandlerHelper.createResponseError (/home/ubuntu/apps/gotravel/node_modules/twitter-api-v2/dist/cjs/client-mixins/request-handler.helper.js:104:16)
    at RequestHandlerHelper.onResponseEndHandler (/home/ubuntu/apps/gotravel/node_modules/twitter-api-v2/dist/cjs/client-mixins/request-handler.helper.js:262:25)
    at Gunzip.emit (node:events:517:28)
    at endReadableNT (node:internal/streams/readable:1400:12)
    at process.processTicksAndRejections (node:internal/process/task_queues:82:21) {
  error: true,
  type: 'response',
  code: 429,
  headers: {
    date: 'Sun, 23 Mar 2025 06:00:03 GMT',
    'content-type': 'application/json; charset=utf-8',
    'content-length': '196',
    connection: 'close',
    perf: '7402827104',
    'set-cookie': [
      'guest_id=v1%3A174270960315954757; Max-Age=34214400; Expires=Thu, 23 Apr 2026 06:00:03 GMT; Path=/; Domain=.twitter.com; Secure; SameSite=None',
      '__cf_bm=0tqCBg0nMWHTHndvNzQ6WhDez.8XT1O1CvmnDf30IGM-1742709603-1.0.1.1-CVjtZZ94Zoye.W7Zt1KVpXTk_HELa1kycCviD9Rpy5P3moEHWpAeGYkpMUUfXbzVr4lwW1vyzbXsb5yEI_EzR1DzJb.Iwn0emWmlFIzpVVo; path=/; expires=Sun, 23-Mar-25 06:30:03 GMT; domain=.twitter.com; HttpOnly; Secure'
    ],
    'api-version': '2.131',
    'cache-control': 'no-cache, no-store, max-age=0',
    'x-access-level': 'read',
    'x-frame-options': 'SAMEORIGIN',
    'content-encoding': 'gzip',
    'x-transaction-id': 'ead9160654ae079e',
    'x-xss-protection': '0',
    'x-rate-limit-limit': '40000',
    'x-rate-limit-reset': '1742710503',
    'content-disposition': 'attachment; filename=json.json',
    'x-content-type-options': 'nosniff',
    'x-rate-limit-remaining': '39999',
    'strict-transport-security': 'max-age=631138519',
    'x-response-time': '18',
    'x-connection-hash': '9b31996fa00faddb4d1d685e95f9ba5981626693360e1bf923778665bf6e936b',
    'cf-cache-status': 'DYNAMIC',
    vary: 'accept-encoding',
    server: 'cloudflare tsa_b',
    'cf-ray': '924bb4cbaca2c981-IAD'
  },
  rateLimit: { limit: 40000, remaining: 39999, reset: 1742710503 },
  data: {
    account_id: 1821227857097715700,
    product_name: 'standard-basic',
    title: 'UsageCapExceeded',
    period: 'Monthly',
    scope: 'Product',
    detail: 'Usage cap exceeded: Monthly product cap',
    type: 'https://api.twitter.com/2/problems/usage-capped'
  }
}
Error fetching tweets: ApiResponseError: Request failed with code 429
    at RequestHandlerHelper.createResponseError (/home/ubuntu/apps/gotravel/node_modules/twitter-api-v2/dist/cjs/client-mixins/request-handler.helper.js:104:16)
    at RequestHandlerHelper.onResponseEndHandler (/home/ubuntu/apps/gotravel/node_modules/twitter-api-v2/dist/cjs/client-mixins/request-handler.helper.js:262:25)
    at Gunzip.emit (node:events:517:28)
    at endReadableNT (node:internal/streams/readable:1400:12)
    at process.processTicksAndRejections (node:internal/process/task_queues:82:21) {
  error: true,
  type: 'response',
  code: 429,
  headers: {
    date: 'Mon, 24 Mar 2025 06:00:02 GMT',
    'content-type': 'application/json; charset=utf-8',
    'content-length': '94',
    connection: 'close',
    perf: '7402827104',
    'set-cookie': [
      'guest_id=v1%3A174279600260251806; Max-Age=34214400; Expires=Fri, 24 Apr 2026 06:00:02 GMT; Path=/; Domain=.twitter.com; Secure; SameSite=None',
      '__cf_bm=KxvJPF.oWI13my1axzYzOm6Np_g.8oMjREJZakp2uRU-1742796002-1.0.1.1-Jb2TzfOoq6qZ5CAC2lniZph4_JEY4veEPUnoBrCDW3P.SNvgMVqSXRlyJgDiwxQcMheuNlpqHGO3H_.lPQccZyp60m.E9R_KthhMKrwWRhI; path=/; expires=Mon, 24-Mar-25 06:30:02 GMT; domain=.twitter.com; HttpOnly; Secure'
    ],
    'api-version': '2.131',
    'cache-control': 'no-cache, no-store, max-age=0',
    'x-access-level': 'read',
    'x-frame-options': 'SAMEORIGIN',
    'content-encoding': 'gzip',
    'x-transaction-id': '55016628ed1a9df7',
    'x-xss-protection': '0',
    'x-rate-limit-limit': '1',
    'x-rate-limit-reset': '1742796902',
    'content-disposition': 'attachment; filename=json.json',
    'x-content-type-options': 'nosniff',
    'x-rate-limit-remaining': '0',
    'strict-transport-security': 'max-age=631138519',
    'x-response-time': '83',
    'x-connection-hash': 'd5be5528215011c01034eecf5c0517fe9ba875342bf0d7f0b4715a037e586ca0',
    vary: 'accept-encoding',
    'cf-cache-status': 'DYNAMIC',
    server: 'cloudflare tsa_b',
    'cf-ray': '9253f2282ad4079c-IAD'
  },
  rateLimit: { limit: 1, remaining: 0, reset: 1742796902 },
  data: {
    title: 'Too Many Requests',
    detail: 'Too Many Requests',
    type: 'about:blank',
    status: 429
  }
}
Error fetching tweets: ApiResponseError: Request failed with code 429
    at RequestHandlerHelper.createResponseError (/home/ubuntu/apps/gotravel/node_modules/twitter-api-v2/dist/cjs/client-mixins/request-handler.helper.js:104:16)
    at RequestHandlerHelper.onResponseEndHandler (/home/ubuntu/apps/gotravel/node_modules/twitter-api-v2/dist/cjs/client-mixins/request-handler.helper.js:262:25)
    at Gunzip.emit (node:events:517:28)
    at endReadableNT (node:internal/streams/readable:1400:12)
    at process.processTicksAndRejections (node:internal/process/task_queues:82:21) {
  error: true,
  type: 'response',
  code: 429,
  headers: {
    date: 'Tue, 25 Mar 2025 06:00:03 GMT',
    'content-type': 'application/json; charset=utf-8',
    'content-length': '196',
    connection: 'close',
    perf: '7402827104',
    'set-cookie': [
      'guest_id=v1%3A174288240299964570; Max-Age=34214400; Expires=Sat, 25 Apr 2026 06:00:03 GMT; Path=/; Domain=.twitter.com; Secure; SameSite=None',
      '__cf_bm=fxwkSfZP1ZLUJJOP1VChF_YJ5ogPVQdeL21XWZkG1b4-1742882403-1.0.1.1-IFY.hgjVA8UMJUY3.GaocmwjMHwD2WleH4THjd5xlhxC10kyeY.MOevVwmIFcNQAUm95P29nTOpT0ILI9eP1SVc0kslxxWlDQJnlyK8lOIM; path=/; expires=Tue, 25-Mar-25 06:30:03 GMT; domain=.twitter.com; HttpOnly; Secure'
    ],
    'api-version': '2.132',
    'cache-control': 'no-cache, no-store, max-age=0',
    'x-access-level': 'read',
    'x-frame-options': 'SAMEORIGIN',
    'content-encoding': 'gzip',
    'x-transaction-id': '7fbb8313d82ba1c9',
    'x-xss-protection': '0',
    'x-rate-limit-limit': '40000',
    'x-rate-limit-reset': '1742883302',
    'content-disposition': 'attachment; filename=json.json',
    'x-content-type-options': 'nosniff',
    'x-rate-limit-remaining': '39999',
    'strict-transport-security': 'max-age=631138519',
    'x-response-time': '21',
    'x-connection-hash': '8ea22771965c790f924d98742940bfefcea140d810c26934ce94cb497da351f3',
    'cf-cache-status': 'DYNAMIC',
    vary: 'accept-encoding',
    server: 'cloudflare tsa_b',
    'cf-ray': '925c2f8a9cace610-IAD'
  },
  rateLimit: { limit: 40000, remaining: 39999, reset: 1742883302 },
  data: {
    account_id: 1821227857097715700,
    product_name: 'standard-basic',
    title: 'UsageCapExceeded',
    period: 'Monthly',
    scope: 'Product',
    detail: 'Usage cap exceeded: Monthly product cap',
    type: 'https://api.twitter.com/2/problems/usage-capped'
  }
}
Error fetching tweets: ApiResponseError: Request failed with code 429
    at RequestHandlerHelper.createResponseError (/home/ubuntu/apps/gotravel/node_modules/twitter-api-v2/dist/cjs/client-mixins/request-handler.helper.js:104:16)
    at RequestHandlerHelper.onResponseEndHandler (/home/ubuntu/apps/gotravel/node_modules/twitter-api-v2/dist/cjs/client-mixins/request-handler.helper.js:262:25)
    at Gunzip.emit (node:events:517:28)
    at endReadableNT (node:internal/streams/readable:1400:12)
    at process.processTicksAndRejections (node:internal/process/task_queues:82:21) {
  error: true,
  type: 'response',
  code: 429,
  headers: {
    date: 'Wed, 26 Mar 2025 06:00:01 GMT',
    'content-type': 'application/json; charset=utf-8',
    'content-length': '94',
    connection: 'close',
    perf: '7402827104',
    'set-cookie': [
      'guest_id=v1%3A174296880146520088; Max-Age=34214400; Expires=Sun, 26 Apr 2026 06:00:01 GMT; Path=/; Domain=.twitter.com; Secure; SameSite=None',
      '__cf_bm=YshfJ1MZnyZ4tah.s9__ZtiVwoxZ8vJAEPRh2u_L0zU-1742968801-1.0.1.1-Ina5bqS2SK0Q7LOSNIpAdXqhKR1v4izeWKcFIbDy6M6Llq9A6KiJnpjQTOA_LU23GlKK_QN3xVgCEgHfeq5xJM_tHHKqgWjL1IZz2bOv2sE; path=/; expires=Wed, 26-Mar-25 06:30:01 GMT; domain=.twitter.com; HttpOnly; Secure'
    ],
    'api-version': '2.132',
    'cache-control': 'no-cache, no-store, max-age=0',
    'x-access-level': 'read',
    'x-frame-options': 'SAMEORIGIN',
    'content-encoding': 'gzip',
    'x-transaction-id': 'ee4fd485244b2e78',
    'x-xss-protection': '0',
    'x-rate-limit-limit': '1',
    'x-rate-limit-reset': '1742969701',
    'content-disposition': 'attachment; filename=json.json',
    'x-content-type-options': 'nosniff',
    'x-rate-limit-remaining': '0',
    'strict-transport-security': 'max-age=631138519',
    'x-response-time': '9',
    'x-connection-hash': 'eda54c0979ab814369ffbce050a14e4b7a4558d50d21dceb1ddd0418de788cc9',
    vary: 'accept-encoding',
    'cf-cache-status': 'DYNAMIC',
    server: 'cloudflare tsa_b',
    'cf-ray': '92646ce0ea47d6d4-IAD'
  },
  rateLimit: { limit: 1, remaining: 0, reset: 1742969701 },
  data: {
    title: 'Too Many Requests',
    detail: 'Too Many Requests',
    type: 'about:blank',
    status: 429
  }
}
Error fetching tweets: ApiResponseError: Request failed with code 429
    at RequestHandlerHelper.createResponseError (/home/ubuntu/apps/gotravel/node_modules/twitter-api-v2/dist/cjs/client-mixins/request-handler.helper.js:104:16)
    at RequestHandlerHelper.onResponseEndHandler (/home/ubuntu/apps/gotravel/node_modules/twitter-api-v2/dist/cjs/client-mixins/request-handler.helper.js:262:25)
    at Gunzip.emit (node:events:517:28)
    at endReadableNT (node:internal/streams/readable:1400:12)
    at process.processTicksAndRejections (node:internal/process/task_queues:82:21) {
  error: true,
  type: 'response',
  code: 429,
  headers: {
    date: 'Thu, 27 Mar 2025 06:00:01 GMT',
    'content-type': 'application/json; charset=utf-8',
    'content-length': '196',
    connection: 'close',
    perf: '7402827104',
    'set-cookie': [
      'guest_id=v1%3A174305520178366950; Max-Age=34214400; Expires=Mon, 27 Apr 2026 06:00:01 GMT; Path=/; Domain=.twitter.com; Secure; SameSite=None',
      '__cf_bm=51ssKx1ufMwemWZNjWwE8y9W9WIpiBGch5.QyGF4Em0-1743055201-1.0.1.1-K0zqLUO.6n2lc32eHYefGm_5xqcHJrKxMCR7SrrwpfpBQPAyEVCb2a0CN1h6_F.EPFQbPeBILzjq6PowU3MaKUosg2nRlHghkFf1tbBCyJg; path=/; expires=Thu, 27-Mar-25 06:30:01 GMT; domain=.twitter.com; HttpOnly; Secure'
    ],
    'api-version': '2.132',
    'cache-control': 'no-cache, no-store, max-age=0',
    'x-access-level': 'read',
    'x-frame-options': 'SAMEORIGIN',
    'content-encoding': 'gzip',
    'x-transaction-id': 'bd69fbebe8c26285',
    'x-xss-protection': '0',
    'x-rate-limit-limit': '40000',
    'x-rate-limit-reset': '1743056101',
    'content-disposition': 'attachment; filename=json.json',
    'x-content-type-options': 'nosniff',
    'x-rate-limit-remaining': '39999',
    'strict-transport-security': 'max-age=631138519',
    'x-response-time': '18',
    'x-connection-hash': 'bfaeaff62bff8767da4346d3c834c2f88bb215331447ce183b3027502af1d885',
    vary: 'accept-encoding',
    'cf-cache-status': 'DYNAMIC',
    server: 'cloudflare tsa_b',
    'cf-ray': '926caa430d3ad6cf-IAD'
  },
  rateLimit: { limit: 40000, remaining: 39999, reset: 1743056101 },
  data: {
    account_id: 1821227857097715700,
    product_name: 'standard-basic',
    title: 'UsageCapExceeded',
    period: 'Monthly',
    scope: 'Product',
    detail: 'Usage cap exceeded: Monthly product cap',
    type: 'https://api.twitter.com/2/problems/usage-capped'
  }
}
Error fetching tweets: ApiResponseError: Request failed with code 429
    at RequestHandlerHelper.createResponseError (/home/ubuntu/apps/gotravel/node_modules/twitter-api-v2/dist/cjs/client-mixins/request-handler.helper.js:104:16)
    at RequestHandlerHelper.onResponseEndHandler (/home/ubuntu/apps/gotravel/node_modules/twitter-api-v2/dist/cjs/client-mixins/request-handler.helper.js:262:25)
    at Gunzip.emit (node:events:517:28)
    at endReadableNT (node:internal/streams/readable:1400:12)
    at process.processTicksAndRejections (node:internal/process/task_queues:82:21) {
  error: true,
  type: 'response',
  code: 429,
  headers: {
    date: 'Fri, 28 Mar 2025 06:00:02 GMT',
    'content-type': 'application/json; charset=utf-8',
    'content-length': '94',
    connection: 'close',
    perf: '7402827104',
    'set-cookie': [
      'guest_id=v1%3A174314160289522420; Max-Age=34214400; Expires=Tue, 28 Apr 2026 06:00:02 GMT; Path=/; Domain=.twitter.com; Secure; SameSite=None',
      '__cf_bm=Jf5fvqiCSsptga_Dox.ak.vGWX.aqyxBMnO9TwkN0b4-1743141602-1.0.1.1-U1N4uWbG5A7IcMYiCanf3qGvq9IxX0xfMPAm0w1Hyy4vpBpVZZ5riDSwnTQfiVap1XH.th_QLfsKZ1hTbZzHdRgUK5AQSJSFZnsvny9jymY; path=/; expires=Fri, 28-Mar-25 06:30:02 GMT; domain=.twitter.com; HttpOnly; Secure'
    ],
    'api-version': '2.132',
    'cache-control': 'no-cache, no-store, max-age=0',
    'x-access-level': 'read',
    'x-frame-options': 'SAMEORIGIN',
    'content-encoding': 'gzip',
    'x-transaction-id': 'edae21771c019362',
    'x-xss-protection': '0',
    'x-rate-limit-limit': '1',
    'x-rate-limit-reset': '1743142502',
    'content-disposition': 'attachment; filename=json.json',
    'x-content-type-options': 'nosniff',
    'x-rate-limit-remaining': '0',
    'strict-transport-security': 'max-age=631138519',
    'x-response-time': '9',
    'x-connection-hash': '171e084c608411bd0a83030fb729cce782bef2aa1a5c5d6df4853a9ce0eb8780',
    vary: 'accept-encoding',
    'cf-cache-status': 'DYNAMIC',
    server: 'cloudflare tsa_b',
    'cf-ray': '9274e7a9ebb8080c-IAD'
  },
  rateLimit: { limit: 1, remaining: 0, reset: 1743142502 },
  data: {
    title: 'Too Many Requests',
    detail: 'Too Many Requests',
    type: 'about:blank',
    status: 429
  }
}
Error fetching tweets: ApiResponseError: Request failed with code 429
    at RequestHandlerHelper.createResponseError (/home/ubuntu/apps/gotravel/node_modules/twitter-api-v2/dist/cjs/client-mixins/request-handler.helper.js:104:16)
    at RequestHandlerHelper.onResponseEndHandler (/home/ubuntu/apps/gotravel/node_modules/twitter-api-v2/dist/cjs/client-mixins/request-handler.helper.js:262:25)
    at Gunzip.emit (node:events:517:28)
    at endReadableNT (node:internal/streams/readable:1400:12)
    at process.processTicksAndRejections (node:internal/process/task_queues:82:21) {
  error: true,
  type: 'response',
  code: 429,
  headers: {
    date: 'Sat, 29 Mar 2025 06:00:02 GMT',
    'content-type': 'application/json; charset=utf-8',
    'content-length': '196',
    connection: 'close',
    perf: '7402827104',
    'set-cookie': [
      'guest_id=v1%3A174322800273393196; Max-Age=34214400; Expires=Wed, 29 Apr 2026 06:00:02 GMT; Path=/; Domain=.twitter.com; Secure; SameSite=None',
      '__cf_bm=fDFWsbdLepW_wFFQTiVbaTS.M5zekHIMpBThzm4FCts-1743228002-1.0.1.1-E3BZF0RUEMdFtx9a2v6w9f7EMI_8qD6a2aJ6QTs5gp7KBBoSDDiZ1sHfq0GRqixqs_BUOPsgsT39ZEFHeNYk3b5uVntndOHfZsOVP5T5X14; path=/; expires=Sat, 29-Mar-25 06:30:02 GMT; domain=.twitter.com; HttpOnly; Secure'
    ],
    'api-version': '2.132',
    'cache-control': 'no-cache, no-store, max-age=0',
    'x-access-level': 'read',
    'x-frame-options': 'SAMEORIGIN',
    'content-encoding': 'gzip',
    'x-transaction-id': '785f3a115837a93e',
    'x-xss-protection': '0',
    'x-rate-limit-limit': '40000',
    'x-rate-limit-reset': '1743228902',
    'content-disposition': 'attachment; filename=json.json',
    'x-content-type-options': 'nosniff',
    'x-rate-limit-remaining': '39999',
    'strict-transport-security': 'max-age=631138519',
    'x-response-time': '18',
    'x-connection-hash': '07d36996ec7746d5a15ea96b915eac92cb92f930c0b3c5978b1ba11dd4bbba3c',
    vary: 'accept-encoding',
    'cf-cache-status': 'DYNAMIC',
    server: 'cloudflare tsa_b',
    'cf-ray': '927d2508fe8ad6e7-IAD'
  },
  rateLimit: { limit: 40000, remaining: 39999, reset: 1743228902 },
  data: {
    account_id: 1821227857097715700,
    product_name: 'standard-basic',
    title: 'UsageCapExceeded',
    period: 'Monthly',
    scope: 'Product',
    detail: 'Usage cap exceeded: Monthly product cap',
    type: 'https://api.twitter.com/2/problems/usage-capped'
  }
}
Error fetching tweets: ApiResponseError: Request failed with code 429
    at RequestHandlerHelper.createResponseError (/home/ubuntu/apps/gotravel/node_modules/twitter-api-v2/dist/cjs/client-mixins/request-handler.helper.js:104:16)
    at RequestHandlerHelper.onResponseEndHandler (/home/ubuntu/apps/gotravel/node_modules/twitter-api-v2/dist/cjs/client-mixins/request-handler.helper.js:262:25)
    at Gunzip.emit (node:events:517:28)
    at endReadableNT (node:internal/streams/readable:1400:12)
    at process.processTicksAndRejections (node:internal/process/task_queues:82:21) {
  error: true,
  type: 'response',
  code: 429,
  headers: {
    date: 'Sun, 30 Mar 2025 06:00:02 GMT',
    'content-type': 'application/json; charset=utf-8',
    'content-length': '94',
    connection: 'close',
    perf: '7402827104',
    'set-cookie': [
      'guest_id=v1%3A174331440223899203; Max-Age=34214400; Expires=Thu, 30 Apr 2026 06:00:02 GMT; Path=/; Domain=.twitter.com; Secure; SameSite=None',
      '__cf_bm=2A3CAtnlhsgrvbrEssTIA.ezTdXs9MHdRO48nWtqLEM-1743314402-1.0.1.1-AMp4UR6i3bIN4I8X4onnjQ8RyZYQMJQGDYjQnKV5v_qCaAn.NYUV9_M7uRRpT.PYO.5XRuSweUlRwhxAUnnThtlGCK8fu3eJeXXN_gqUQPA; path=/; expires=Sun, 30-Mar-25 06:30:02 GMT; domain=.twitter.com; HttpOnly; Secure'
    ],
    'api-version': '2.132',
    'cache-control': 'no-cache, no-store, max-age=0',
    'x-access-level': 'read',
    'x-frame-options': 'SAMEORIGIN',
    'content-encoding': 'gzip',
    'x-transaction-id': 'a4532360d9c4ac67',
    'x-xss-protection': '0',
    'x-rate-limit-limit': '1',
    'x-rate-limit-reset': '1743315302',
    'content-disposition': 'attachment; filename=json.json',
    'x-content-type-options': 'nosniff',
    'x-rate-limit-remaining': '0',
    'strict-transport-security': 'max-age=631138519',
    'x-response-time': '12',
    'x-connection-hash': 'bb9d204af21beb1c842ed00afa5c8054a89fadfefd15fe019da3fd034303f54e',
    vary: 'accept-encoding',
    'cf-cache-status': 'DYNAMIC',
    server: 'cloudflare tsa_b',
    'cf-ray': '92856265c9bc242d-IAD'
  },
  rateLimit: { limit: 1, remaining: 0, reset: 1743315302 },
  data: {
    title: 'Too Many Requests',
    detail: 'Too Many Requests',
    type: 'about:blank',
    status: 429
  }
}
Error fetching tweets: ApiResponseError: Request failed with code 429
    at RequestHandlerHelper.createResponseError (/home/ubuntu/apps/gotravel/node_modules/twitter-api-v2/dist/cjs/client-mixins/request-handler.helper.js:104:16)
    at RequestHandlerHelper.onResponseEndHandler (/home/ubuntu/apps/gotravel/node_modules/twitter-api-v2/dist/cjs/client-mixins/request-handler.helper.js:262:25)
    at Gunzip.emit (node:events:517:28)
    at endReadableNT (node:internal/streams/readable:1400:12)
    at process.processTicksAndRejections (node:internal/process/task_queues:82:21) {
  error: true,
  type: 'response',
  code: 429,
  headers: {
    date: 'Mon, 31 Mar 2025 06:00:02 GMT',
    'content-type': 'application/json; charset=utf-8',
    'content-length': '94',
    connection: 'close',
    perf: '7402827104',
    'set-cookie': [
      'guest_id=v1%3A174340080243697380; Max-Age=34214400; Expires=Fri, 01 May 2026 06:00:02 GMT; Path=/; Domain=.twitter.com; Secure; SameSite=None',
      '__cf_bm=JSwhm1HUPbzSOCNUx6lsVNSK3LJ2mjJbJFxulvYinZ4-1743400802-1.0.1.1-3zLreP54M_8ki2GSc08TXO5SGb23AvJits_2cyxzu8qADGWcP7kWw0uD04JQUTfku2Ss3K4_hcpGUryla2k.1BTMNBs30pwVhwXTnmtr9VE; path=/; expires=Mon, 31-Mar-25 06:30:02 GMT; domain=.twitter.com; HttpOnly; Secure'
    ],
    'api-version': '2.132',
    'cache-control': 'no-cache, no-store, max-age=0',
    'x-access-level': 'read',
    'x-frame-options': 'SAMEORIGIN',
    'content-encoding': 'gzip',
    'x-transaction-id': 'b88b1faaab26be7d',
    'x-xss-protection': '0',
    'x-rate-limit-limit': '1',
    'x-rate-limit-reset': '1743401702',
    'content-disposition': 'attachment; filename=json.json',
    'x-content-type-options': 'nosniff',
    'x-rate-limit-remaining': '0',
    'strict-transport-security': 'max-age=631138519',
    'x-response-time': '10',
    'x-connection-hash': 'cd2fbb638458e5306ad454fb0da80e904e28193fab6e36691d5ff33f6f8b1355',
    vary: 'accept-encoding',
    'cf-cache-status': 'DYNAMIC',
    server: 'cloudflare tsa_b',
    'cf-ray': '928d9fc70d1d3985-IAD'
  },
  rateLimit: { limit: 1, remaining: 0, reset: 1743401702 },
  data: {
    title: 'Too Many Requests',
    detail: 'Too Many Requests',
    type: 'about:blank',
    status: 429
  }
}
Error fetching tweets: ApiResponseError: Request failed with code 429
    at RequestHandlerHelper.createResponseError (/home/ubuntu/apps/gotravel/node_modules/twitter-api-v2/dist/cjs/client-mixins/request-handler.helper.js:104:16)
    at RequestHandlerHelper.onResponseEndHandler (/home/ubuntu/apps/gotravel/node_modules/twitter-api-v2/dist/cjs/client-mixins/request-handler.helper.js:262:25)
    at Gunzip.emit (node:events:517:28)
    at endReadableNT (node:internal/streams/readable:1400:12)
    at process.processTicksAndRejections (node:internal/process/task_queues:82:21) {
  error: true,
  type: 'response',
  code: 429,
  headers: {
    date: 'Tue, 01 Apr 2025 06:00:02 GMT',
    'content-type': 'application/json; charset=utf-8',
    'content-length': '94',
    connection: 'close',
    perf: '7402827104',
    'set-cookie': [
      'guest_id=v1%3A174348720290331300; Max-Age=34214400; Expires=Sat, 02 May 2026 06:00:02 GMT; Path=/; Domain=.twitter.com; Secure; SameSite=None',
      '__cf_bm=LFmAeb_E0..69lWgGHJJU6myu4OAzgQTdVPgnNS15VU-1743487202-1.0.1.1-EulCw8FECNIjK7q1Ps55odr51.CI1nONCcdA3btkt.eXu7RIA0jDM7Smhzlh7VVDRDaeemtQ56W1t5i9lod2mG7V9y16vT1kbZFi5rg1y68; path=/; expires=Tue, 01-Apr-25 06:30:02 GMT; domain=.twitter.com; HttpOnly; Secure'
    ],
    'api-version': '2.132',
    'cache-control': 'no-cache, no-store, max-age=0',
    'x-access-level': 'read',
    'x-frame-options': 'SAMEORIGIN',
    'content-encoding': 'gzip',
    'x-transaction-id': '5af1454eb11ee8bc',
    'x-xss-protection': '0',
    'x-rate-limit-limit': '1',
    'x-rate-limit-reset': '1743488102',
    'content-disposition': 'attachment; filename=json.json',
    'x-content-type-options': 'nosniff',
    'x-rate-limit-remaining': '0',
    'strict-transport-security': 'max-age=631138519',
    'x-response-time': '9',
    'x-connection-hash': '3fb683b447a206530011f790924c85960008c043c6bec51331c93bf19d55ef9b',
    vary: 'accept-encoding',
    'cf-cache-status': 'DYNAMIC',
    server: 'cloudflare tsa_b',
    'cf-ray': '9295dd2a0c6f1fda-IAD'
  },
  rateLimit: { limit: 1, remaining: 0, reset: 1743488102 },
  data: {
    title: 'Too Many Requests',
    detail: 'Too Many Requests',
    type: 'about:blank',
    status: 429
  }
}
Error fetching tweets: ApiResponseError: Request failed with code 429
    at RequestHandlerHelper.createResponseError (/home/ubuntu/apps/gotravel/node_modules/twitter-api-v2/dist/cjs/client-mixins/request-handler.helper.js:104:16)
    at RequestHandlerHelper.onResponseEndHandler (/home/ubuntu/apps/gotravel/node_modules/twitter-api-v2/dist/cjs/client-mixins/request-handler.helper.js:262:25)
    at Gunzip.emit (node:events:517:28)
    at endReadableNT (node:internal/streams/readable:1400:12)
    at process.processTicksAndRejections (node:internal/process/task_queues:82:21) {
  error: true,
  type: 'response',
  code: 429,
  headers: {
    date: 'Wed, 02 Apr 2025 06:00:02 GMT',
    'content-type': 'application/json; charset=utf-8',
    'content-length': '196',
    connection: 'close',
    perf: '7402827104',
    'set-cookie': [
      'guest_id=v1%3A174357360277447516; Max-Age=34214400; Expires=Sun, 03 May 2026 06:00:02 GMT; Path=/; Domain=.twitter.com; Secure; SameSite=None',
      '__cf_bm=cDQX9.HkxbBtS2SmHjmkLQjOvyelEWi_vgLz2XBlYHg-1743573602-1.0.1.1-VMXw9V65yZXrP01k.Yt8jxP2viF1foQx6I4eftD6_zJjyqK3ORW6WjF6tTJjPiBi7QlQadT3jclEU6FzpIMFgdKJNNPLcw5LtZIiejS2uYI; path=/; expires=Wed, 02-Apr-25 06:30:02 GMT; domain=.twitter.com; HttpOnly; Secure'
    ],
    'api-version': '2.132',
    'cache-control': 'no-cache, no-store, max-age=0',
    'x-access-level': 'read',
    'x-frame-options': 'SAMEORIGIN',
    'content-encoding': 'gzip',
    'x-transaction-id': '112bf4bf7ead7e37',
    'x-xss-protection': '0',
    'x-rate-limit-limit': '40000',
    'x-rate-limit-reset': '1743574502',
    'content-disposition': 'attachment; filename=json.json',
    'x-content-type-options': 'nosniff',
    'x-rate-limit-remaining': '39999',
    'strict-transport-security': 'max-age=631138519',
    'x-response-time': '20',
    'x-connection-hash': '25b6f0e15146d635e360ade412969379125b5bcd00dcee8a97610a48c52c810a',
    vary: 'accept-encoding',
    'cf-cache-status': 'DYNAMIC',
    server: 'cloudflare tsa_b',
    'cf-ray': '929e1a893d7dc994-IAD'
  },
  rateLimit: { limit: 40000, remaining: 39999, reset: 1743574502 },
  data: {
    account_id: 1821227857097715700,
    product_name: 'standard-basic',
    title: 'UsageCapExceeded',
    period: 'Monthly',
    scope: 'Product',
    detail: 'Usage cap exceeded: Monthly product cap',
    type: 'https://api.twitter.com/2/problems/usage-capped'
  }
}
Error fetching tweets: ApiResponseError: Request failed with code 429
    at RequestHandlerHelper.createResponseError (/home/ubuntu/apps/gotravel/node_modules/twitter-api-v2/dist/cjs/client-mixins/request-handler.helper.js:104:16)
    at RequestHandlerHelper.onResponseEndHandler (/home/ubuntu/apps/gotravel/node_modules/twitter-api-v2/dist/cjs/client-mixins/request-handler.helper.js:262:25)
    at Gunzip.emit (node:events:517:28)
    at endReadableNT (node:internal/streams/readable:1400:12)
    at process.processTicksAndRejections (node:internal/process/task_queues:82:21) {
  error: true,
  type: 'response',
  code: 429,
  headers: {
    date: 'Thu, 03 Apr 2025 06:00:02 GMT',
    'content-type': 'application/json; charset=utf-8',
    'content-length': '196',
    connection: 'close',
    perf: '7402827104',
    'set-cookie': [
      'guest_id=v1%3A174366000242626932; Max-Age=34214400; Expires=Mon, 04 May 2026 06:00:02 GMT; Path=/; Domain=.twitter.com; Secure; SameSite=None',
      '__cf_bm=p0IoiREoXIJPXJQBbn7NNA0B1j_LYa1lIMP9vej_moU-1743660002-1.0.1.1-eR.FTZGY7xwIn1xrHNQkFyk8IfJMT6JB9.jAdoxIZ.3f7v2qWGeLgAGnxY00K79pIE2BUbADAOhr6yZh5aS410mX4ZCPV8oQZIN7jMLts4Y; path=/; expires=Thu, 03-Apr-25 06:30:02 GMT; domain=.twitter.com; HttpOnly; Secure'
    ],
    'api-version': '2.133',
    'cache-control': 'no-cache, no-store, max-age=0',
    'x-access-level': 'read',
    'x-frame-options': 'SAMEORIGIN',
    'content-encoding': 'gzip',
    'x-transaction-id': '180805ed1ef91b2c',
    'x-xss-protection': '0',
    'x-rate-limit-limit': '40000',
    'x-rate-limit-reset': '1743660902',
    'content-disposition': 'attachment; filename=json.json',
    'x-content-type-options': 'nosniff',
    'x-rate-limit-remaining': '39999',
    'strict-transport-security': 'max-age=631138519',
    'x-response-time': '17',
    'x-connection-hash': '3c22abcfdb8a273227fb2d68194a621d5e7232040e4c2cb82a941de7a8f4d49d',
    vary: 'accept-encoding',
    'cf-cache-status': 'DYNAMIC',
    server: 'cloudflare tsa_b',
    'cf-ray': '92a657e70d88d6f5-IAD'
  },
  rateLimit: { limit: 40000, remaining: 39999, reset: 1743660902 },
  data: {
    account_id: 1821227857097715700,
    product_name: 'standard-basic',
    title: 'UsageCapExceeded',
    period: 'Monthly',
    scope: 'Product',
    detail: 'Usage cap exceeded: Monthly product cap',
    type: 'https://api.twitter.com/2/problems/usage-capped'
  }
}
Error fetching tweets: ApiResponseError: Request failed with code 429
    at RequestHandlerHelper.createResponseError (/home/ubuntu/apps/gotravel/node_modules/twitter-api-v2/dist/cjs/client-mixins/request-handler.helper.js:104:16)
    at RequestHandlerHelper.onResponseEndHandler (/home/ubuntu/apps/gotravel/node_modules/twitter-api-v2/dist/cjs/client-mixins/request-handler.helper.js:262:25)
    at Gunzip.emit (node:events:517:28)
    at endReadableNT (node:internal/streams/readable:1400:12)
    at process.processTicksAndRejections (node:internal/process/task_queues:82:21) {
  error: true,
  type: 'response',
  code: 429,
  headers: {
    date: 'Fri, 04 Apr 2025 06:00:02 GMT',
    'content-type': 'application/json; charset=utf-8',
    'content-length': '94',
    connection: 'close',
    perf: '7402827104',
    'set-cookie': [
      'guest_id=v1%3A174374640231231240; Max-Age=34214400; Expires=Tue, 05 May 2026 06:00:02 GMT; Path=/; Domain=.twitter.com; Secure; SameSite=None',
      '__cf_bm=cczb99xX3EcPGqlxu1cs5QEO174A8ELymi9txbeIcQw-1743746402-1.0.1.1-ouU2I6SuQTOz9._IhCdeml9ODw7zJ7Zd5KvP9107dLVohACuyOyfLOQEXbPGHZbv72IGevZaLf7IEAy.jSUU1d6QPYvwNPzubZy60WYevow; path=/; expires=Fri, 04-Apr-25 06:30:02 GMT; domain=.twitter.com; HttpOnly; Secure'
    ],
    'api-version': '2.133',
    'cache-control': 'no-cache, no-store, max-age=0',
    'x-access-level': 'read',
    'x-frame-options': 'SAMEORIGIN',
    'content-encoding': 'gzip',
    'x-transaction-id': '7f84a05c5ff9e468',
    'x-xss-protection': '0',
    'x-rate-limit-limit': '1',
    'x-rate-limit-reset': '1743747302',
    'content-disposition': 'attachment; filename=json.json',
    'x-content-type-options': 'nosniff',
    'x-rate-limit-remaining': '0',
    'strict-transport-security': 'max-age=631138519',
    'x-response-time': '10',
    'x-connection-hash': '91cdded993b6f2d161a6c25455151264ce8a23ae17d83b6fb2aa9a195be62b96',
    'cf-cache-status': 'DYNAMIC',
    vary: 'accept-encoding',
    server: 'cloudflare tsa_b',
    'cf-ray': '92ae95464e7f68ee-IAD'
  },
  rateLimit: { limit: 1, remaining: 0, reset: 1743747302 },
  data: {
    title: 'Too Many Requests',
    detail: 'Too Many Requests',
    type: 'about:blank',
    status: 429
  }
}
Error fetching tweets: ApiResponseError: Request failed with code 429
    at RequestHandlerHelper.createResponseError (/home/ubuntu/apps/gotravel/node_modules/twitter-api-v2/dist/cjs/client-mixins/request-handler.helper.js:104:16)
    at RequestHandlerHelper.onResponseEndHandler (/home/ubuntu/apps/gotravel/node_modules/twitter-api-v2/dist/cjs/client-mixins/request-handler.helper.js:262:25)
    at Gunzip.emit (node:events:517:28)
    at endReadableNT (node:internal/streams/readable:1400:12)
    at process.processTicksAndRejections (node:internal/process/task_queues:82:21) {
  error: true,
  type: 'response',
  code: 429,
  headers: {
    date: 'Sat, 05 Apr 2025 06:00:02 GMT',
    'content-type': 'application/json; charset=utf-8',
    'content-length': '94',
    connection: 'close',
    perf: '7402827104',
    'set-cookie': [
      'guest_id=v1%3A174383280271523666; Max-Age=34214400; Expires=Wed, 06 May 2026 06:00:02 GMT; Path=/; Domain=.twitter.com; Secure; SameSite=None',
      '__cf_bm=_ReUQK8dfQr62NbrfD7xdvEbKJliU.lhx0m02YgFUfM-1743832802-1.0.1.1-Tckt8pq7Jy.4cR.FmN64Khz2JzBANoGK4i4zONWb3Bl4L0aJTeKFF875kZJmFhH7GSM5vixOTqtLC16SAmNXQZTlzeYSc3QiUBu41Y8LuYs; path=/; expires=Sat, 05-Apr-25 06:30:02 GMT; domain=.twitter.com; HttpOnly; Secure'
    ],
    'api-version': '2.133',
    'cache-control': 'no-cache, no-store, max-age=0',
    'x-access-level': 'read',
    'x-frame-options': 'SAMEORIGIN',
    'content-encoding': 'gzip',
    'x-transaction-id': 'ef0a0ca0e99f2e5d',
    'x-xss-protection': '0',
    'x-rate-limit-limit': '1',
    'x-rate-limit-reset': '1743833702',
    'content-disposition': 'attachment; filename=json.json',
    'x-content-type-options': 'nosniff',
    'x-rate-limit-remaining': '0',
    'strict-transport-security': 'max-age=631138519',
    'x-response-time': '9',
    'x-connection-hash': 'd2f2fcc8391b80094a294a224bef402ec8cf020531bcb92cd6bb9f10c8b9f0db',
    vary: 'accept-encoding',
    'cf-cache-status': 'DYNAMIC',
    server: 'cloudflare tsa_b',
    'cf-ray': '92b6d2a8ddb9e645-IAD'
  },
  rateLimit: { limit: 1, remaining: 0, reset: 1743833702 },
  data: {
    title: 'Too Many Requests',
    detail: 'Too Many Requests',
    type: 'about:blank',
    status: 429
  }
}
Error fetching tweets: ApiResponseError: Request failed with code 429
    at RequestHandlerHelper.createResponseError (/home/ubuntu/apps/gotravel/node_modules/twitter-api-v2/dist/cjs/client-mixins/request-handler.helper.js:104:16)
    at RequestHandlerHelper.onResponseEndHandler (/home/ubuntu/apps/gotravel/node_modules/twitter-api-v2/dist/cjs/client-mixins/request-handler.helper.js:262:25)
    at Gunzip.emit (node:events:517:28)
    at endReadableNT (node:internal/streams/readable:1400:12)
    at process.processTicksAndRejections (node:internal/process/task_queues:82:21) {
  error: true,
  type: 'response',
  code: 429,
  headers: {
    date: 'Sun, 06 Apr 2025 06:00:01 GMT',
    'content-type': 'application/json; charset=utf-8',
    'content-length': '94',
    connection: 'close',
    perf: '7402827104',
    'set-cookie': [
      'guest_id=v1%3A174391920141134700; Max-Age=34214400; Expires=Thu, 07 May 2026 06:00:01 GMT; Path=/; Domain=.twitter.com; Secure; SameSite=None',
      '__cf_bm=r.ifiT6lE7fJfdd66rO4sYmwTiq.3kOLw2xMqe2kCNc-1743919201-1.0.1.1-UIjyan3uFcDPo3hyrDGJ.3zkJzPBwV23aFLBBieMiFUhhqaH53erPpvssKaJwwQFaSobxR5n4V5WZSiZ9jki5LC0W5MoJeqweQnxvVpe9A0; path=/; expires=Sun, 06-Apr-25 06:30:01 GMT; domain=.twitter.com; HttpOnly; Secure'
    ],
    'api-version': '2.133',
    'cache-control': 'no-cache, no-store, max-age=0',
    'x-access-level': 'read',
    'x-frame-options': 'SAMEORIGIN',
    'content-encoding': 'gzip',
    'x-transaction-id': '10ed71dd05e70258',
    'x-xss-protection': '0',
    'x-rate-limit-limit': '1',
    'x-rate-limit-reset': '1743920101',
    'content-disposition': 'attachment; filename=json.json',
    'x-content-type-options': 'nosniff',
    'x-rate-limit-remaining': '0',
    'strict-transport-security': 'max-age=631138519',
    'x-response-time': '14',
    'x-connection-hash': '179c03ceb600ee6367f2c1052f65633ad9e9f53896ab48414a2bbc47b9166084',
    vary: 'accept-encoding',
    'cf-cache-status': 'DYNAMIC',
    server: 'cloudflare tsa_b',
    'cf-ray': '92bf1000abbfd660-IAD'
  },
  rateLimit: { limit: 1, remaining: 0, reset: 1743920101 },
  data: {
    title: 'Too Many Requests',
    detail: 'Too Many Requests',
    type: 'about:blank',
    status: 429
  }
}
Fetched 20 tweets, added 20 unique tweets.
Updated tweets file with 20 tweets.
Tweets saved to public/tweets.json
Attempting to clear remote tweet cache...
Clear cache status: 200
Clear cache headers: {"connection":["close"],"content-type":["application/json"],"date":["Mon, 07 Apr 2025 06:00:03 GMT"],"server":["nginx/1.18.0 (Ubuntu)"],"transfer-encoding":["chunked"],"vary":["RSC, Next-Router-State-Tree, Next-Router-Prefetch"]}
Clear cache response: {"message":"Cache cleared successfully"}
Remote tweet cache cleared successfully
Updating local cache indicator...
Local cache version updated to 25
Error fetching tweets: ApiResponseError: Request failed with code 429
    at RequestHandlerHelper.createResponseError (/home/ubuntu/apps/gotravel/node_modules/twitter-api-v2/dist/cjs/client-mixins/request-handler.helper.js:104:16)
    at RequestHandlerHelper.onResponseEndHandler (/home/ubuntu/apps/gotravel/node_modules/twitter-api-v2/dist/cjs/client-mixins/request-handler.helper.js:262:25)
    at Gunzip.emit (node:events:517:28)
    at endReadableNT (node:internal/streams/readable:1400:12)
    at process.processTicksAndRejections (node:internal/process/task_queues:82:21) {
  error: true,
  type: 'response',
  code: 429,
  headers: {
    date: 'Tue, 08 Apr 2025 06:00:02 GMT',
    'content-type': 'application/json; charset=utf-8',
    'content-length': '94',
    connection: 'close',
    perf: '7402827104',
    'set-cookie': [
      'guest_id=v1%3A174409200276585120; Max-Age=34214400; Expires=Sat, 09 May 2026 06:00:02 GMT; Path=/; Domain=.twitter.com; Secure; SameSite=None',
      '__cf_bm=ISY9EUEDix_inFq0ma7m9ZCQZ4KS4P3Cq_IT45uGjhs-1744092002-1.0.1.1-cFdZoHQ3RMV7.RyPrv.TtA3dbW4QnfiWS30gt_AgxOn8gdzjEa_5r1auU.UKq3dGUdhowM356hhsxpJI6P01FwM.lsPcxtbAPB5sG2RphJY; path=/; expires=Tue, 08-Apr-25 06:30:02 GMT; domain=.twitter.com; HttpOnly; Secure'
    ],
    'api-version': '2.133',
    'cache-control': 'no-cache, no-store, max-age=0',
    'x-access-level': 'read',
    'x-frame-options': 'SAMEORIGIN',
    'content-encoding': 'gzip',
    'x-transaction-id': '560a352360f56e69',
    'x-xss-protection': '0',
    'x-rate-limit-limit': '1',
    'x-rate-limit-reset': '1744092902',
    'content-disposition': 'attachment; filename=json.json',
    'x-content-type-options': 'nosniff',
    'x-rate-limit-remaining': '0',
    'strict-transport-security': 'max-age=631138519',
    'x-response-time': '11',
    'x-connection-hash': 'd9695ae8d1e6fd23daf629d275997d698c097c431a34ada3d2b81dbd30e2c11c',
    vary: 'accept-encoding',
    'cf-cache-status': 'DYNAMIC',
    server: 'cloudflare tsa_b',
    'cf-ray': '92cf8ac92a4b8203-IAD'
  },
  rateLimit: { limit: 1, remaining: 0, reset: 1744092902 },
  data: {
    title: 'Too Many Requests',
    detail: 'Too Many Requests',
    type: 'about:blank',
    status: 429
  }
}
Error fetching tweets: ApiResponseError: Request failed with code 429
    at RequestHandlerHelper.createResponseError (/home/ubuntu/apps/gotravel/node_modules/twitter-api-v2/dist/cjs/client-mixins/request-handler.helper.js:104:16)
    at RequestHandlerHelper.onResponseEndHandler (/home/ubuntu/apps/gotravel/node_modules/twitter-api-v2/dist/cjs/client-mixins/request-handler.helper.js:262:25)
    at Gunzip.emit (node:events:517:28)
    at endReadableNT (node:internal/streams/readable:1400:12)
    at process.processTicksAndRejections (node:internal/process/task_queues:82:21) {
  error: true,
  type: 'response',
  code: 429,
  headers: {
    date: 'Wed, 09 Apr 2025 06:00:02 GMT',
    'content-type': 'application/json; charset=utf-8',
    'content-length': '94',
    connection: 'close',
    perf: '7402827104',
    'set-cookie': [
      'guest_id=v1%3A174417840254909497; Max-Age=34214400; Expires=Sun, 10 May 2026 06:00:02 GMT; Path=/; Domain=.twitter.com; Secure; SameSite=None',
      '__cf_bm=G_PZ1egcdIMGH129IwP70QydwoMvIYTjxVRzF111tcQ-1744178402-1.0.1.1-IIMV3KTfNPi8Z3V5VJ2mwKuFrqBAM9sU9bDItlXWnAhXZbtijmiOU5hA6GCBY8itVhhZ8UIL4K4gFYP5n.aQc3PLqhibaPtJsydBSjCkLmE; path=/; expires=Wed, 09-Apr-25 06:30:02 GMT; domain=.twitter.com; HttpOnly; Secure'
    ],
    'api-version': '2.133',
    'cache-control': 'no-cache, no-store, max-age=0',
    'x-access-level': 'read',
    'x-frame-options': 'SAMEORIGIN',
    'content-encoding': 'gzip',
    'x-transaction-id': '14ec0e9b1db25e25',
    'x-xss-protection': '0',
    'x-rate-limit-limit': '1',
    'x-rate-limit-reset': '1744179302',
    'content-disposition': 'attachment; filename=json.json',
    'x-content-type-options': 'nosniff',
    'x-rate-limit-remaining': '0',
    'strict-transport-security': 'max-age=631138519',
    'x-response-time': '11',
    'x-connection-hash': 'c32b71bf893286e353e7ba4168f7a88ccf905f53d333c391cc3151a957991da2',
    'cf-cache-status': 'DYNAMIC',
    vary: 'accept-encoding',
    server: 'cloudflare tsa_b',
    'cf-ray': '92d7c827bbe97faa-IAD'
  },
  rateLimit: { limit: 1, remaining: 0, reset: 1744179302 },
  data: {
    title: 'Too Many Requests',
    detail: 'Too Many Requests',
    type: 'about:blank',
    status: 429
  }
}
Fetched 20 tweets, added 15 unique tweets.
Updated tweets file with 20 tweets.
Tweets saved to public/tweets.json
Attempting to clear remote tweet cache...
Clear cache status: 200
Clear cache headers: {"connection":["close"],"content-type":["application/json"],"date":["Thu, 10 Apr 2025 06:00:02 GMT"],"server":["nginx/1.18.0 (Ubuntu)"],"transfer-encoding":["chunked"],"vary":["RSC, Next-Router-State-Tree, Next-Router-Prefetch"]}
Clear cache response: {"message":"Cache cleared successfully"}
Remote tweet cache cleared successfully
Updating local cache indicator...
Local cache version updated to 28
Fetched 20 tweets, added 12 unique tweets.
Updated tweets file with 20 tweets.
Tweets saved to public/tweets.json
Attempting to clear remote tweet cache...
Clear cache status: 200
Clear cache headers: {"connection":["close"],"content-type":["application/json"],"date":["Fri, 11 Apr 2025 06:00:02 GMT"],"server":["nginx/1.18.0 (Ubuntu)"],"transfer-encoding":["chunked"],"vary":["RSC, Next-Router-State-Tree, Next-Router-Prefetch"]}
Clear cache response: {"message":"Cache cleared successfully"}
Remote tweet cache cleared successfully
Updating local cache indicator...
Local cache version updated to 29
Error fetching tweets: ApiResponseError: Request failed with code 429
    at RequestHandlerHelper.createResponseError (/home/ubuntu/apps/gotravel/node_modules/twitter-api-v2/dist/cjs/client-mixins/request-handler.helper.js:104:16)
    at RequestHandlerHelper.onResponseEndHandler (/home/ubuntu/apps/gotravel/node_modules/twitter-api-v2/dist/cjs/client-mixins/request-handler.helper.js:262:25)
    at Gunzip.emit (node:events:517:28)
    at endReadableNT (node:internal/streams/readable:1400:12)
    at process.processTicksAndRejections (node:internal/process/task_queues:82:21) {
  error: true,
  type: 'response',
  code: 429,
  headers: {
    date: 'Sat, 12 Apr 2025 06:00:01 GMT',
    'content-type': 'application/json; charset=utf-8',
    'content-length': '94',
    connection: 'close',
    perf: '7402827104',
    'set-cookie': [
      'guest_id=v1%3A174443760154820410; Max-Age=34214400; Expires=Wed, 13 May 2026 06:00:01 GMT; Path=/; Domain=.twitter.com; Secure; SameSite=None',
      '__cf_bm=5TIyXx2PnZN_YtqOOj6ZV4_3c279lxR7p0SYGrwAWgs-1744437601-1.0.1.1-eUC4bqHas2GDK9eHmCkn7UqW_hcisp8vc2X_Dx0.3A6qbzSGu4FGu7Vaf4QtfS8i36EyveWGK4NoeueazbVy2w6_UOnS2dqIkFy.ERuaynw; path=/; expires=Sat, 12-Apr-25 06:30:01 GMT; domain=.twitter.com; HttpOnly; Secure'
    ],
    'api-version': '2.134',
    'cache-control': 'no-cache, no-store, max-age=0',
    'x-access-level': 'read',
    'x-frame-options': 'SAMEORIGIN',
    'content-encoding': 'gzip',
    'x-transaction-id': '86e00254f3b7a07e',
    'x-xss-protection': '0',
    'x-rate-limit-limit': '1',
    'x-rate-limit-reset': '1744438501',
    'content-disposition': 'attachment; filename=json.json',
    'x-content-type-options': 'nosniff',
    'x-rate-limit-remaining': '0',
    'strict-transport-security': 'max-age=631138519',
    'x-response-time': '10',
    'x-connection-hash': '45616e10c7e2b81345324610a7c44ba1245e64afce033d9b3635f50ebfae6f53',
    'cf-cache-status': 'DYNAMIC',
    vary: 'accept-encoding',
    server: 'cloudflare tsa_b',
    'cf-ray': '92f080418b130aa1-IAD'
  },
  rateLimit: { limit: 1, remaining: 0, reset: 1744438501 },
  data: {
    title: 'Too Many Requests',
    detail: 'Too Many Requests',
    type: 'about:blank',
    status: 429
  }
}
Error fetching tweets: ApiResponseError: Request failed with code 429
    at RequestHandlerHelper.createResponseError (/home/ubuntu/apps/gotravel/node_modules/twitter-api-v2/dist/cjs/client-mixins/request-handler.helper.js:104:16)
    at RequestHandlerHelper.onResponseEndHandler (/home/ubuntu/apps/gotravel/node_modules/twitter-api-v2/dist/cjs/client-mixins/request-handler.helper.js:262:25)
    at Gunzip.emit (node:events:517:28)
    at endReadableNT (node:internal/streams/readable:1400:12)
    at process.processTicksAndRejections (node:internal/process/task_queues:82:21) {
  error: true,
  type: 'response',
  code: 429,
  headers: {
    date: 'Sun, 13 Apr 2025 06:00:03 GMT',
    'content-type': 'application/json; charset=utf-8',
    'content-length': '196',
    connection: 'close',
    perf: '7402827104',
    'set-cookie': [
      'guest_id=v1%3A174452400335773762; Max-Age=34214400; Expires=Thu, 14 May 2026 06:00:03 GMT; Path=/; Domain=.twitter.com; Secure; SameSite=None',
      '__cf_bm=_iDh8c3EKSQw_EVsNe8ttadsEqr6c0Jayj.a4JL.elM-1744524003-1.0.1.1-3ds76b6xUHXceMdo61cYIDCNMjEj.SqZQATccvyKLvSCcw7U4P0osA1VnPnEUw0_Oj3.puUlAmj9PNgXOLax7HFbd2qiTIL0HsJDSjKZFF8; path=/; expires=Sun, 13-Apr-25 06:30:03 GMT; domain=.twitter.com; HttpOnly; Secure'
    ],
    'api-version': '2.134',
    'cache-control': 'no-cache, no-store, max-age=0',
    'x-access-level': 'read',
    'x-frame-options': 'SAMEORIGIN',
    'content-encoding': 'gzip',
    'x-transaction-id': '2cd9581d74167eca',
    'x-xss-protection': '0',
    'x-rate-limit-limit': '40000',
    'x-rate-limit-reset': '1744524903',
    'content-disposition': 'attachment; filename=json.json',
    'x-content-type-options': 'nosniff',
    'x-rate-limit-remaining': '39999',
    'strict-transport-security': 'max-age=631138519',
    'x-response-time': '20',
    'x-connection-hash': '73a714d67f361d8b8f4a96f5be08e728cef0db4ef2b00fd33515d7710e8b6f25',
    'cf-cache-status': 'DYNAMIC',
    vary: 'accept-encoding',
    server: 'cloudflare tsa_b',
    'cf-ray': '92f8bdacda2a05cc-IAD'
  },
  rateLimit: { limit: 40000, remaining: 39999, reset: 1744524903 },
  data: {
    account_id: 1821227857097715700,
    product_name: 'standard-basic',
    title: 'UsageCapExceeded',
    period: 'Monthly',
    scope: 'Product',
    detail: 'Usage cap exceeded: Monthly product cap',
    type: 'https://api.twitter.com/2/problems/usage-capped'
  }
}
Error fetching tweets: ApiResponseError: Request failed with code 429
    at RequestHandlerHelper.createResponseError (/home/ubuntu/apps/gotravel/node_modules/twitter-api-v2/dist/cjs/client-mixins/request-handler.helper.js:104:16)
    at RequestHandlerHelper.onResponseEndHandler (/home/ubuntu/apps/gotravel/node_modules/twitter-api-v2/dist/cjs/client-mixins/request-handler.helper.js:262:25)
    at Gunzip.emit (node:events:517:28)
    at endReadableNT (node:internal/streams/readable:1400:12)
    at process.processTicksAndRejections (node:internal/process/task_queues:82:21) {
  error: true,
  type: 'response',
  code: 429,
  headers: {
    date: 'Mon, 14 Apr 2025 06:00:02 GMT',
    'content-type': 'application/json; charset=utf-8',
    'content-length': '94',
    connection: 'close',
    perf: '7402827104',
    'set-cookie': [
      'guest_id=v1%3A174461040264728176; Max-Age=34214400; Expires=Fri, 15 May 2026 06:00:02 GMT; Path=/; Domain=.twitter.com; Secure; SameSite=None',
      '__cf_bm=qWVoY7rsG089MPHHg55q7jM8drlQTy5tyRh8udYfMQg-1744610402-1.0.1.1-FFPNYwzgOGmFIQjfVvGS4mzJE2c5ci27r2uC9idPyHYS3510hsPATPwpYKC0GyMruIyL4TQygsuyoMqFbxJW135oMTYztA4I4URJH2C.bXg; path=/; expires=Mon, 14-Apr-25 06:30:02 GMT; domain=.twitter.com; HttpOnly; Secure'
    ],
    'api-version': '2.134',
    'cache-control': 'no-cache, no-store, max-age=0',
    'x-access-level': 'read',
    'x-frame-options': 'SAMEORIGIN',
    'content-encoding': 'gzip',
    'x-transaction-id': 'c42bed2ab2bbc1e1',
    'x-xss-protection': '0',
    'x-rate-limit-limit': '1',
    'x-rate-limit-reset': '1744611302',
    'content-disposition': 'attachment; filename=json.json',
    'x-content-type-options': 'nosniff',
    'x-rate-limit-remaining': '0',
    'strict-transport-security': 'max-age=631138519',
    'x-response-time': '11',
    'x-connection-hash': 'd485992136e1aedfe17d3ce88df5cd5f3a7bff9a729c1f8d2f17a92234692903',
    'cf-cache-status': 'DYNAMIC',
    vary: 'accept-encoding',
    server: 'cloudflare tsa_b',
    'cf-ray': '9300fb085a48e61f-IAD'
  },
  rateLimit: { limit: 1, remaining: 0, reset: 1744611302 },
  data: {
    title: 'Too Many Requests',
    detail: 'Too Many Requests',
    type: 'about:blank',
    status: 429
  }
}
Error fetching tweets: ApiResponseError: Request failed with code 429
    at RequestHandlerHelper.createResponseError (/home/ubuntu/apps/gotravel/node_modules/twitter-api-v2/dist/cjs/client-mixins/request-handler.helper.js:104:16)
    at RequestHandlerHelper.onResponseEndHandler (/home/ubuntu/apps/gotravel/node_modules/twitter-api-v2/dist/cjs/client-mixins/request-handler.helper.js:262:25)
    at Gunzip.emit (node:events:517:28)
    at endReadableNT (node:internal/streams/readable:1400:12)
    at process.processTicksAndRejections (node:internal/process/task_queues:82:21) {
  error: true,
  type: 'response',
  code: 429,
  headers: {
    date: 'Tue, 15 Apr 2025 06:00:01 GMT',
    'content-type': 'application/json; charset=utf-8',
    'content-length': '196',
    connection: 'close',
    perf: '7402827104',
    'set-cookie': [
      'guest_id=v1%3A174469680173590428; Max-Age=34214400; Expires=Sat, 16 May 2026 06:00:01 GMT; Path=/; Domain=.twitter.com; Secure; SameSite=None',
      '__cf_bm=d9wdZGl_0XyJ4Izff4kFiVcabFAoNpXeiEdNB._5qvo-1744696801-1.0.1.1-eJFvrlye6CJ8uk7rB2f3xvJdNGjl7iQZUam09G9iIiKPN5msYC67CGKVy.07IPrqPfVqKjuv4q9lk9c_.fmwvd4rLrXuRx9WGsEBJ5D7IeE; path=/; expires=Tue, 15-Apr-25 06:30:01 GMT; domain=.twitter.com; HttpOnly; Secure'
    ],
    'api-version': '2.134',
    'cache-control': 'no-cache, no-store, max-age=0',
    'x-access-level': 'read',
    'x-frame-options': 'SAMEORIGIN',
    'content-encoding': 'gzip',
    'x-transaction-id': '0764028664859c99',
    'x-xss-protection': '0',
    'x-rate-limit-limit': '40000',
    'x-rate-limit-reset': '1744697701',
    'content-disposition': 'attachment; filename=json.json',
    'x-content-type-options': 'nosniff',
    'x-rate-limit-remaining': '39999',
    'strict-transport-security': 'max-age=631138519',
    'x-response-time': '18',
    'x-connection-hash': '569c91cc79549f404ec066997f3bbaac1da8030f674fd0d0d0434c736a2bb866',
    'cf-cache-status': 'DYNAMIC',
    vary: 'accept-encoding',
    server: 'cloudflare tsa_b',
    'cf-ray': '93093862be33d643-IAD'
  },
  rateLimit: { limit: 40000, remaining: 39999, reset: 1744697701 },
  data: {
    account_id: 1821227857097715700,
    product_name: 'standard-basic',
    title: 'UsageCapExceeded',
    period: 'Monthly',
    scope: 'Product',
    detail: 'Usage cap exceeded: Monthly product cap',
    type: 'https://api.twitter.com/2/problems/usage-capped'
  }
}
Error fetching tweets: ApiResponseError: Request failed with code 429
    at RequestHandlerHelper.createResponseError (/home/ubuntu/apps/gotravel/node_modules/twitter-api-v2/dist/cjs/client-mixins/request-handler.helper.js:104:16)
    at RequestHandlerHelper.onResponseEndHandler (/home/ubuntu/apps/gotravel/node_modules/twitter-api-v2/dist/cjs/client-mixins/request-handler.helper.js:262:25)
    at Gunzip.emit (node:events:517:28)
    at endReadableNT (node:internal/streams/readable:1400:12)
    at process.processTicksAndRejections (node:internal/process/task_queues:82:21) {
  error: true,
  type: 'response',
  code: 429,
  headers: {
    date: 'Wed, 16 Apr 2025 06:00:03 GMT',
    'content-type': 'application/json; charset=utf-8',
    'content-length': '196',
    connection: 'close',
    perf: '7402827104',
    'set-cookie': [
      'guest_id=v1%3A174478320305597320; Max-Age=34214400; Expires=Sun, 17 May 2026 06:00:03 GMT; Path=/; Domain=.twitter.com; Secure; SameSite=None',
      '__cf_bm=yvzOyEjMFWgEt_Sh4SDp6E5mAZOsinWJYS3Y1h56Xf4-1744783203-1.0.1.1-hkItglmBFfIhlxBRWoE9CXhIQJtF8W9uRikqukvBcffP0m1wmpPmDJhnzuIOBcSkAAzCs69rMKrp2cUfcSdthy_NmUqpf1B_.Npv9rxBnW4; path=/; expires=Wed, 16-Apr-25 06:30:03 GMT; domain=.twitter.com; HttpOnly; Secure'
    ],
    'api-version': '2.135',
    'cache-control': 'no-cache, no-store, max-age=0',
    'x-access-level': 'read',
    'x-frame-options': 'SAMEORIGIN',
    'content-encoding': 'gzip',
    'x-transaction-id': '3e5741172476e9ae',
    'x-xss-protection': '0',
    'x-rate-limit-limit': '40000',
    'x-rate-limit-reset': '1744784103',
    'content-disposition': 'attachment; filename=json.json',
    'x-content-type-options': 'nosniff',
    'x-rate-limit-remaining': '39999',
    'strict-transport-security': 'max-age=631138519',
    'x-response-time': '17',
    'x-connection-hash': '2d353955f7111f236cb56b12f008aa03dfd8b68f0d439a02972b1ed7012b4017',
    vary: 'accept-encoding',
    'cf-cache-status': 'DYNAMIC',
    server: 'cloudflare tsa_b',
    'cf-ray': '931175cae92d07d3-IAD'
  },
  rateLimit: { limit: 40000, remaining: 39999, reset: 1744784103 },
  data: {
    account_id: 1821227857097715700,
    product_name: 'standard-basic',
    title: 'UsageCapExceeded',
    period: 'Monthly',
    scope: 'Product',
    detail: 'Usage cap exceeded: Monthly product cap',
    type: 'https://api.twitter.com/2/problems/usage-capped'
  }
}
Error fetching tweets: ApiResponseError: Request failed with code 429
    at RequestHandlerHelper.createResponseError (/home/ubuntu/apps/gotravel/node_modules/twitter-api-v2/dist/cjs/client-mixins/request-handler.helper.js:104:16)
    at RequestHandlerHelper.onResponseEndHandler (/home/ubuntu/apps/gotravel/node_modules/twitter-api-v2/dist/cjs/client-mixins/request-handler.helper.js:262:25)
    at Gunzip.emit (node:events:517:28)
    at endReadableNT (node:internal/streams/readable:1400:12)
    at process.processTicksAndRejections (node:internal/process/task_queues:82:21) {
  error: true,
  type: 'response',
  code: 429,
  headers: {
    date: 'Thu, 17 Apr 2025 06:00:02 GMT',
    'content-type': 'application/json; charset=utf-8',
    'content-length': '196',
    connection: 'close',
    perf: '7402827104',
    'set-cookie': [
      'guest_id=v1%3A174486960267604136; Max-Age=34214400; Expires=Mon, 18 May 2026 06:00:02 GMT; Path=/; Domain=.twitter.com; Secure; SameSite=None',
      '__cf_bm=XqYhC_z1_Nd4laibkS0O6nP2FoHYe1TB_ZVq_fk42Y0-1744869602-1.0.1.1-aL50LHGMQB.Ca7JbtHF9wbgj_qIYC7up_QhVhsc7ZBbl4YIeFthCd1akGCwpk9Hn7cMWfOFbY9fYYVphmSc1RVKzAQ9TQ6q9lZlyiP_VqaU; path=/; expires=Thu, 17-Apr-25 06:30:02 GMT; domain=.twitter.com; HttpOnly; Secure'
    ],
    'api-version': '2.135',
    'cache-control': 'no-cache, no-store, max-age=0',
    'x-access-level': 'read',
    'x-frame-options': 'SAMEORIGIN',
    'content-encoding': 'gzip',
    'x-transaction-id': '940128959f31e272',
    'x-xss-protection': '0',
    'x-rate-limit-limit': '40000',
    'x-rate-limit-reset': '1744870502',
    'content-disposition': 'attachment; filename=json.json',
    'x-content-type-options': 'nosniff',
    'x-rate-limit-remaining': '39999',
    'strict-transport-security': 'max-age=631138519',
    'x-response-time': '16',
    'x-connection-hash': '04f7ec7650c56390542946867f38de13f18e53efe7f9d2f22d624293c74058b0',
    'cf-cache-status': 'DYNAMIC',
    vary: 'accept-encoding',
    server: 'cloudflare tsa_b',
    'cf-ray': '9319b3289e7d2d20-IAD'
  },
  rateLimit: { limit: 40000, remaining: 39999, reset: 1744870502 },
  data: {
    account_id: 1821227857097715700,
    product_name: 'standard-basic',
    title: 'UsageCapExceeded',
    period: 'Monthly',
    scope: 'Product',
    detail: 'Usage cap exceeded: Monthly product cap',
    type: 'https://api.twitter.com/2/problems/usage-capped'
  }
}
Error fetching tweets: ApiResponseError: Request failed with code 429
    at RequestHandlerHelper.createResponseError (/home/ubuntu/apps/gotravel/node_modules/twitter-api-v2/dist/cjs/client-mixins/request-handler.helper.js:104:16)
    at RequestHandlerHelper.onResponseEndHandler (/home/ubuntu/apps/gotravel/node_modules/twitter-api-v2/dist/cjs/client-mixins/request-handler.helper.js:262:25)
    at Gunzip.emit (node:events:517:28)
    at endReadableNT (node:internal/streams/readable:1400:12)
    at process.processTicksAndRejections (node:internal/process/task_queues:82:21) {
  error: true,
  type: 'response',
  code: 429,
  headers: {
    date: 'Fri, 18 Apr 2025 06:00:01 GMT',
    'content-type': 'application/json; charset=utf-8',
    'content-length': '196',
    connection: 'close',
    perf: '7402827104',
    'set-cookie': [
      'guest_id=v1%3A174495600196012818; Max-Age=34214400; Expires=Tue, 19 May 2026 06:00:01 GMT; Path=/; Domain=.twitter.com; Secure; SameSite=None',
      '__cf_bm=TZo6PMmbDziAxUPmblzfGE7.q1EGgI1S68_v4i8CJK4-1744956001-1.0.1.1-1iKj.gNC3HwVTUhZyAMu3bUQRkJYP3BKgMQYfdWG5bFtMK.a3r_Pn.HTBDhjQEX43B.tjT7K0q0VkL2h2WgDmnTiag._V2iFAhlFOS5BL2Y; path=/; expires=Fri, 18-Apr-25 06:30:01 GMT; domain=.twitter.com; HttpOnly; Secure'
    ],
    'api-version': '2.135',
    'cache-control': 'no-cache, no-store, max-age=0',
    'x-access-level': 'read',
    'x-frame-options': 'SAMEORIGIN',
    'content-encoding': 'gzip',
    'x-transaction-id': 'c183642880c80f45',
    'x-xss-protection': '0',
    'x-rate-limit-limit': '40000',
    'x-rate-limit-reset': '1744956901',
    'content-disposition': 'attachment; filename=json.json',
    'x-content-type-options': 'nosniff',
    'x-rate-limit-remaining': '39999',
    'strict-transport-security': 'max-age=631138519',
    'x-response-time': '15',
    'x-connection-hash': 'f7524377147925063817d4853a6eb424f54a4c263d163a84599548fbba63012f',
    'cf-cache-status': 'DYNAMIC',
    vary: 'accept-encoding',
    server: 'cloudflare tsa_b',
    'cf-ray': '9321f08418fd87b0-IAD'
  },
  rateLimit: { limit: 40000, remaining: 39999, reset: 1744956901 },
  data: {
    account_id: 1821227857097715700,
    product_name: 'standard-basic',
    title: 'UsageCapExceeded',
    period: 'Monthly',
    scope: 'Product',
    detail: 'Usage cap exceeded: Monthly product cap',
    type: 'https://api.twitter.com/2/problems/usage-capped'
  }
}
Error fetching tweets: ApiResponseError: Request failed with code 429
    at RequestHandlerHelper.createResponseError (/home/ubuntu/apps/gotravel/node_modules/twitter-api-v2/dist/cjs/client-mixins/request-handler.helper.js:104:16)
    at RequestHandlerHelper.onResponseEndHandler (/home/ubuntu/apps/gotravel/node_modules/twitter-api-v2/dist/cjs/client-mixins/request-handler.helper.js:262:25)
    at Gunzip.emit (node:events:517:28)
    at endReadableNT (node:internal/streams/readable:1400:12)
    at process.processTicksAndRejections (node:internal/process/task_queues:82:21) {
  error: true,
  type: 'response',
  code: 429,
  headers: {
    date: 'Sat, 19 Apr 2025 06:00:03 GMT',
    'content-type': 'application/json; charset=utf-8',
    'content-length': '196',
    connection: 'close',
    perf: '7402827104',
    'set-cookie': [
      'guest_id=v1%3A174504240332083912; Max-Age=34214400; Expires=Wed, 20 May 2026 06:00:03 GMT; Path=/; Domain=.twitter.com; Secure; SameSite=None',
      '__cf_bm=Id63C4BFyzLixiZhAj8s8A3X_RMzhmsn4Jn._fa_sZ8-1745042403-1.0.1.1-lLUKhbz0rzSUmkvzUAuna5bFoYe9hHUuvvKG5y4KA1oN3MHswhrwReqbCxBwVJEM1jEw2zrIgA3pQ_TQWeNyiZFpc9H38QtvzBKHXi6HJ_I; path=/; expires=Sat, 19-Apr-25 06:30:03 GMT; domain=.twitter.com; HttpOnly; Secure'
    ],
    'api-version': '2.135',
    'cache-control': 'no-cache, no-store, max-age=0',
    'x-access-level': 'read',
    'x-frame-options': 'SAMEORIGIN',
    'content-encoding': 'gzip',
    'x-transaction-id': '52278aee122667da',
    'x-xss-protection': '0',
    'x-rate-limit-limit': '40000',
    'x-rate-limit-reset': '1745043303',
    'content-disposition': 'attachment; filename=json.json',
    'x-content-type-options': 'nosniff',
    'x-rate-limit-remaining': '39999',
    'strict-transport-security': 'max-age=631138519',
    'x-response-time': '19',
    'x-connection-hash': '8fe14641e893697476100497b3ce922d491cd9947b4bae9de1a68bc1045851c2',
    'cf-cache-status': 'DYNAMIC',
    vary: 'accept-encoding',
    server: 'cloudflare tsa_b',
    'cf-ray': '932a2dec9ccd7ff7-IAD'
  },
  rateLimit: { limit: 40000, remaining: 39999, reset: 1745043303 },
  data: {
    account_id: 1821227857097715700,
    product_name: 'standard-basic',
    title: 'UsageCapExceeded',
    period: 'Monthly',
    scope: 'Product',
    detail: 'Usage cap exceeded: Monthly product cap',
    type: 'https://api.twitter.com/2/problems/usage-capped'
  }
}
Error fetching tweets: ApiResponseError: Request failed with code 429
    at RequestHandlerHelper.createResponseError (/home/ubuntu/apps/gotravel/node_modules/twitter-api-v2/dist/cjs/client-mixins/request-handler.helper.js:104:16)
    at RequestHandlerHelper.onResponseEndHandler (/home/ubuntu/apps/gotravel/node_modules/twitter-api-v2/dist/cjs/client-mixins/request-handler.helper.js:262:25)
    at Gunzip.emit (node:events:517:28)
    at endReadableNT (node:internal/streams/readable:1400:12)
    at process.processTicksAndRejections (node:internal/process/task_queues:82:21) {
  error: true,
  type: 'response',
  code: 429,
  headers: {
    date: 'Sun, 20 Apr 2025 06:00:02 GMT',
    'content-type': 'application/json; charset=utf-8',
    'content-length': '94',
    connection: 'close',
    perf: '7402827104',
    'set-cookie': [
      'guest_id=v1%3A174512880271382332; Max-Age=34214400; Expires=Thu, 21 May 2026 06:00:02 GMT; Path=/; Domain=.twitter.com; Secure; SameSite=None',
      '__cf_bm=ZpJiZ88vu29FLMGnTBFEXbH1yIR9Rjp6gINeujOfbuw-1745128802-1.0.1.1-KysIPsrFXux9IVe2_1klyZJhwqpXCxPTp23_I6hH0.ZrG0o1wbyLsIb7V.jXvzqwbByw79OkK.sPpeXSX4J8fN9OnqIsS6kEUP7eCj4DcJs; path=/; expires=Sun, 20-Apr-25 06:30:02 GMT; domain=.twitter.com; HttpOnly; Secure'
    ],
    'api-version': '2.135',
    'cache-control': 'no-cache, no-store, max-age=0',
    'x-access-level': 'read',
    'x-frame-options': 'SAMEORIGIN',
    'content-encoding': 'gzip',
    'x-transaction-id': 'a9f137ba4c586a67',
    'x-xss-protection': '0',
    'x-rate-limit-limit': '1',
    'x-rate-limit-reset': '1745129702',
    'content-disposition': 'attachment; filename=json.json',
    'x-content-type-options': 'nosniff',
    'x-rate-limit-remaining': '0',
    'strict-transport-security': 'max-age=631138519',
    'x-response-time': '14',
    'x-connection-hash': 'ea5e29d7289a73a0479b874262982aac20a71c35c258fdd2d768b0c3487b1b89',
    'cf-cache-status': 'DYNAMIC',
    vary: 'accept-encoding',
    server: 'cloudflare tsa_b',
    'cf-ray': '93326b48ca634e70-IAD'
  },
  rateLimit: { limit: 1, remaining: 0, reset: 1745129702 },
  data: {
    title: 'Too Many Requests',
    detail: 'Too Many Requests',
    type: 'about:blank',
    status: 429
  }
}
Error fetching tweets: ApiResponseError: Request failed with code 429
    at RequestHandlerHelper.createResponseError (/home/ubuntu/apps/gotravel/node_modules/twitter-api-v2/dist/cjs/client-mixins/request-handler.helper.js:104:16)
    at RequestHandlerHelper.onResponseEndHandler (/home/ubuntu/apps/gotravel/node_modules/twitter-api-v2/dist/cjs/client-mixins/request-handler.helper.js:262:25)
    at Gunzip.emit (node:events:517:28)
    at endReadableNT (node:internal/streams/readable:1400:12)
    at process.processTicksAndRejections (node:internal/process/task_queues:82:21) {
  error: true,
  type: 'response',
  code: 429,
  headers: {
    date: 'Mon, 21 Apr 2025 06:00:03 GMT',
    'content-type': 'application/json; charset=utf-8',
    'content-length': '94',
    connection: 'close',
    perf: '7402827104',
    'set-cookie': [
      'guest_id=v1%3A174521520315059143; Max-Age=34214400; Expires=Fri, 22 May 2026 06:00:03 GMT; Path=/; Domain=.twitter.com; Secure; SameSite=None',
      '__cf_bm=0zR_H0U9zQ70wqe3JSZ.MlnueDmO0C_.eSH0gF6RBPs-1745215203-1.0.1.1-_wd4Oz1Q0IkRMCKk.J6eHs074Pk6Bj9p6jnWGeiNsRA1Cb9WwhpGbX5bY3qPpRcQG14IDq3f1UwlKfYn7sldt0CfSyCsveZDHMj.qQcs2Jo; path=/; expires=Mon, 21-Apr-25 06:30:03 GMT; domain=.twitter.com; HttpOnly; Secure'
    ],
    'api-version': '2.135',
    'cache-control': 'no-cache, no-store, max-age=0',
    'x-access-level': 'read',
    'x-frame-options': 'SAMEORIGIN',
    'content-encoding': 'gzip',
    'x-transaction-id': '6c894a33caf77f7e',
    'x-xss-protection': '0',
    'x-rate-limit-limit': '1',
    'x-rate-limit-reset': '1745216103',
    'content-disposition': 'attachment; filename=json.json',
    'x-content-type-options': 'nosniff',
    'x-rate-limit-remaining': '0',
    'strict-transport-security': 'max-age=631138519',
    'x-response-time': '11',
    'x-connection-hash': '233550f94aca924edaf815a6865905525ae4c578fb98d259aec6717d0e387ac0',
    'cf-cache-status': 'DYNAMIC',
    vary: 'accept-encoding',
    server: 'cloudflare tsa_b',
    'cf-ray': '933aa8ab8b645722-IAD'
  },
  rateLimit: { limit: 1, remaining: 0, reset: 1745216103 },
  data: {
    title: 'Too Many Requests',
    detail: 'Too Many Requests',
    type: 'about:blank',
    status: 429
  }
}
Error fetching tweets: ApiResponseError: Request failed with code 429
    at RequestHandlerHelper.createResponseError (/home/ubuntu/apps/gotravel/node_modules/twitter-api-v2/dist/cjs/client-mixins/request-handler.helper.js:104:16)
    at RequestHandlerHelper.onResponseEndHandler (/home/ubuntu/apps/gotravel/node_modules/twitter-api-v2/dist/cjs/client-mixins/request-handler.helper.js:262:25)
    at Gunzip.emit (node:events:517:28)
    at endReadableNT (node:internal/streams/readable:1400:12)
    at process.processTicksAndRejections (node:internal/process/task_queues:82:21) {
  error: true,
  type: 'response',
  code: 429,
  headers: {
    date: 'Tue, 22 Apr 2025 06:00:02 GMT',
    'content-type': 'application/json; charset=utf-8',
    'content-length': '196',
    connection: 'close',
    perf: '7402827104',
    'set-cookie': [
      'guest_id=v1%3A174530160213416337; Max-Age=34214400; Expires=Sat, 23 May 2026 06:00:02 GMT; Path=/; Domain=.twitter.com; Secure; SameSite=None',
      '__cf_bm=0D7YDSQu_C9b34AD0Gm8rLNamkiTIyR96ebwmIm9iwY-1745301602-1.0.1.1-6n7hAGsWUkt1Iqm4UTvVMlZmbCLw0AVMC0HyywgjZdg9YMk3Aa51q0ub58yDM5.BDA_2fDgTf0Y7g8MAjpT2rsNiZ_WChRCwyrSRZf1RtA4; path=/; expires=Tue, 22-Apr-25 06:30:02 GMT; domain=.twitter.com; HttpOnly; Secure'
    ],
    'api-version': '2.135',
    'cache-control': 'no-cache, no-store, max-age=0',
    'x-access-level': 'read',
    'x-frame-options': 'SAMEORIGIN',
    'content-encoding': 'gzip',
    'x-transaction-id': '55d066e8489a8051',
    'x-xss-protection': '0',
    'x-rate-limit-limit': '40000',
    'x-rate-limit-reset': '1745302502',
    'content-disposition': 'attachment; filename=json.json',
    'x-content-type-options': 'nosniff',
    'x-rate-limit-remaining': '39999',
    'strict-transport-security': 'max-age=631138519',
    'x-response-time': '17',
    'x-connection-hash': '73846d21d61dd00680ebd8c3ca913edc777544762bae0f0c497badb2f5bdb412',
    'cf-cache-status': 'DYNAMIC',
    vary: 'accept-encoding',
    server: 'cloudflare tsa_b',
    'cf-ray': '9342e60538dde5b6-IAD'
  },
  rateLimit: { limit: 40000, remaining: 39999, reset: 1745302502 },
  data: {
    account_id: 1821227857097715700,
    product_name: 'standard-basic',
    title: 'UsageCapExceeded',
    period: 'Monthly',
    scope: 'Product',
    detail: 'Usage cap exceeded: Monthly product cap',
    type: 'https://api.twitter.com/2/problems/usage-capped'
  }
}
Error fetching tweets: ApiResponseError: Request failed with code 429
    at RequestHandlerHelper.createResponseError (/home/ubuntu/apps/gotravel/node_modules/twitter-api-v2/dist/cjs/client-mixins/request-handler.helper.js:104:16)
    at RequestHandlerHelper.onResponseEndHandler (/home/ubuntu/apps/gotravel/node_modules/twitter-api-v2/dist/cjs/client-mixins/request-handler.helper.js:262:25)
    at Gunzip.emit (node:events:517:28)
    at endReadableNT (node:internal/streams/readable:1400:12)
    at process.processTicksAndRejections (node:internal/process/task_queues:82:21) {
  error: true,
  type: 'response',
  code: 429,
  headers: {
    date: 'Wed, 23 Apr 2025 06:00:01 GMT',
    'content-type': 'application/json; charset=utf-8',
    'content-length': '94',
    connection: 'close',
    perf: '7402827104',
    'set-cookie': [
      'guest_id=v1%3A174538800152464315; Max-Age=34214400; Expires=Sun, 24 May 2026 06:00:01 GMT; Path=/; Domain=.twitter.com; Secure; SameSite=None',
      '__cf_bm=Gq_zQEwPZgb9c6MCt2.td51507LV_c2GNVCVKs3GkME-1745388001-1.0.1.1-RTc_Mx1G39dRpSAP4VUEOgq6BOW4rmFoMosfCZ2izOmw.k2JcTBDe0lGPpuwTI0NfB3oqS1lAss3mIWHWx5nYckZ54fWzItCCaJXKa8ldy0; path=/; expires=Wed, 23-Apr-25 06:30:01 GMT; domain=.twitter.com; HttpOnly; Secure'
    ],
    'api-version': '2.135',
    'cache-control': 'no-cache, no-store, max-age=0',
    'x-access-level': 'read',
    'x-frame-options': 'SAMEORIGIN',
    'content-encoding': 'gzip',
    'x-transaction-id': 'e92be74d4b8ee416',
    'x-xss-protection': '0',
    'x-rate-limit-limit': '1',
    'x-rate-limit-reset': '1745388901',
    'content-disposition': 'attachment; filename=json.json',
    'x-content-type-options': 'nosniff',
    'x-rate-limit-remaining': '0',
    'strict-transport-security': 'max-age=631138519',
    'x-response-time': '12',
    'x-connection-hash': '7027a5ad01adc334d95d006300341f9d278fe70b358a64c45883e66fea60fe5a',
    vary: 'accept-encoding',
    'cf-cache-status': 'DYNAMIC',
    server: 'cloudflare tsa_b',
    'cf-ray': '934b23615b7d1367-IAD'
  },
  rateLimit: { limit: 1, remaining: 0, reset: 1745388901 },
  data: {
    title: 'Too Many Requests',
    detail: 'Too Many Requests',
    type: 'about:blank',
    status: 429
  }
}
Error fetching tweets: ApiResponseError: Request failed with code 429
    at RequestHandlerHelper.createResponseError (/home/ubuntu/apps/gotravel/node_modules/twitter-api-v2/dist/cjs/client-mixins/request-handler.helper.js:104:16)
    at RequestHandlerHelper.onResponseEndHandler (/home/ubuntu/apps/gotravel/node_modules/twitter-api-v2/dist/cjs/client-mixins/request-handler.helper.js:262:25)
    at Gunzip.emit (node:events:517:28)
    at endReadableNT (node:internal/streams/readable:1400:12)
    at process.processTicksAndRejections (node:internal/process/task_queues:82:21) {
  error: true,
  type: 'response',
  code: 429,
  headers: {
    date: 'Thu, 24 Apr 2025 06:00:01 GMT',
    'content-type': 'application/json; charset=utf-8',
    'content-length': '94',
    connection: 'close',
    perf: '7402827104',
    'set-cookie': [
      'guest_id=v1%3A174547440143740786; Max-Age=34214400; Expires=Mon, 25 May 2026 06:00:01 GMT; Path=/; Domain=.twitter.com; Secure; SameSite=None',
      '__cf_bm=TNvmDiOFwXN19GUdvS6hA1TVVAaWp0InUSqN12bdFzE-1745474401-1.0.1.1-_FSFfQEUDUwFKPPHQr3RNdRjFupVr3l84TNdcf5CSw.zgvIGKPUUGibCQzU2fx7HgED5Mb3YabKXh8EdEpWsNh1o0EJ1u.3GGvt_h8xpObU; path=/; expires=Thu, 24-Apr-25 06:30:01 GMT; domain=.twitter.com; HttpOnly; Secure'
    ],
    'api-version': '2.135',
    'cache-control': 'no-cache, no-store, max-age=0',
    'x-access-level': 'read',
    'x-frame-options': 'SAMEORIGIN',
    'content-encoding': 'gzip',
    'x-transaction-id': '591856f57e7aa195',
    'x-xss-protection': '0',
    'x-rate-limit-limit': '1',
    'x-rate-limit-reset': '1745475301',
    'content-disposition': 'attachment; filename=json.json',
    'x-content-type-options': 'nosniff',
    'x-rate-limit-remaining': '0',
    'strict-transport-security': 'max-age=631138519',
    'x-response-time': '13',
    'x-connection-hash': '0f85b99b38f18e9734d62db6f0a177ba60e3dfed07a1f936643f0582cf839da6',
    vary: 'accept-encoding',
    'cf-cache-status': 'DYNAMIC',
    server: 'cloudflare tsa_b',
    'cf-ray': '935360c0dfa1819a-IAD'
  },
  rateLimit: { limit: 1, remaining: 0, reset: 1745475301 },
  data: {
    title: 'Too Many Requests',
    detail: 'Too Many Requests',
    type: 'about:blank',
    status: 429
  }
}
Error fetching tweets: ApiResponseError: Request failed with code 429
    at RequestHandlerHelper.createResponseError (/home/ubuntu/apps/gotravel/node_modules/twitter-api-v2/dist/cjs/client-mixins/request-handler.helper.js:104:16)
    at RequestHandlerHelper.onResponseEndHandler (/home/ubuntu/apps/gotravel/node_modules/twitter-api-v2/dist/cjs/client-mixins/request-handler.helper.js:262:25)
    at Gunzip.emit (node:events:517:28)
    at endReadableNT (node:internal/streams/readable:1400:12)
    at process.processTicksAndRejections (node:internal/process/task_queues:82:21) {
  error: true,
  type: 'response',
  code: 429,
  headers: {
    date: 'Fri, 25 Apr 2025 06:00:01 GMT',
    'content-type': 'application/json; charset=utf-8',
    'content-length': '94',
    connection: 'close',
    perf: '7402827104',
    'set-cookie': [
      'guest_id=v1%3A174556080147149715; Max-Age=34214400; Expires=Tue, 26 May 2026 06:00:01 GMT; Path=/; Domain=.twitter.com; Secure; SameSite=None',
      '__cf_bm=dsGCCtT.0gQiYN9kMof3Rg_aaxY6Qzg2y0t2lWvmpes-1745560801-1.0.1.1-5oQZJ9157ssvaVZ2FzRIVEWF_Ic8WfdcA9i7xUYQcDCRGOvak4PoBk.SkcuiVsNtlAY_iQMMsLl98b9Rjlt9YhND6IxxIO3M5qSwYv4POy0; path=/; expires=Fri, 25-Apr-25 06:30:01 GMT; domain=.twitter.com; HttpOnly; Secure'
    ],
    'api-version': '2.135',
    'cache-control': 'no-cache, no-store, max-age=0',
    'x-access-level': 'read',
    'x-frame-options': 'SAMEORIGIN',
    'content-encoding': 'gzip',
    'x-transaction-id': '9b7ce1a62f67aa1c',
    'x-xss-protection': '0',
    'x-rate-limit-limit': '1',
    'x-rate-limit-reset': '1745561701',
    'content-disposition': 'attachment; filename=json.json',
    'x-content-type-options': 'nosniff',
    'x-rate-limit-remaining': '0',
    'strict-transport-security': 'max-age=631138519',
    'x-response-time': '10',
    'x-connection-hash': '0fc236614a6ad003e088d799c0c12f358e086b91c21e326138e511c0ba5272df',
    'cf-cache-status': 'DYNAMIC',
    vary: 'accept-encoding',
    server: 'cloudflare tsa_b',
    'cf-ray': '935b9e2109f8f90b-IAD'
  },
  rateLimit: { limit: 1, remaining: 0, reset: 1745561701 },
  data: {
    title: 'Too Many Requests',
    detail: 'Too Many Requests',
    type: 'about:blank',
    status: 429
  }
}
Error fetching tweets: ApiResponseError: Request failed with code 429
    at RequestHandlerHelper.createResponseError (/home/ubuntu/apps/gotravel/node_modules/twitter-api-v2/dist/cjs/client-mixins/request-handler.helper.js:104:16)
    at RequestHandlerHelper.onResponseEndHandler (/home/ubuntu/apps/gotravel/node_modules/twitter-api-v2/dist/cjs/client-mixins/request-handler.helper.js:262:25)
    at Gunzip.emit (node:events:517:28)
    at endReadableNT (node:internal/streams/readable:1400:12)
    at process.processTicksAndRejections (node:internal/process/task_queues:82:21) {
  error: true,
  type: 'response',
  code: 429,
  headers: {
    date: 'Sat, 26 Apr 2025 06:00:01 GMT',
    'content-type': 'application/json; charset=utf-8',
    'content-length': '94',
    connection: 'close',
    perf: '7402827104',
    'set-cookie': [
      'guest_id=v1%3A174564720182130546; Max-Age=34214400; Expires=Wed, 27 May 2026 06:00:01 GMT; Path=/; Domain=.twitter.com; Secure; SameSite=None',
      '__cf_bm=XENCnITezcVCH0KnIrPt1OaOuowAaSqHq5Sd76JrY1E-1745647201-1.0.1.1-h7gvXbdZSquAF.GUu46YdsHvOEV6yWi1fVA0Iw2_69uUKbHV6.s4KutWkrpp_U8_gsue79WlTWV2gAwQHZmlrju62i8Q7gcTPZVyCUdKvQU; path=/; expires=Sat, 26-Apr-25 06:30:01 GMT; domain=.twitter.com; HttpOnly; Secure'
    ],
    'api-version': '2.136',
    'cache-control': 'no-cache, no-store, max-age=0',
    'x-access-level': 'read',
    'x-frame-options': 'SAMEORIGIN',
    'content-encoding': 'gzip',
    'x-transaction-id': 'a420ad026c4be4d9',
    'x-xss-protection': '0',
    'x-rate-limit-limit': '1',
    'x-rate-limit-reset': '1745648101',
    'content-disposition': 'attachment; filename=json.json',
    'x-content-type-options': 'nosniff',
    'x-rate-limit-remaining': '0',
    'strict-transport-security': 'max-age=631138519',
    'x-response-time': '9',
    'x-connection-hash': 'd6f4915bd43a0d2714a128439a423ec59cd77dcc58c2845a2aa43d16172b991b',
    'cf-cache-status': 'DYNAMIC',
    vary: 'accept-encoding',
    server: 'cloudflare tsa_b',
    'cf-ray': '9363db83086a20b1-IAD'
  },
  rateLimit: { limit: 1, remaining: 0, reset: 1745648101 },
  data: {
    title: 'Too Many Requests',
    detail: 'Too Many Requests',
    type: 'about:blank',
    status: 429
  }
}
Error fetching tweets: ApiResponseError: Request failed with code 429
    at RequestHandlerHelper.createResponseError (/home/ubuntu/apps/gotravel/node_modules/twitter-api-v2/dist/cjs/client-mixins/request-handler.helper.js:104:16)
    at RequestHandlerHelper.onResponseEndHandler (/home/ubuntu/apps/gotravel/node_modules/twitter-api-v2/dist/cjs/client-mixins/request-handler.helper.js:262:25)
    at Gunzip.emit (node:events:517:28)
    at endReadableNT (node:internal/streams/readable:1400:12)
    at process.processTicksAndRejections (node:internal/process/task_queues:82:21) {
  error: true,
  type: 'response',
  code: 429,
  headers: {
    date: 'Sun, 27 Apr 2025 06:00:01 GMT',
    'content-type': 'application/json; charset=utf-8',
    'content-length': '94',
    connection: 'close',
    perf: '7402827104',
    'set-cookie': [
      'guest_id=v1%3A174573360150612305; Max-Age=34214400; Expires=Thu, 28 May 2026 06:00:01 GMT; Path=/; Domain=.twitter.com; Secure; SameSite=None',
      '__cf_bm=Jw8UORqMWlqwq8Vqmjj7Z0.pyBbQuTu0vLDZte.sgSQ-1745733601-1.0.1.1-jVgbgNwhMRpNSKyz5ujQfnpj0j0JZiWDw1E_0rWboomsJA5bDCdSa22cQ3RWmBzfG0J15AFFngUBx_3w1N7215KJJelarQLg7vrWFCaxmY4; path=/; expires=Sun, 27-Apr-25 06:30:01 GMT; domain=.twitter.com; HttpOnly; Secure'
    ],
    'api-version': '2.136',
    'cache-control': 'no-cache, no-store, max-age=0',
    'x-access-level': 'read',
    'x-frame-options': 'SAMEORIGIN',
    'content-encoding': 'gzip',
    'x-transaction-id': '7375bd9756bb8cc8',
    'x-xss-protection': '0',
    'x-rate-limit-limit': '1',
    'x-rate-limit-reset': '1745734501',
    'content-disposition': 'attachment; filename=json.json',
    'x-content-type-options': 'nosniff',
    'x-rate-limit-remaining': '0',
    'strict-transport-security': 'max-age=631138519',
    'x-response-time': '9',
    'x-connection-hash': '858d0acb2eb7040c9ddbe573bb772977abfd66ffe5adbe1512c0f14151fe3f76',
    'cf-cache-status': 'DYNAMIC',
    vary: 'accept-encoding',
    server: 'cloudflare tsa_b',
    'cf-ray': '936c18e148928015-IAD'
  },
  rateLimit: { limit: 1, remaining: 0, reset: 1745734501 },
  data: {
    title: 'Too Many Requests',
    detail: 'Too Many Requests',
    type: 'about:blank',
    status: 429
  }
}
Error fetching tweets: ApiResponseError: Request failed with code 429
    at RequestHandlerHelper.createResponseError (/home/ubuntu/apps/gotravel/node_modules/twitter-api-v2/dist/cjs/client-mixins/request-handler.helper.js:104:16)
    at RequestHandlerHelper.onResponseEndHandler (/home/ubuntu/apps/gotravel/node_modules/twitter-api-v2/dist/cjs/client-mixins/request-handler.helper.js:262:25)
    at Gunzip.emit (node:events:517:28)
    at endReadableNT (node:internal/streams/readable:1400:12)
    at process.processTicksAndRejections (node:internal/process/task_queues:82:21) {
  error: true,
  type: 'response',
  code: 429,
  headers: {
    date: 'Mon, 28 Apr 2025 06:00:01 GMT',
    'content-type': 'application/json; charset=utf-8',
    'content-length': '94',
    connection: 'close',
    perf: '7402827104',
    'set-cookie': [
      'guest_id=v1%3A174582000155636491; Max-Age=34214400; Expires=Fri, 29 May 2026 06:00:01 GMT; Path=/; Domain=.twitter.com; Secure; SameSite=None',
      '__cf_bm=c7Dc3cBEukYPEjCwGGqjCCNAO.rLzTFu8OKIWJzqHyI-1745820001-1.0.1.1-FUxWYaWRrcc.5mnDNmmadIO4UG7Y_T8MJxDci_coDNYCh05RmTrYR0SAkdedBBIJ6HcWw1W.b2mqw5Sg8p6D3TpvOT.Uw311VvbXmORXoqk; path=/; expires=Mon, 28-Apr-25 06:30:01 GMT; domain=.twitter.com; HttpOnly; Secure'
    ],
    'api-version': '2.136',
    'cache-control': 'no-cache, no-store, max-age=0',
    'x-access-level': 'read',
    'x-frame-options': 'SAMEORIGIN',
    'content-encoding': 'gzip',
    'x-transaction-id': '61e05a96ee9adce5',
    'x-xss-protection': '0',
    'x-rate-limit-limit': '1',
    'x-rate-limit-reset': '1745820901',
    'content-disposition': 'attachment; filename=json.json',
    'x-content-type-options': 'nosniff',
    'x-rate-limit-remaining': '0',
    'strict-transport-security': 'max-age=631138519',
    'x-response-time': '10',
    'x-connection-hash': '9c29455f6c4306b5b8be71b4cd1a5eb1553e819868142dca516bd97fa1f2833e',
    'cf-cache-status': 'DYNAMIC',
    vary: 'accept-encoding',
    server: 'cloudflare tsa_b',
    'cf-ray': '937456419fc759c7-IAD'
  },
  rateLimit: { limit: 1, remaining: 0, reset: 1745820901 },
  data: {
    title: 'Too Many Requests',
    detail: 'Too Many Requests',
    type: 'about:blank',
    status: 429
  }
}
Error fetching tweets: ApiResponseError: Request failed with code 429
    at RequestHandlerHelper.createResponseError (/home/ubuntu/apps/gotravel/node_modules/twitter-api-v2/dist/cjs/client-mixins/request-handler.helper.js:104:16)
    at RequestHandlerHelper.onResponseEndHandler (/home/ubuntu/apps/gotravel/node_modules/twitter-api-v2/dist/cjs/client-mixins/request-handler.helper.js:262:25)
    at Gunzip.emit (node:events:517:28)
    at endReadableNT (node:internal/streams/readable:1400:12)
    at process.processTicksAndRejections (node:internal/process/task_queues:82:21) {
  error: true,
  type: 'response',
  code: 429,
  headers: {
    date: 'Tue, 29 Apr 2025 06:00:02 GMT',
    'content-type': 'application/json; charset=utf-8',
    'content-length': '196',
    connection: 'close',
    perf: '7402827104',
    'set-cookie': [
      'guest_id=v1%3A174590640237819095; Max-Age=34214400; Expires=Sat, 30 May 2026 06:00:02 GMT; Path=/; Domain=.twitter.com; Secure; SameSite=None',
      '__cf_bm=f8a8KRM3Fkdfb8oHq5PyfBjjxKeF_u7.iTtr9xcOcvw-1745906402-1.0.1.1-629ikQ7_wHn6sExJcQqOU4uSOKshMUUelX7jna6gQI41o4SSPCeHH6kjrDXr1BDJTEfblMc5iJitSPSS7yR2Ln4Mr4kn8xEbzEx9cOuAsQw; path=/; expires=Tue, 29-Apr-25 06:30:02 GMT; domain=.twitter.com; HttpOnly; Secure'
    ],
    'api-version': '2.136',
    'cache-control': 'no-cache, no-store, max-age=0',
    'x-access-level': 'read',
    'x-frame-options': 'SAMEORIGIN',
    'content-encoding': 'gzip',
    'x-transaction-id': 'a6a14d07dc8a7c42',
    'x-xss-protection': '0',
    'x-rate-limit-limit': '40000',
    'x-rate-limit-reset': '1745907302',
    'content-disposition': 'attachment; filename=json.json',
    'x-content-type-options': 'nosniff',
    'x-rate-limit-remaining': '39999',
    'strict-transport-security': 'max-age=631138519',
    'x-response-time': '14',
    'x-connection-hash': 'e739bbe1a4373319219634b225c6f4c6a0faa8161ecdef5a2831712a37346c9b',
    vary: 'accept-encoding',
    'cf-cache-status': 'DYNAMIC',
    server: 'cloudflare tsa_b',
    'cf-ray': '937c93a6b9a325cc-IAD'
  },
  rateLimit: { limit: 40000, remaining: 39999, reset: 1745907302 },
  data: {
    account_id: 1821227857097715700,
    product_name: 'standard-basic',
    title: 'UsageCapExceeded',
    period: 'Monthly',
    scope: 'Product',
    detail: 'Usage cap exceeded: Monthly product cap',
    type: 'https://api.twitter.com/2/problems/usage-capped'
  }
}
Error fetching tweets: ApiResponseError: Request failed with code 429
    at RequestHandlerHelper.createResponseError (/home/ubuntu/apps/gotravel/node_modules/twitter-api-v2/dist/cjs/client-mixins/request-handler.helper.js:104:16)
    at RequestHandlerHelper.onResponseEndHandler (/home/ubuntu/apps/gotravel/node_modules/twitter-api-v2/dist/cjs/client-mixins/request-handler.helper.js:262:25)
    at Gunzip.emit (node:events:517:28)
    at endReadableNT (node:internal/streams/readable:1400:12)
    at process.processTicksAndRejections (node:internal/process/task_queues:82:21) {
  error: true,
  type: 'response',
  code: 429,
  headers: {
    date: 'Wed, 30 Apr 2025 06:00:02 GMT',
    'content-type': 'application/json; charset=utf-8',
    'content-length': '196',
    connection: 'close',
    perf: '7402827104',
    'set-cookie': [
      'guest_id=v1%3A174599280204941291; Max-Age=34214400; Expires=Sun, 31 May 2026 06:00:02 GMT; Path=/; Domain=.twitter.com; Secure; SameSite=None',
      '__cf_bm=O5d2ZOoyCmjVpZDCJP9JInLibraGrkdAfZXa08HZ2sc-1745992802-1.0.1.1-cf7HA0nAj_Qixaee1L0Gf2WU4MzDnMdMTG2NfElecu6aaSArmHGwBIwgU6zMwx8QLRrx1Xm1sO7J4fkB_6_NpUd4zXqZ48YORTGaKhJ7hzI; path=/; expires=Wed, 30-Apr-25 06:30:02 GMT; domain=.twitter.com; HttpOnly; Secure'
    ],
    'api-version': '2.136',
    'cache-control': 'no-cache, no-store, max-age=0',
    'x-access-level': 'read',
    'x-frame-options': 'SAMEORIGIN',
    'content-encoding': 'gzip',
    'x-transaction-id': 'acf56476a9c790f9',
    'x-xss-protection': '0',
    'x-rate-limit-limit': '40000',
    'x-rate-limit-reset': '1745993702',
    'content-disposition': 'attachment; filename=json.json',
    'x-content-type-options': 'nosniff',
    'x-rate-limit-remaining': '39999',
    'strict-transport-security': 'max-age=631138519',
    'x-response-time': '15',
    'x-connection-hash': '998045caa51746f52a800c5681d822e77f8aaa21146e3df69b03b4bbe8db8f2e',
    vary: 'accept-encoding',
    'cf-cache-status': 'DYNAMIC',
    server: 'cloudflare tsa_b',
    'cf-ray': '9384d104a99f9c24-IAD'
  },
  rateLimit: { limit: 40000, remaining: 39999, reset: 1745993702 },
  data: {
    account_id: 1821227857097715700,
    product_name: 'standard-basic',
    title: 'UsageCapExceeded',
    period: 'Monthly',
    scope: 'Product',
    detail: 'Usage cap exceeded: Monthly product cap',
    type: 'https://api.twitter.com/2/problems/usage-capped'
  }
}
Error fetching tweets: ApiResponseError: Request failed with code 429
    at RequestHandlerHelper.createResponseError (/home/ubuntu/apps/gotravel/node_modules/twitter-api-v2/dist/cjs/client-mixins/request-handler.helper.js:104:16)
    at RequestHandlerHelper.onResponseEndHandler (/home/ubuntu/apps/gotravel/node_modules/twitter-api-v2/dist/cjs/client-mixins/request-handler.helper.js:262:25)
    at Gunzip.emit (node:events:517:28)
    at endReadableNT (node:internal/streams/readable:1400:12)
    at process.processTicksAndRejections (node:internal/process/task_queues:82:21) {
  error: true,
  type: 'response',
  code: 429,
  headers: {
    date: 'Thu, 01 May 2025 06:00:02 GMT',
    'content-type': 'application/json; charset=utf-8',
    'content-length': '196',
    connection: 'close',
    perf: '7402827104',
    'set-cookie': [
      'guest_id=v1%3A174607920264699984; Max-Age=34214400; Expires=Mon, 01 Jun 2026 06:00:02 GMT; Path=/; Domain=.twitter.com; Secure; SameSite=None',
      '__cf_bm=yKWEKdaa5rgxy_0kAhNqNKr4JPNw6flRuUjHAQdJlSo-1746079202-1.0.1.1-9m7ZM6GyajwCABEDupkadFYHIxKW1Ifozy3c_oBSrNLhJRKPjhj3rfJC.as62LsMe4wBLxCGKyGSzMDbo1wSotDM0FugKSdIWLssr18U6cU; path=/; expires=Thu, 01-May-25 06:30:02 GMT; domain=.twitter.com; HttpOnly; Secure'
    ],
    'api-version': '2.136',
    'cache-control': 'no-cache, no-store, max-age=0',
    'x-access-level': 'read',
    'x-frame-options': 'SAMEORIGIN',
    'content-encoding': 'gzip',
    'x-transaction-id': '48e2a8bff64f323c',
    'x-xss-protection': '0',
    'x-rate-limit-limit': '40000',
    'x-rate-limit-reset': '1746080102',
    'content-disposition': 'attachment; filename=json.json',
    'x-content-type-options': 'nosniff',
    'x-rate-limit-remaining': '39999',
    'strict-transport-security': 'max-age=631138519',
    'x-response-time': '20',
    'x-connection-hash': 'b970fc267289e2edd42b27bdbffc85db1a313a32342bb45823e84ac90b55cea2',
    'cf-cache-status': 'DYNAMIC',
    vary: 'accept-encoding',
    server: 'cloudflare tsa_b',
    'cf-ray': '938d0e685ca1061c-IAD'
  },
  rateLimit: { limit: 40000, remaining: 39999, reset: 1746080102 },
  data: {
    account_id: 1821227857097715700,
    product_name: 'standard-basic',
    title: 'UsageCapExceeded',
    period: 'Monthly',
    scope: 'Product',
    detail: 'Usage cap exceeded: Monthly product cap',
    type: 'https://api.twitter.com/2/problems/usage-capped'
  }
}
Error fetching tweets: ApiResponseError: Request failed with code 429
    at RequestHandlerHelper.createResponseError (/home/ubuntu/apps/gotravel/node_modules/twitter-api-v2/dist/cjs/client-mixins/request-handler.helper.js:104:16)
    at RequestHandlerHelper.onResponseEndHandler (/home/ubuntu/apps/gotravel/node_modules/twitter-api-v2/dist/cjs/client-mixins/request-handler.helper.js:262:25)
    at Gunzip.emit (node:events:517:28)
    at endReadableNT (node:internal/streams/readable:1400:12)
    at process.processTicksAndRejections (node:internal/process/task_queues:82:21) {
  error: true,
  type: 'response',
  code: 429,
  headers: {
    date: 'Fri, 02 May 2025 06:00:01 GMT',
    'content-type': 'application/json; charset=utf-8',
    'content-length': '196',
    connection: 'close',
    perf: '7402827104',
    'set-cookie': [
      'guest_id=v1%3A174616560151999102; Max-Age=34214400; Expires=Tue, 02 Jun 2026 06:00:01 GMT; Path=/; Domain=.twitter.com; Secure; SameSite=None',
      '__cf_bm=cVhyMpGkBG.SKfkstTChE3YviTnV5Z4HT8JtTvNeORw-1746165601-1.0.1.1-9H8uhX7tXjX.o3ZBJhwVzYCOrcZeD8495PFrkGfAqfyyIkYmnjllcOyCOmXLngRYcRdihsu6uEFXLTrsJIGPM9xpXv90PDmWobeiuNfxpfE; path=/; expires=Fri, 02-May-25 06:30:01 GMT; domain=.twitter.com; HttpOnly; Secure'
    ],
    'api-version': '2.136',
    'cache-control': 'no-cache, no-store, max-age=0',
    'x-access-level': 'read',
    'x-frame-options': 'SAMEORIGIN',
    'content-encoding': 'gzip',
    'x-transaction-id': 'fadc0e41837d7c28',
    'x-xss-protection': '0',
    'x-rate-limit-limit': '40000',
    'x-rate-limit-reset': '1746166501',
    'content-disposition': 'attachment; filename=json.json',
    'x-content-type-options': 'nosniff',
    'x-rate-limit-remaining': '39999',
    'strict-transport-security': 'max-age=631138519',
    'x-response-time': '16',
    'x-connection-hash': 'cdd02764eccc1a4a735517bdd30a9173d5340dd8ddb894145cc66d07a6f2087a',
    'cf-cache-status': 'DYNAMIC',
    vary: 'accept-encoding',
    server: 'cloudflare tsa_b',
    'cf-ray': '93954bc159507048-IAD'
  },
  rateLimit: { limit: 40000, remaining: 39999, reset: 1746166501 },
  data: {
    account_id: 1821227857097715700,
    product_name: 'standard-basic',
    title: 'UsageCapExceeded',
    period: 'Monthly',
    scope: 'Product',
    detail: 'Usage cap exceeded: Monthly product cap',
    type: 'https://api.twitter.com/2/problems/usage-capped'
  }
}
Error fetching tweets: ApiResponseError: Request failed with code 429
    at RequestHandlerHelper.createResponseError (/home/ubuntu/apps/gotravel/node_modules/twitter-api-v2/dist/cjs/client-mixins/request-handler.helper.js:104:16)
    at RequestHandlerHelper.onResponseEndHandler (/home/ubuntu/apps/gotravel/node_modules/twitter-api-v2/dist/cjs/client-mixins/request-handler.helper.js:262:25)
    at Gunzip.emit (node:events:517:28)
    at endReadableNT (node:internal/streams/readable:1400:12)
    at process.processTicksAndRejections (node:internal/process/task_queues:82:21) {
  error: true,
  type: 'response',
  code: 429,
  headers: {
    date: 'Sat, 03 May 2025 06:00:01 GMT',
    'content-type': 'application/json; charset=utf-8',
    'content-length': '196',
    connection: 'close',
    perf: '7402827104',
    'set-cookie': [
      'guest_id=v1%3A174625200142067756; Max-Age=34214400; Expires=Wed, 03 Jun 2026 06:00:01 GMT; Path=/; Domain=.twitter.com; Secure; SameSite=None',
      '__cf_bm=rNpfaV4C6td5UoN2eQrSvfRNiINL7ysVVHJ7UEV86T8-1746252001-1.0.1.1-JBYILAmMAa6hpjTUaa3JBegUTvrczrboEp..hiCndnYi7hBghYzwGsRattrmetj2.mECJ.YILtsvdc_jZUSGCalu3JauzWYyLNJBHUUyLkI; path=/; expires=Sat, 03-May-25 06:30:01 GMT; domain=.twitter.com; HttpOnly; Secure'
    ],
    'api-version': '2.137',
    'cache-control': 'no-cache, no-store, max-age=0',
    'x-access-level': 'read',
    'x-frame-options': 'SAMEORIGIN',
    'content-encoding': 'gzip',
    'x-transaction-id': '80c42cd488b5449e',
    'x-xss-protection': '0',
    'x-rate-limit-limit': '40000',
    'x-rate-limit-reset': '1746252901',
    'content-disposition': 'attachment; filename=json.json',
    'x-content-type-options': 'nosniff',
    'x-rate-limit-remaining': '39999',
    'strict-transport-security': 'max-age=631138519',
    'x-response-time': '18',
    'x-connection-hash': '9520c09fbbff0d7db1e7096ad9575c069d25d2e184a5eaaaa40f1dc6c2302de9',
    'cf-cache-status': 'DYNAMIC',
    vary: 'accept-encoding',
    server: 'cloudflare tsa_b',
    'cf-ray': '939d8920bfbe1fd3-IAD'
  },
  rateLimit: { limit: 40000, remaining: 39999, reset: 1746252901 },
  data: {
    account_id: 1821227857097715700,
    product_name: 'standard-basic',
    title: 'UsageCapExceeded',
    period: 'Monthly',
    scope: 'Product',
    detail: 'Usage cap exceeded: Monthly product cap',
    type: 'https://api.twitter.com/2/problems/usage-capped'
  }
}
Error fetching tweets: ApiResponseError: Request failed with code 429
    at RequestHandlerHelper.createResponseError (/home/ubuntu/apps/gotravel/node_modules/twitter-api-v2/dist/cjs/client-mixins/request-handler.helper.js:104:16)
    at RequestHandlerHelper.onResponseEndHandler (/home/ubuntu/apps/gotravel/node_modules/twitter-api-v2/dist/cjs/client-mixins/request-handler.helper.js:262:25)
    at Gunzip.emit (node:events:517:28)
    at endReadableNT (node:internal/streams/readable:1400:12)
    at process.processTicksAndRejections (node:internal/process/task_queues:82:21) {
  error: true,
  type: 'response',
  code: 429,
  headers: {
    date: 'Sun, 04 May 2025 06:00:01 GMT',
    'content-type': 'application/json; charset=utf-8',
    'content-length': '196',
    connection: 'close',
    perf: '7402827104',
    'set-cookie': [
      'guest_id=v1%3A174633840144175069; Max-Age=34214400; Expires=Thu, 04 Jun 2026 06:00:01 GMT; Path=/; Domain=.twitter.com; Secure; SameSite=None',
      '__cf_bm=c.sYcPCTejzzsxanr4laH4r0GuG2ylG68HNl50acWuY-1746338401-1.0.1.1-QPRGz39tO33Ju0LD4dx81xwhbxFw.QMJcwz8U11IQKEMnwfZwD0RbHc7_fwLjDO7pGKf9fImiDkI5wZFldcLfqgwwG7lUoA_Vq91_60QWPU; path=/; expires=Sun, 04-May-25 06:30:01 GMT; domain=.twitter.com; HttpOnly; Secure'
    ],
    'api-version': '2.137',
    'cache-control': 'no-cache, no-store, max-age=0',
    'x-access-level': 'read',
    'x-frame-options': 'SAMEORIGIN',
    'content-encoding': 'gzip',
    'x-transaction-id': '0723c1f50d261235',
    'x-xss-protection': '0',
    'x-rate-limit-limit': '40000',
    'x-rate-limit-reset': '1746339301',
    'content-disposition': 'attachment; filename=json.json',
    'x-content-type-options': 'nosniff',
    'x-rate-limit-remaining': '39999',
    'strict-transport-security': 'max-age=631138519',
    'x-response-time': '17',
    'x-connection-hash': '191bf682715c9cbe4a4d4f1361900bc27d263b83a855ab81b4a561ef6c8f8661',
    vary: 'accept-encoding',
    'cf-cache-status': 'DYNAMIC',
    server: 'cloudflare tsa_b',
    'cf-ray': '93a5c680dfeae603-IAD'
  },
  rateLimit: { limit: 40000, remaining: 39999, reset: 1746339301 },
  data: {
    account_id: 1821227857097715700,
    product_name: 'standard-basic',
    title: 'UsageCapExceeded',
    period: 'Monthly',
    scope: 'Product',
    detail: 'Usage cap exceeded: Monthly product cap',
    type: 'https://api.twitter.com/2/problems/usage-capped'
  }
}
Error fetching tweets: ApiResponseError: Request failed with code 429
    at RequestHandlerHelper.createResponseError (/home/ubuntu/apps/gotravel/node_modules/twitter-api-v2/dist/cjs/client-mixins/request-handler.helper.js:104:16)
    at RequestHandlerHelper.onResponseEndHandler (/home/ubuntu/apps/gotravel/node_modules/twitter-api-v2/dist/cjs/client-mixins/request-handler.helper.js:262:25)
    at Gunzip.emit (node:events:517:28)
    at endReadableNT (node:internal/streams/readable:1400:12)
    at process.processTicksAndRejections (node:internal/process/task_queues:82:21) {
  error: true,
  type: 'response',
  code: 429,
  headers: {
    date: 'Mon, 05 May 2025 06:00:01 GMT',
    'content-type': 'application/json; charset=utf-8',
    'content-length': '94',
    connection: 'close',
    perf: '7402827104',
    'set-cookie': [
      'guest_id=v1%3A174642480165214053; Max-Age=34214400; Expires=Fri, 05 Jun 2026 06:00:01 GMT; Path=/; Domain=.twitter.com; Secure; SameSite=None',
      '__cf_bm=TvnLct9FWC0DQpNK5PgvGn2zKNkN70gZ6qy674uTlWM-1746424801-1.0.1.1-_t85pd9qEFkJin5k.lLPWsQsfUITfvTs.cyv7EiUcl4Y.mrP2pEHuRnFs4zTrhtyYIXlXa_4leScRIKHa0yz4yOR3HKpqyOsY01OyJMe8vw; path=/; expires=Mon, 05-May-25 06:30:01 GMT; domain=.twitter.com; HttpOnly; Secure'
    ],
    'api-version': '2.137',
    'cache-control': 'no-cache, no-store, max-age=0',
    'x-access-level': 'read',
    'x-frame-options': 'SAMEORIGIN',
    'content-encoding': 'gzip',
    'x-transaction-id': 'cad4e3237bc14fb0',
    'x-xss-protection': '0',
    'x-rate-limit-limit': '1',
    'x-rate-limit-reset': '1746425701',
    'content-disposition': 'attachment; filename=json.json',
    'x-content-type-options': 'nosniff',
    'x-rate-limit-remaining': '0',
    'strict-transport-security': 'max-age=631138519',
    'x-response-time': '10',
    'x-connection-hash': '2450322672b47157a01c8aacc10ccb45f1222870f7a0f33af42726ee4338b84c',
    'cf-cache-status': 'DYNAMIC',
    vary: 'accept-encoding',
    server: 'cloudflare tsa_b',
    'cf-ray': '93ae03e22de78248-IAD'
  },
  rateLimit: { limit: 1, remaining: 0, reset: 1746425701 },
  data: {
    title: 'Too Many Requests',
    detail: 'Too Many Requests',
    type: 'about:blank',
    status: 429
  }
}
Error fetching tweets: ApiResponseError: Request failed with code 429
    at RequestHandlerHelper.createResponseError (/home/ubuntu/apps/gotravel/node_modules/twitter-api-v2/dist/cjs/client-mixins/request-handler.helper.js:104:16)
    at RequestHandlerHelper.onResponseEndHandler (/home/ubuntu/apps/gotravel/node_modules/twitter-api-v2/dist/cjs/client-mixins/request-handler.helper.js:262:25)
    at Gunzip.emit (node:events:517:28)
    at endReadableNT (node:internal/streams/readable:1400:12)
    at process.processTicksAndRejections (node:internal/process/task_queues:82:21) {
  error: true,
  type: 'response',
  code: 429,
  headers: {
    date: 'Tue, 06 May 2025 06:00:02 GMT',
    'content-type': 'application/json; charset=utf-8',
    'content-length': '94',
    connection: 'close',
    perf: '7402827104',
    'set-cookie': [
      'guest_id=v1%3A174651120262951904; Max-Age=34214400; Expires=Sat, 06 Jun 2026 06:00:02 GMT; Path=/; Domain=.twitter.com; Secure; SameSite=None',
      '__cf_bm=45N9UN21aFSN2EuwTctvyiqZSzG3d6z6GIP8G6n1pUA-1746511202-1.0.1.1-nbDt_InKvNF8BkVMolCs95OMK4XRWI6efHbFoqHdDccYz8VQBIFT58DQHnksuTIwbl5VllAtYSvpXjmBEPI40pQn_ad2y25lWmfWlV9kCmc; path=/; expires=Tue, 06-May-25 06:30:02 GMT; domain=.twitter.com; HttpOnly; Secure'
    ],
    'api-version': '2.137',
    'cache-control': 'no-cache, no-store, max-age=0',
    'x-access-level': 'read',
    'x-frame-options': 'SAMEORIGIN',
    'content-encoding': 'gzip',
    'x-transaction-id': 'ffebeecb844849d2',
    'x-xss-protection': '0',
    'x-rate-limit-limit': '1',
    'x-rate-limit-reset': '1746512102',
    'content-disposition': 'attachment; filename=json.json',
    'x-content-type-options': 'nosniff',
    'x-rate-limit-remaining': '0',
    'strict-transport-security': 'max-age=631138519',
    'x-response-time': '10',
    'x-connection-hash': '570cd41d6f6e7962a4278d34ea810b8af667a7d7ccba9e4d59628521c3c91bbb',
    vary: 'accept-encoding',
    'cf-cache-status': 'DYNAMIC',
    server: 'cloudflare tsa_b',
    'cf-ray': '93b6414848cb1fdf-IAD'
  },
  rateLimit: { limit: 1, remaining: 0, reset: 1746512102 },
  data: {
    title: 'Too Many Requests',
    detail: 'Too Many Requests',
    type: 'about:blank',
    status: 429
  }
}
Error fetching tweets: ApiResponseError: Request failed with code 429
    at RequestHandlerHelper.createResponseError (/home/ubuntu/apps/gotravel/node_modules/twitter-api-v2/dist/cjs/client-mixins/request-handler.helper.js:104:16)
    at RequestHandlerHelper.onResponseEndHandler (/home/ubuntu/apps/gotravel/node_modules/twitter-api-v2/dist/cjs/client-mixins/request-handler.helper.js:262:25)
    at Gunzip.emit (node:events:517:28)
    at endReadableNT (node:internal/streams/readable:1400:12)
    at process.processTicksAndRejections (node:internal/process/task_queues:82:21) {
  error: true,
  type: 'response',
  code: 429,
  headers: {
    date: 'Wed, 07 May 2025 06:00:01 GMT',
    'content-type': 'application/json; charset=utf-8',
    'content-length': '94',
    connection: 'close',
    perf: '7402827104',
    'set-cookie': [
      'guest_id=v1%3A174659760185753502; Max-Age=34214400; Expires=Sun, 07 Jun 2026 06:00:01 GMT; Path=/; Domain=.twitter.com; Secure; SameSite=None',
      '__cf_bm=2B7sNTbGtQhfVPViHOYzJYcHYT1PHzlvK6pf2KdQQWg-1746597601-1.0.1.1-Wti6uypYv0SVgSPtUvoundInkhLEWmos.HGk1KaiLAK8gnzg1Yiaie7rLmUHhCYwgVajttbfMTs3nwWflYPOqZSpqK_1kFigIW.eag9Fh4w; path=/; expires=Wed, 07-May-25 06:30:01 GMT; domain=.twitter.com; HttpOnly; Secure'
    ],
    'api-version': '2.137',
    'cache-control': 'no-cache, no-store, max-age=0',
    'x-access-level': 'read',
    'x-frame-options': 'SAMEORIGIN',
    'content-encoding': 'gzip',
    'x-transaction-id': '8ca9b78611f9d49d',
    'x-xss-protection': '0',
    'x-rate-limit-limit': '1',
    'x-rate-limit-reset': '1746598501',
    'content-disposition': 'attachment; filename=json.json',
    'x-content-type-options': 'nosniff',
    'x-rate-limit-remaining': '0',
    'strict-transport-security': 'max-age=631138519',
    'x-response-time': '8',
    'x-connection-hash': 'c33b849c7c837bdc7d67a2ca47f567434c8d01b7d9db8f5a5a39381ddb2a73f2',
    vary: 'accept-encoding',
    'cf-cache-status': 'DYNAMIC',
    server: 'cloudflare tsa_b',
    'cf-ray': '93be7ea37ca13914-IAD'
  },
  rateLimit: { limit: 1, remaining: 0, reset: 1746598501 },
  data: {
    title: 'Too Many Requests',
    detail: 'Too Many Requests',
    type: 'about:blank',
    status: 429
  }
}
Fetched 20 tweets, added 11 unique tweets.
Updated tweets file with 20 tweets.
Tweets saved to public/tweets.json
Attempting to clear remote tweet cache...
Clear cache status: 200
Clear cache headers: {"connection":["close"],"content-type":["application/json"],"date":["Thu, 08 May 2025 06:00:01 GMT"],"server":["nginx/1.18.0 (Ubuntu)"],"transfer-encoding":["chunked"],"vary":["RSC, Next-Router-State-Tree, Next-Router-Prefetch"]}
Clear cache response: {"message":"Cache cleared successfully"}
Remote tweet cache cleared successfully
Updating local cache indicator...
Local cache version updated to 32
Fetched 20 tweets, added 8 unique tweets.
Updated tweets file with 20 tweets.
Tweets saved to public/tweets.json
Attempting to clear remote tweet cache...
Clear cache status: 200
Clear cache headers: {"connection":["close"],"content-type":["application/json"],"date":["Fri, 09 May 2025 06:00:02 GMT"],"server":["nginx/1.18.0 (Ubuntu)"],"transfer-encoding":["chunked"],"vary":["RSC, Next-Router-State-Tree, Next-Router-Prefetch"]}
Clear cache response: {"message":"Cache cleared successfully"}
Remote tweet cache cleared successfully
Updating local cache indicator...
Local cache version updated to 33
Fetched 20 tweets, added 8 unique tweets.
Updated tweets file with 20 tweets.
Tweets saved to public/tweets.json
Attempting to clear remote tweet cache...
Clear cache status: 200
Clear cache headers: {"connection":["close"],"content-type":["application/json"],"date":["Sat, 10 May 2025 06:00:01 GMT"],"server":["nginx/1.18.0 (Ubuntu)"],"transfer-encoding":["chunked"],"vary":["RSC, Next-Router-State-Tree, Next-Router-Prefetch"]}
Clear cache response: {"message":"Cache cleared successfully"}
Remote tweet cache cleared successfully
Updating local cache indicator...
Local cache version updated to 34
Error fetching tweets: ApiResponseError: Request failed with code 429
    at RequestHandlerHelper.createResponseError (/home/ubuntu/apps/gotravel/node_modules/twitter-api-v2/dist/cjs/client-mixins/request-handler.helper.js:104:16)
    at RequestHandlerHelper.onResponseEndHandler (/home/ubuntu/apps/gotravel/node_modules/twitter-api-v2/dist/cjs/client-mixins/request-handler.helper.js:262:25)
    at Gunzip.emit (node:events:517:28)
    at endReadableNT (node:internal/streams/readable:1400:12)
    at process.processTicksAndRejections (node:internal/process/task_queues:82:21) {
  error: true,
  type: 'response',
  code: 429,
  headers: {
    date: 'Sun, 11 May 2025 06:00:01 GMT',
    'content-type': 'application/json; charset=utf-8',
    'content-length': '94',
    connection: 'close',
    perf: '7402827104',
    'set-cookie': [
      'guest_id=v1%3A174694320129074063; Max-Age=34214400; Expires=Thu, 11 Jun 2026 06:00:01 GMT; Path=/; Domain=.twitter.com; Secure; SameSite=None',
      '__cf_bm=S2a4wy_2TgijX1OkZ2aF9XSzC0GxVmksnDtVCoV9MUw-1746943201-1.0.1.1-_8u8CubfTmq7CTmPvIbYG5FiTZNn3sM9t6ceYrZs3PpUPM9sp02ypIs0LLPV3G_oZMzNqO0SwtuZtdOqBrc3H4v.k9j2PoLDykY2vhphWNM; path=/; expires=Sun, 11-May-25 06:30:01 GMT; domain=.twitter.com; HttpOnly; Secure'
    ],
    'api-version': '2.137',
    'cache-control': 'no-cache, no-store, max-age=0',
    'x-access-level': 'read',
    'x-frame-options': 'SAMEORIGIN',
    'content-encoding': 'gzip',
    'x-transaction-id': '8b488d9d98f3d5c1',
    'x-xss-protection': '0',
    'x-rate-limit-limit': '1',
    'x-rate-limit-reset': '1746944101',
    'content-disposition': 'attachment; filename=json.json',
    'x-content-type-options': 'nosniff',
    'x-rate-limit-remaining': '0',
    'strict-transport-security': 'max-age=631138519',
    'x-response-time': '21',
    'x-connection-hash': '248ddd1630f21bf1a72f21b462bf3835c6497eb618cedd8cd9c3069b6e33e7aa',
    'cf-cache-status': 'DYNAMIC',
    vary: 'accept-encoding',
    server: 'cloudflare tsa_b',
    'cf-ray': '93df741fee3c05a0-IAD'
  },
  rateLimit: { limit: 1, remaining: 0, reset: 1746944101 },
  data: {
    title: 'Too Many Requests',
    detail: 'Too Many Requests',
    type: 'about:blank',
    status: 429
  }
}
Error fetching tweets: ApiResponseError: Request failed with code 429
    at RequestHandlerHelper.createResponseError (/home/ubuntu/apps/gotravel/node_modules/twitter-api-v2/dist/cjs/client-mixins/request-handler.helper.js:104:16)
    at RequestHandlerHelper.onResponseEndHandler (/home/ubuntu/apps/gotravel/node_modules/twitter-api-v2/dist/cjs/client-mixins/request-handler.helper.js:262:25)
    at Gunzip.emit (node:events:517:28)
    at endReadableNT (node:internal/streams/readable:1400:12)
    at process.processTicksAndRejections (node:internal/process/task_queues:82:21) {
  error: true,
  type: 'response',
  code: 429,
  headers: {
    date: 'Mon, 12 May 2025 06:00:02 GMT',
    'content-type': 'application/json; charset=utf-8',
    'content-length': '94',
    connection: 'close',
    perf: '7402827104',
    'set-cookie': [
      'guest_id=v1%3A174702960255049795; Max-Age=34214400; Expires=Fri, 12 Jun 2026 06:00:02 GMT; Path=/; Domain=.twitter.com; Secure; SameSite=None',
      '__cf_bm=1PwHmeKZRynQX66Ip91.QxCs2fIn354rjA6QVrs7Nuc-1747029602-1.0.1.1-hkhiF7PkUBBkcB1uR47tzxJgB8yZ895UC9SEPf.7ctxzX.s2DTshbs1jQMk58dDjmlD4LU2QMz0ce3FRz9e_G6Wcc2_osyfPKjXF7xutd_k; path=/; expires=Mon, 12-May-25 06:30:02 GMT; domain=.twitter.com; HttpOnly; Secure'
    ],
    'api-version': '2.137',
    'cache-control': 'no-cache, no-store, max-age=0',
    'x-access-level': 'read',
    'x-frame-options': 'SAMEORIGIN',
    'content-encoding': 'gzip',
    'x-transaction-id': '54935f6a4b455389',
    'x-xss-protection': '0',
    'x-rate-limit-limit': '1',
    'x-rate-limit-reset': '1747030502',
    'content-disposition': 'attachment; filename=json.json',
    'x-content-type-options': 'nosniff',
    'x-rate-limit-remaining': '0',
    'strict-transport-security': 'max-age=631138519',
    'x-response-time': '10',
    'x-connection-hash': 'ffdf159168bd6c95520a8a72f726bc2fa9321d8ed6c1294956601d4447bedd9b',
    vary: 'accept-encoding',
    'cf-cache-status': 'DYNAMIC',
    server: 'cloudflare tsa_b',
    'cf-ray': '93e7b187cc600568-IAD'
  },
  rateLimit: { limit: 1, remaining: 0, reset: 1747030502 },
  data: {
    title: 'Too Many Requests',
    detail: 'Too Many Requests',
    type: 'about:blank',
    status: 429
  }
}
Error fetching tweets: ApiResponseError: Request failed with code 429
    at RequestHandlerHelper.createResponseError (/home/ubuntu/apps/gotravel/node_modules/twitter-api-v2/dist/cjs/client-mixins/request-handler.helper.js:104:16)
    at RequestHandlerHelper.onResponseEndHandler (/home/ubuntu/apps/gotravel/node_modules/twitter-api-v2/dist/cjs/client-mixins/request-handler.helper.js:262:25)
    at Gunzip.emit (node:events:517:28)
    at endReadableNT (node:internal/streams/readable:1400:12)
    at process.processTicksAndRejections (node:internal/process/task_queues:82:21) {
  error: true,
  type: 'response',
  code: 429,
  headers: {
    date: 'Tue, 13 May 2025 06:00:02 GMT',
    'content-type': 'application/json; charset=utf-8',
    'content-length': '196',
    connection: 'close',
    perf: '7402827104',
    'set-cookie': [
      'guest_id=v1%3A174711600257973109; Max-Age=34214400; Expires=Sat, 13 Jun 2026 06:00:02 GMT; Path=/; Domain=.twitter.com; Secure; SameSite=None',
      '__cf_bm=p82njbD_YlQ3n0aY2gZFQd2PjPB2KIRB0gCA8PeVdQo-1747116002-1.0.1.1-VKQJdvI1sZ_R_C8rZeaYFyGLcQERjdB1GcCcybistaOQ4gMkeIbwHkMeJM.rIBmr_kDwKplfcIRnDWp85MOSEB5s5NOZhqhy48PsGAWPECI; path=/; expires=Tue, 13-May-25 06:30:02 GMT; domain=.twitter.com; HttpOnly; Secure'
    ],
    'api-version': '2.138',
    'cache-control': 'no-cache, no-store, max-age=0',
    'x-access-level': 'read',
    'x-frame-options': 'SAMEORIGIN',
    'content-encoding': 'gzip',
    'x-transaction-id': '5d599b1aead0fd6c',
    'x-xss-protection': '0',
    'x-rate-limit-limit': '40000',
    'x-rate-limit-reset': '1747116902',
    'content-disposition': 'attachment; filename=json.json',
    'x-content-type-options': 'nosniff',
    'x-rate-limit-remaining': '39999',
    'strict-transport-security': 'max-age=631138519',
    'x-response-time': '18',
    'x-connection-hash': '1357bf77e2328443506099f20c664161db87b53ce001e4afc31cf6cf25b497f2',
    vary: 'accept-encoding',
    'cf-cache-status': 'DYNAMIC',
    server: 'cloudflare tsa_b',
    'cf-ray': '93efeee7fe2500be-IAD'
  },
  rateLimit: { limit: 40000, remaining: 39999, reset: 1747116902 },
  data: {
    account_id: 1821227857097715700,
    product_name: 'standard-basic',
    title: 'UsageCapExceeded',
    period: 'Monthly',
    scope: 'Product',
    detail: 'Usage cap exceeded: Monthly product cap',
    type: 'https://api.twitter.com/2/problems/usage-capped'
  }
}
Error fetching tweets: ApiResponseError: Request failed with code 429
    at RequestHandlerHelper.createResponseError (/home/ubuntu/apps/gotravel/node_modules/twitter-api-v2/dist/cjs/client-mixins/request-handler.helper.js:104:16)
    at RequestHandlerHelper.onResponseEndHandler (/home/ubuntu/apps/gotravel/node_modules/twitter-api-v2/dist/cjs/client-mixins/request-handler.helper.js:262:25)
    at Gunzip.emit (node:events:517:28)
    at endReadableNT (node:internal/streams/readable:1400:12)
    at process.processTicksAndRejections (node:internal/process/task_queues:82:21) {
  error: true,
  type: 'response',
  code: 429,
  headers: {
    date: 'Wed, 14 May 2025 06:00:02 GMT',
    'content-type': 'application/json; charset=utf-8',
    'content-length': '196',
    connection: 'close',
    perf: '7402827104',
    'set-cookie': [
      'guest_id=v1%3A174720240201588368; Max-Age=34214400; Expires=Sun, 14 Jun 2026 06:00:02 GMT; Path=/; Domain=.twitter.com; Secure; SameSite=None',
      '__cf_bm=yEjaBlVR0m9OBN3GvjDo_5B_nuVnN7cW.CY5IublVCU-1747202402-1.0.1.1-WNpR1aZi34GSd2QMRaw_UcJOmKKuw1B7XvRbfdltsUkR66qqpZeoQwR9MSaND.cM4FDCrt3DVS4LeDUVsnq89SSDN.n.j_1WKfXtxyeXQlU; path=/; expires=Wed, 14-May-25 06:30:02 GMT; domain=.twitter.com; HttpOnly; Secure'
    ],
    'api-version': '2.138',
    'cache-control': 'no-cache, no-store, max-age=0',
    'x-access-level': 'read',
    'x-frame-options': 'SAMEORIGIN',
    'content-encoding': 'gzip',
    'x-transaction-id': 'a5a52f635f18158a',
    'x-xss-protection': '0',
    'x-rate-limit-limit': '40000',
    'x-rate-limit-reset': '1747203302',
    'content-disposition': 'attachment; filename=json.json',
    'x-content-type-options': 'nosniff',
    'x-rate-limit-remaining': '39999',
    'strict-transport-security': 'max-age=631138519',
    'x-response-time': '16',
    'x-connection-hash': 'eb314754cf17547503d7988d99e10829de58b0b334a2af1106c6e090dd6a707d',
    vary: 'accept-encoding',
    'cf-cache-status': 'DYNAMIC',
    server: 'cloudflare tsa_b',
    'cf-ray': '93f82c446fc89c2a-IAD'
  },
  rateLimit: { limit: 40000, remaining: 39999, reset: 1747203302 },
  data: {
    account_id: 1821227857097715700,
    product_name: 'standard-basic',
    title: 'UsageCapExceeded',
    period: 'Monthly',
    scope: 'Product',
    detail: 'Usage cap exceeded: Monthly product cap',
    type: 'https://api.twitter.com/2/problems/usage-capped'
  }
}
Error fetching tweets: ApiResponseError: Request failed with code 429
    at RequestHandlerHelper.createResponseError (/home/ubuntu/apps/gotravel/node_modules/twitter-api-v2/dist/cjs/client-mixins/request-handler.helper.js:104:16)
    at RequestHandlerHelper.onResponseEndHandler (/home/ubuntu/apps/gotravel/node_modules/twitter-api-v2/dist/cjs/client-mixins/request-handler.helper.js:262:25)
    at Gunzip.emit (node:events:517:28)
    at endReadableNT (node:internal/streams/readable:1400:12)
    at process.processTicksAndRejections (node:internal/process/task_queues:82:21) {
  error: true,
  type: 'response',
  code: 429,
  headers: {
    date: 'Thu, 15 May 2025 06:00:01 GMT',
    'content-type': 'application/json; charset=utf-8',
    'content-length': '94',
    connection: 'close',
    perf: '7402827104',
    'set-cookie': [
      'guest_id=v1%3A174728880150746297; Max-Age=34214400; Expires=Mon, 15 Jun 2026 06:00:01 GMT; Path=/; Domain=.twitter.com; Secure; SameSite=None',
      '__cf_bm=LBbZ_KKDPzXCpPG4YABMWNT3wmVbqqVXU07wDxWNVmc-1747288801-1.0.1.1-bSR2JmFHwzOIRc8gAXjsyVtJraI6vr7aY2Ma1KTtfmOKKYfb0erXP3.txz9I8kV0VFsUt.Ts1zK4qyyEpARFtO.ewkfayH0R30iQ62TUoPs; path=/; expires=Thu, 15-May-25 06:30:01 GMT; domain=.twitter.com; HttpOnly; Secure'
    ],
    'api-version': '2.138',
    'cache-control': 'no-cache, no-store, max-age=0',
    'x-access-level': 'read',
    'x-frame-options': 'SAMEORIGIN',
    'content-encoding': 'gzip',
    'x-transaction-id': '4bfdcd81e4b876e2',
    'x-xss-protection': '0',
    'x-rate-limit-limit': '1',
    'x-rate-limit-reset': '1747289701',
    'content-disposition': 'attachment; filename=json.json',
    'x-content-type-options': 'nosniff',
    'x-rate-limit-remaining': '0',
    'strict-transport-security': 'max-age=631138519',
    'x-response-time': '13',
    'x-connection-hash': 'bcbcc34ef433762480f4ef8fc67319286d96f1d9c4a5c5598400d877e025de91',
    vary: 'accept-encoding',
    'cf-cache-status': 'DYNAMIC',
    server: 'cloudflare tsa_b',
    'cf-ray': '940069a14b6e1743-IAD'
  },
  rateLimit: { limit: 1, remaining: 0, reset: 1747289701 },
  data: {
    title: 'Too Many Requests',
    detail: 'Too Many Requests',
    type: 'about:blank',
    status: 429
  }
}
Error fetching tweets: ApiResponseError: Request failed with code 429
    at RequestHandlerHelper.createResponseError (/home/ubuntu/apps/gotravel/node_modules/twitter-api-v2/dist/cjs/client-mixins/request-handler.helper.js:104:16)
    at RequestHandlerHelper.onResponseEndHandler (/home/ubuntu/apps/gotravel/node_modules/twitter-api-v2/dist/cjs/client-mixins/request-handler.helper.js:262:25)
    at Gunzip.emit (node:events:517:28)
    at endReadableNT (node:internal/streams/readable:1400:12)
    at process.processTicksAndRejections (node:internal/process/task_queues:82:21) {
  error: true,
  type: 'response',
  code: 429,
  headers: {
    date: 'Fri, 16 May 2025 06:00:02 GMT',
    'content-type': 'application/json; charset=utf-8',
    'content-length': '94',
    connection: 'close',
    perf: '7402827104',
    'set-cookie': [
      'guest_id=v1%3A174737520257835643; Max-Age=34214400; Expires=Tue, 16 Jun 2026 06:00:02 GMT; Path=/; Domain=.twitter.com; Secure; SameSite=None',
      '__cf_bm=pQ39_PNVxZT8fP7sDFTAgQ2tnu9IHeTxosmBYRqCxms-1747375202-1.0.1.1-_keZOcLA1o391LMWQek8XFIn6E089RCopXTfKf1HSFHQ_yyX3GK.MH70Ls0fjkd_09gbEFmrSO9wOf9UB1V9R6lXhicF9n1O1zDfbsrMxNQ; path=/; expires=Fri, 16-May-25 06:30:02 GMT; domain=.twitter.com; HttpOnly; Secure'
    ],
    'api-version': '2.138',
    'cache-control': 'no-cache, no-store, max-age=0',
    'x-access-level': 'read',
    'x-frame-options': 'SAMEORIGIN',
    'content-encoding': 'gzip',
    'x-transaction-id': '775ecca657e9e1da',
    'x-xss-protection': '0',
    'x-rate-limit-limit': '1',
    'x-rate-limit-reset': '1747376102',
    'content-disposition': 'attachment; filename=json.json',
    'x-content-type-options': 'nosniff',
    'x-rate-limit-remaining': '0',
    'strict-transport-security': 'max-age=631138519',
    'x-response-time': '9',
    'x-connection-hash': '53f7ae16e752ad8575adac8d47073d34489bbfe258aa6c7c5795e496993bef78',
    vary: 'accept-encoding',
    'cf-cache-status': 'DYNAMIC',
    server: 'cloudflare tsa_b',
    'cf-ray': '9408a707dd95595c-IAD'
  },
  rateLimit: { limit: 1, remaining: 0, reset: 1747376102 },
  data: {
    title: 'Too Many Requests',
    detail: 'Too Many Requests',
    type: 'about:blank',
    status: 429
  }
}
Error fetching tweets: ApiResponseError: Request failed with code 429
    at RequestHandlerHelper.createResponseError (/home/ubuntu/apps/gotravel/node_modules/twitter-api-v2/dist/cjs/client-mixins/request-handler.helper.js:104:16)
    at RequestHandlerHelper.onResponseEndHandler (/home/ubuntu/apps/gotravel/node_modules/twitter-api-v2/dist/cjs/client-mixins/request-handler.helper.js:262:25)
    at Gunzip.emit (node:events:517:28)
    at endReadableNT (node:internal/streams/readable:1400:12)
    at process.processTicksAndRejections (node:internal/process/task_queues:82:21) {
  error: true,
  type: 'response',
  code: 429,
  headers: {
    date: 'Sat, 17 May 2025 06:00:01 GMT',
    'content-type': 'application/json; charset=utf-8',
    'content-length': '94',
    connection: 'close',
    perf: '7402827104',
    'set-cookie': [
      'guest_id=v1%3A174746160140657961; Max-Age=34214400; Expires=Wed, 17 Jun 2026 06:00:01 GMT; Path=/; Domain=.twitter.com; Secure; SameSite=None',
      '__cf_bm=OuH1io2cjeN8IOVOdnEMxya6NzsIrN.11xic0EiYEXY-1747461601-1.0.1.1-LMx66akhjTNGO9oKuABer.NTC_M.a5DgZCrJ3NUTey.0bBBIcPJe_l76T.RVMzfsisIwMfjaebZ_mPpy.1qAm7eq25_7OjD3ceg8AP6Foms; path=/; expires=Sat, 17-May-25 06:30:01 GMT; domain=.twitter.com; HttpOnly; Secure'
    ],
    'api-version': '2.138',
    'cache-control': 'no-cache, no-store, max-age=0',
    'x-access-level': 'read',
    'x-frame-options': 'SAMEORIGIN',
    'content-encoding': 'gzip',
    'x-transaction-id': 'ec2afab4ec4e3237',
    'x-xss-protection': '0',
    'x-rate-limit-limit': '1',
    'x-rate-limit-reset': '1747462501',
    'content-disposition': 'attachment; filename=json.json',
    'x-content-type-options': 'nosniff',
    'x-rate-limit-remaining': '0',
    'strict-transport-security': 'max-age=631138519',
    'x-response-time': '15',
    'x-connection-hash': '4e9b1579d13d3c188606ecb82355c96c4e4fc0a656849dd2e364bad0218b59ae',
    vary: 'accept-encoding',
    'cf-cache-status': 'DYNAMIC',
    server: 'cloudflare tsa_b',
    'cf-ray': '9410e460a81d7fb8-IAD'
  },
  rateLimit: { limit: 1, remaining: 0, reset: 1747462501 },
  data: {
    title: 'Too Many Requests',
    detail: 'Too Many Requests',
    type: 'about:blank',
    status: 429
  }
}
Error fetching tweets: ApiResponseError: Request failed with code 429
    at RequestHandlerHelper.createResponseError (/home/ubuntu/apps/gotravel/node_modules/twitter-api-v2/dist/cjs/client-mixins/request-handler.helper.js:104:16)
    at RequestHandlerHelper.onResponseEndHandler (/home/ubuntu/apps/gotravel/node_modules/twitter-api-v2/dist/cjs/client-mixins/request-handler.helper.js:262:25)
    at Gunzip.emit (node:events:517:28)
    at endReadableNT (node:internal/streams/readable:1400:12)
    at process.processTicksAndRejections (node:internal/process/task_queues:82:21) {
  error: true,
  type: 'response',
  code: 429,
  headers: {
    date: 'Sun, 18 May 2025 06:00:02 GMT',
    'content-type': 'application/json; charset=utf-8',
    'content-length': '94',
    connection: 'close',
    perf: '7402827104',
    'set-cookie': [
      'guest_id=v1%3A174754800273804141; Max-Age=34214400; Expires=Thu, 18 Jun 2026 06:00:02 GMT; Path=/; Domain=.twitter.com; Secure; SameSite=None',
      '__cf_bm=JXjMhiT5IJD8GvdSe7Ro7B4.eR4_WcCOZ38bFxNLNr8-1747548002-1.0.1.1-BRB44IgZD4zMdvY4C2poKtp1jNwmwdd8mdaIaPxqpXrQCpSQi6rp3yG9sh0lM2ZOeW7VZRPBEQzRCB3TgMrUTAQWq76CXpBDDc4.GZqROmk; path=/; expires=Sun, 18-May-25 06:30:02 GMT; domain=.twitter.com; HttpOnly; Secure'
    ],
    'api-version': '2.138',
    'cache-control': 'no-cache, no-store, max-age=0',
    'x-access-level': 'read',
    'x-frame-options': 'SAMEORIGIN',
    'content-encoding': 'gzip',
    'x-transaction-id': '94c45fbb869368f3',
    'x-xss-protection': '0',
    'x-rate-limit-limit': '1',
    'x-rate-limit-reset': '1747548902',
    'content-disposition': 'attachment; filename=json.json',
    'x-content-type-options': 'nosniff',
    'x-rate-limit-remaining': '0',
    'strict-transport-security': 'max-age=631138519',
    'x-response-time': '11',
    'x-connection-hash': 'dec63e05c25b2e1521e204fb4ce33607b1bde808f82e841e418ae441b34abcf7',
    'cf-cache-status': 'DYNAMIC',
    vary: 'accept-encoding',
    server: 'cloudflare tsa_b',
    'cf-ray': '941921c8fd958844-IAD'
  },
  rateLimit: { limit: 1, remaining: 0, reset: 1747548902 },
  data: {
    title: 'Too Many Requests',
    detail: 'Too Many Requests',
    type: 'about:blank',
    status: 429
  }
}
Error fetching tweets: ApiResponseError: Request failed with code 429
    at RequestHandlerHelper.createResponseError (/home/ubuntu/apps/gotravel/node_modules/twitter-api-v2/dist/cjs/client-mixins/request-handler.helper.js:104:16)
    at RequestHandlerHelper.onResponseEndHandler (/home/ubuntu/apps/gotravel/node_modules/twitter-api-v2/dist/cjs/client-mixins/request-handler.helper.js:262:25)
    at Gunzip.emit (node:events:517:28)
    at endReadableNT (node:internal/streams/readable:1400:12)
    at process.processTicksAndRejections (node:internal/process/task_queues:82:21) {
  error: true,
  type: 'response',
  code: 429,
  headers: {
    date: 'Mon, 19 May 2025 06:00:02 GMT',
    'content-type': 'application/json; charset=utf-8',
    'content-length': '196',
    connection: 'close',
    perf: '7402827104',
    'set-cookie': [
      'guest_id=v1%3A174763440232958187; Max-Age=34214400; Expires=Fri, 19 Jun 2026 06:00:02 GMT; Path=/; Domain=.twitter.com; Secure; SameSite=None',
      '__cf_bm=hbMVJfPqbd1_GNxS.OZrT4UnAQ1bL2FXUFM1esNXvEE-1747634402-1.0.1.1-Y8HbDWjlFEM_FmPllVTr9ZJhqPwQ.nmtIIfQrimJt2bm3qtAaQ5EdiyVC1oQKJnH.MOomo3e6vVf0ioMSUp_SiZpvhAf4WXOkwVBwSoIgWk; path=/; expires=Mon, 19-May-25 06:30:02 GMT; domain=.twitter.com; HttpOnly; Secure'
    ],
    'api-version': '2.138',
    'cache-control': 'no-cache, no-store, max-age=0',
    'x-access-level': 'read',
    'x-frame-options': 'SAMEORIGIN',
    'content-encoding': 'gzip',
    'x-transaction-id': '93e5a64fb9bf743a',
    'x-xss-protection': '0',
    'x-rate-limit-limit': '40000',
    'x-rate-limit-reset': '1747635302',
    'content-disposition': 'attachment; filename=json.json',
    'x-content-type-options': 'nosniff',
    'x-rate-limit-remaining': '39999',
    'strict-transport-security': 'max-age=631138519',
    'x-response-time': '18',
    'x-connection-hash': '38672a15c5b211a17284cb99164ead659b5085ef1f6b8fcca291d83a52dc0b7f',
    'cf-cache-status': 'DYNAMIC',
    vary: 'accept-encoding',
    server: 'cloudflare tsa_b',
    'cf-ray': '94215f265e189c30-IAD'
  },
  rateLimit: { limit: 40000, remaining: 39999, reset: 1747635302 },
  data: {
    account_id: 1821227857097715700,
    product_name: 'standard-basic',
    title: 'UsageCapExceeded',
    period: 'Monthly',
    scope: 'Product',
    detail: 'Usage cap exceeded: Monthly product cap',
    type: 'https://api.twitter.com/2/problems/usage-capped'
  }
}
Error fetching tweets: ApiResponseError: Request failed with code 429
    at RequestHandlerHelper.createResponseError (/home/ubuntu/apps/gotravel/node_modules/twitter-api-v2/dist/cjs/client-mixins/request-handler.helper.js:104:16)
    at RequestHandlerHelper.onResponseEndHandler (/home/ubuntu/apps/gotravel/node_modules/twitter-api-v2/dist/cjs/client-mixins/request-handler.helper.js:262:25)
    at Gunzip.emit (node:events:517:28)
    at endReadableNT (node:internal/streams/readable:1400:12)
    at process.processTicksAndRejections (node:internal/process/task_queues:82:21) {
  error: true,
  type: 'response',
  code: 429,
  headers: {
    date: 'Tue, 20 May 2025 06:00:02 GMT',
    'content-type': 'application/json; charset=utf-8',
    'content-length': '94',
    connection: 'close',
    perf: '7402827104',
    'set-cookie': [
      'guest_id=v1%3A174772080264508054; Max-Age=34214400; Expires=Sat, 20 Jun 2026 06:00:02 GMT; Path=/; Domain=.twitter.com; Secure; SameSite=None',
      '__cf_bm=Z9niNOXJeM_9Vw4uIksIhWvXgn873.EhuUdZdRQ49wQ-1747720802-1.0.1.1-NsIhdJp7HuryxV0qzCrDES8JGwNF.NVFC6X08lHh6ROwPFJ9KSRCsJr4y45a2n_64_Q_lqlM1Qz.zAQF6cGP.XUYtqIzC2OfMLspiUWnqZk; path=/; expires=Tue, 20-May-25 06:30:02 GMT; domain=.twitter.com; HttpOnly; Secure'
    ],
    'api-version': '2.138',
    'cache-control': 'no-cache, no-store, max-age=0',
    'x-access-level': 'read',
    'x-frame-options': 'SAMEORIGIN',
    'content-encoding': 'gzip',
    'x-transaction-id': 'b58a5a44757fa2e9',
    'x-xss-protection': '0',
    'x-rate-limit-limit': '1',
    'x-rate-limit-reset': '1747721702',
    'content-disposition': 'attachment; filename=json.json',
    'x-content-type-options': 'nosniff',
    'x-rate-limit-remaining': '0',
    'strict-transport-security': 'max-age=631138519',
    'x-response-time': '10',
    'x-connection-hash': 'fbd2d0fe31bce407943a98040b83738da1e670959d36d83372c5980c0d92a9b4',
    'cf-cache-status': 'DYNAMIC',
    vary: 'accept-encoding',
    server: 'cloudflare tsa_b',
    'cf-ray': '94299c885b65f289-IAD'
  },
  rateLimit: { limit: 1, remaining: 0, reset: 1747721702 },
  data: {
    title: 'Too Many Requests',
    detail: 'Too Many Requests',
    type: 'about:blank',
    status: 429
  }
}
Error fetching tweets: ApiResponseError: Request failed with code 429
    at RequestHandlerHelper.createResponseError (/home/ubuntu/apps/gotravel/node_modules/twitter-api-v2/dist/cjs/client-mixins/request-handler.helper.js:104:16)
    at RequestHandlerHelper.onResponseEndHandler (/home/ubuntu/apps/gotravel/node_modules/twitter-api-v2/dist/cjs/client-mixins/request-handler.helper.js:262:25)
    at Gunzip.emit (node:events:517:28)
    at endReadableNT (node:internal/streams/readable:1400:12)
    at process.processTicksAndRejections (node:internal/process/task_queues:82:21) {
  error: true,
  type: 'response',
  code: 429,
  headers: {
    date: 'Wed, 21 May 2025 06:00:01 GMT',
    'content-type': 'application/json; charset=utf-8',
    'content-length': '94',
    connection: 'close',
    perf: '7402827104',
    'set-cookie': [
      'guest_id=v1%3A174780720170614514; Max-Age=34214400; Expires=Sun, 21 Jun 2026 06:00:01 GMT; Path=/; Domain=.twitter.com; Secure; SameSite=None',
      '__cf_bm=xu2YCDeV_QShrNcTHm.vPr93ISfw9KPg_Uhf_o3tJC8-1747807201-1.0.1.1-vAWQJw.t__Z9EOZUGQ7zxivR4Si3WIF3uWPhyOFDcIvxfJuTjpA0NltTTFuAk0uEhZy5.mWDDkVvobGeJOrCIpeK0yP2KYktwspKmhXnyAM; path=/; expires=Wed, 21-May-25 06:30:01 GMT; domain=.twitter.com; HttpOnly; Secure'
    ],
    'api-version': '2.138',
    'cache-control': 'no-cache, no-store, max-age=0',
    'x-access-level': 'read',
    'x-frame-options': 'SAMEORIGIN',
    'content-encoding': 'gzip',
    'x-transaction-id': '9235c7400cad4c71',
    'x-xss-protection': '0',
    'x-rate-limit-limit': '1',
    'x-rate-limit-reset': '1747808101',
    'content-disposition': 'attachment; filename=json.json',
    'x-content-type-options': 'nosniff',
    'x-rate-limit-remaining': '0',
    'strict-transport-security': 'max-age=631138519',
    'x-response-time': '15',
    'x-connection-hash': '27b742e1f61f8b56391301e26b8c1156a7595f8bf57c0a40e87445a6adeb3263',
    vary: 'accept-encoding',
    'cf-cache-status': 'DYNAMIC',
    server: 'cloudflare tsa_b',
    'cf-ray': '9431d9e28ec49c46-IAD'
  },
  rateLimit: { limit: 1, remaining: 0, reset: 1747808101 },
  data: {
    title: 'Too Many Requests',
    detail: 'Too Many Requests',
    type: 'about:blank',
    status: 429
  }
}
Error fetching tweets: ApiResponseError: Request failed with code 429
    at RequestHandlerHelper.createResponseError (/home/ubuntu/apps/gotravel/node_modules/twitter-api-v2/dist/cjs/client-mixins/request-handler.helper.js:104:16)
    at RequestHandlerHelper.onResponseEndHandler (/home/ubuntu/apps/gotravel/node_modules/twitter-api-v2/dist/cjs/client-mixins/request-handler.helper.js:262:25)
    at Gunzip.emit (node:events:517:28)
    at endReadableNT (node:internal/streams/readable:1400:12)
    at process.processTicksAndRejections (node:internal/process/task_queues:82:21) {
  error: true,
  type: 'response',
  code: 429,
  headers: {
    date: 'Thu, 22 May 2025 06:00:02 GMT',
    'content-type': 'application/json; charset=utf-8',
    'content-length': '94',
    connection: 'close',
    perf: '7402827104',
    'set-cookie': [
      'guest_id=v1%3A174789360236360473; Max-Age=34214400; Expires=Mon, 22 Jun 2026 06:00:02 GMT; Path=/; Domain=.twitter.com; Secure; SameSite=None',
      '__cf_bm=g9Ys77h1QFobqLdL9qLvTyFA4s20kRfVehgGseLvv.w-1747893602-1.0.1.1-kjA718XhMOxViqLBu5Jet1ueWgO9Y.BXKZy22lRsSQ.e.UttcGAJfOFu.LyY3lv4Ii05kzETL0WBqFTn7PHPeLpb7mNHUGP4nHlsWzx1zZ8; path=/; expires=Thu, 22-May-25 06:30:02 GMT; domain=.twitter.com; HttpOnly; Secure'
    ],
    'api-version': '2.138',
    'cache-control': 'no-cache, no-store, max-age=0',
    'x-access-level': 'read',
    'x-frame-options': 'SAMEORIGIN',
    'content-encoding': 'gzip',
    'x-transaction-id': '527a8d37f116f8ad',
    'x-xss-protection': '0',
    'x-rate-limit-limit': '1',
    'x-rate-limit-reset': '1747894502',
    'content-disposition': 'attachment; filename=json.json',
    'x-content-type-options': 'nosniff',
    'x-rate-limit-remaining': '0',
    'strict-transport-security': 'max-age=631138519',
    'x-response-time': '18',
    'x-connection-hash': 'ac112d6cdd21846b22ccb682502dfb6b4624efbda76bbc50f64c0cab75c21c43',
    vary: 'accept-encoding',
    'cf-cache-status': 'DYNAMIC',
    server: 'cloudflare tsa_b',
    'cf-ray': '943a17469ee3e5c1-IAD'
  },
  rateLimit: { limit: 1, remaining: 0, reset: 1747894502 },
  data: {
    title: 'Too Many Requests',
    detail: 'Too Many Requests',
    type: 'about:blank',
    status: 429
  }
}
Error fetching tweets: ApiResponseError: Request failed with code 429
    at RequestHandlerHelper.createResponseError (/home/ubuntu/apps/gotravel/node_modules/twitter-api-v2/dist/cjs/client-mixins/request-handler.helper.js:104:16)
    at RequestHandlerHelper.onResponseEndHandler (/home/ubuntu/apps/gotravel/node_modules/twitter-api-v2/dist/cjs/client-mixins/request-handler.helper.js:262:25)
    at Gunzip.emit (node:events:517:28)
    at endReadableNT (node:internal/streams/readable:1400:12)
    at process.processTicksAndRejections (node:internal/process/task_queues:82:21) {
  error: true,
  type: 'response',
  code: 429,
  headers: {
    date: 'Fri, 23 May 2025 06:00:02 GMT',
    'content-type': 'application/json; charset=utf-8',
    'content-length': '196',
    connection: 'close',
    perf: '7402827104',
    'set-cookie': [
      'guest_id=v1%3A174798000250473353; Max-Age=34214400; Expires=Tue, 23 Jun 2026 06:00:02 GMT; Path=/; Domain=.twitter.com; Secure; SameSite=None',
      '__cf_bm=C_cUaHHWaxg6qbsYms_8Y8XqE56qwgCM_Ungd5BVUqA-1747980002-1.0.1.1-3q_pOlkOk6chZzURH6hrc3G_ic5yGlKVDfKGeRIJ6Wis8VYHM0Sn5zpYwhvXYFQ8SncYNGbLi9VCk5STKTtqjkBpvkZWt0luA21PXldO5gA; path=/; expires=Fri, 23-May-25 06:30:02 GMT; domain=.twitter.com; HttpOnly; Secure'
    ],
    'api-version': '2.138',
    'cache-control': 'no-cache, no-store, max-age=0',
    'x-access-level': 'read',
    'x-frame-options': 'SAMEORIGIN',
    'content-encoding': 'gzip',
    'x-transaction-id': '9f6b31978bd76751',
    'x-xss-protection': '0',
    'x-rate-limit-limit': '40000',
    'x-rate-limit-reset': '1747980902',
    'content-disposition': 'attachment; filename=json.json',
    'x-content-type-options': 'nosniff',
    'x-rate-limit-remaining': '39999',
    'strict-transport-security': 'max-age=631138519',
    'x-response-time': '19',
    'x-connection-hash': 'cc604fe8e08108ee2946927f889fd1a8a2bb64aeea2876b40f5239220caefca2',
    vary: 'accept-encoding',
    'cf-cache-status': 'DYNAMIC',
    server: 'cloudflare tsa_b',
    'cf-ray': '944254a77de71e81-IAD'
  },
  rateLimit: { limit: 40000, remaining: 39999, reset: 1747980902 },
  data: {
    account_id: 1821227857097715700,
    product_name: 'standard-basic',
    title: 'UsageCapExceeded',
    period: 'Monthly',
    scope: 'Product',
    detail: 'Usage cap exceeded: Monthly product cap',
    type: 'https://api.twitter.com/2/problems/usage-capped'
  }
}
Error fetching tweets: ApiResponseError: Request failed with code 429
    at RequestHandlerHelper.createResponseError (/home/ubuntu/apps/gotravel/node_modules/twitter-api-v2/dist/cjs/client-mixins/request-handler.helper.js:104:16)
    at RequestHandlerHelper.onResponseEndHandler (/home/ubuntu/apps/gotravel/node_modules/twitter-api-v2/dist/cjs/client-mixins/request-handler.helper.js:262:25)
    at Gunzip.emit (node:events:517:28)
    at endReadableNT (node:internal/streams/readable:1400:12)
    at process.processTicksAndRejections (node:internal/process/task_queues:82:21) {
  error: true,
  type: 'response',
  code: 429,
  headers: {
    date: 'Sat, 24 May 2025 06:00:02 GMT',
    'content-type': 'application/json; charset=utf-8',
    'content-length': '196',
    connection: 'close',
    perf: '7402827104',
    'set-cookie': [
      'guest_id=v1%3A174806640231912058; Max-Age=34214400; Expires=Wed, 24 Jun 2026 06:00:02 GMT; Path=/; Domain=.twitter.com; Secure; SameSite=None',
      '__cf_bm=e9LUSQC_MaDmgq_bFkjqtHzFT4qkiDKSq5_KZ_evzKo-1748066402-1.0.1.1-fKFNLR7xsk.wlyyHcICIuL8lP._Xcha0rECQy1_eOEb0yizEp8L5K_3knAl0W23AEbXkF_Md2zliXuv7MSqaWwl0vEw5Z1pddZ1sbFkSgoM; path=/; expires=Sat, 24-May-25 06:30:02 GMT; domain=.twitter.com; HttpOnly; Secure'
    ],
    'api-version': '2.138',
    'cache-control': 'no-cache, no-store, max-age=0',
    'x-access-level': 'read',
    'x-frame-options': 'SAMEORIGIN',
    'content-encoding': 'gzip',
    'x-transaction-id': '9b00a1c87c3ade7b',
    'x-xss-protection': '0',
    'x-rate-limit-limit': '40000',
    'x-rate-limit-reset': '1748067302',
    'content-disposition': 'attachment; filename=json.json',
    'x-content-type-options': 'nosniff',
    'x-rate-limit-remaining': '39999',
    'strict-transport-security': 'max-age=631138519',
    'x-response-time': '21',
    'x-connection-hash': '8db677ea5f4954015a1c73eb15aa0fe61c3474dcff77fe0e8cc070a5d3e63776',
    'cf-cache-status': 'DYNAMIC',
    vary: 'accept-encoding',
    server: 'cloudflare tsa_b',
    'cf-ray': '944a92065c1f8003-IAD'
  },
  rateLimit: { limit: 40000, remaining: 39999, reset: 1748067302 },
  data: {
    account_id: 1821227857097715700,
    product_name: 'standard-basic',
    title: 'UsageCapExceeded',
    period: 'Monthly',
    scope: 'Product',
    detail: 'Usage cap exceeded: Monthly product cap',
    type: 'https://api.twitter.com/2/problems/usage-capped'
  }
}
Error fetching tweets: ApiResponseError: Request failed with code 429
    at RequestHandlerHelper.createResponseError (/home/ubuntu/apps/gotravel/node_modules/twitter-api-v2/dist/cjs/client-mixins/request-handler.helper.js:104:16)
    at RequestHandlerHelper.onResponseEndHandler (/home/ubuntu/apps/gotravel/node_modules/twitter-api-v2/dist/cjs/client-mixins/request-handler.helper.js:262:25)
    at Gunzip.emit (node:events:517:28)
    at endReadableNT (node:internal/streams/readable:1400:12)
    at process.processTicksAndRejections (node:internal/process/task_queues:82:21) {
  error: true,
  type: 'response',
  code: 429,
  headers: {
    date: 'Sun, 25 May 2025 06:00:02 GMT',
    'content-type': 'application/json; charset=utf-8',
    'content-length': '94',
    connection: 'close',
    perf: '7402827104',
    'set-cookie': [
      'guest_id=v1%3A174815280225960623; Max-Age=34214400; Expires=Thu, 25 Jun 2026 06:00:02 GMT; Path=/; Domain=.twitter.com; Secure; SameSite=None',
      '__cf_bm=GMBkkEnYUqYZlxSPBQCv26qK.ELToyUkEjMVoaDL_Kg-1748152802-1.0.1.1-8sJ0uUllmPx2AxPuTu7hFaBOdyoecyemgQAwMYYYg9U2e94CLPbl7Cv2nVeB9Znr9ACvyZZjCx4j9Ne9Usboh.d9_VspvLlxvJ4PKaeXKtk; path=/; expires=Sun, 25-May-25 06:30:02 GMT; domain=.twitter.com; HttpOnly; Secure'
    ],
    'api-version': '2.138',
    'cache-control': 'no-cache, no-store, max-age=0',
    'x-access-level': 'read',
    'x-frame-options': 'SAMEORIGIN',
    'content-encoding': 'gzip',
    'x-transaction-id': '6b1d6a5d5f408048',
    'x-xss-protection': '0',
    'x-rate-limit-limit': '1',
    'x-rate-limit-reset': '1748153702',
    'content-disposition': 'attachment; filename=json.json',
    'x-content-type-options': 'nosniff',
    'x-rate-limit-remaining': '0',
    'strict-transport-security': 'max-age=631138519',
    'x-response-time': '13',
    'x-connection-hash': '9e327a78327981b69ed7b0b8cb6b53f10aaac0ff5a446a2ddbf4138da6f79ea5',
    vary: 'accept-encoding',
    'cf-cache-status': 'DYNAMIC',
    server: 'cloudflare tsa_b',
    'cf-ray': '9452cf65e850c5ba-IAD'
  },
  rateLimit: { limit: 1, remaining: 0, reset: 1748153702 },
  data: {
    title: 'Too Many Requests',
    detail: 'Too Many Requests',
    type: 'about:blank',
    status: 429
  }
}
Error fetching tweets: ApiResponseError: Request failed with code 429
    at RequestHandlerHelper.createResponseError (/home/ubuntu/apps/gotravel/node_modules/twitter-api-v2/dist/cjs/client-mixins/request-handler.helper.js:104:16)
    at RequestHandlerHelper.onResponseEndHandler (/home/ubuntu/apps/gotravel/node_modules/twitter-api-v2/dist/cjs/client-mixins/request-handler.helper.js:262:25)
    at Gunzip.emit (node:events:517:28)
    at endReadableNT (node:internal/streams/readable:1400:12)
    at process.processTicksAndRejections (node:internal/process/task_queues:82:21) {
  error: true,
  type: 'response',
  code: 429,
  headers: {
    date: 'Mon, 26 May 2025 06:00:02 GMT',
    'content-type': 'application/json; charset=utf-8',
    'content-length': '196',
    connection: 'close',
    perf: '7402827104',
    'set-cookie': [
      'guest_id=v1%3A174823920281022222; Max-Age=34214400; Expires=Fri, 26 Jun 2026 06:00:02 GMT; Path=/; Domain=.twitter.com; Secure; SameSite=None',
      '__cf_bm=PYDUdeCI38aIXCM02XWYjDn8d102_xzUqYNJqyrwt5s-1748239202-1.0.1.1-T6t5yCRI4c4SV4ya41xxh62cL9z06gUUFti_OcFrAnLjXW891xS451CtWQlI90un6LjDdXMe8S7hh0qVcxrdnPPlxUR8NAoAtqn._PPn_4M; path=/; expires=Mon, 26-May-25 06:30:02 GMT; domain=.twitter.com; HttpOnly; Secure'
    ],
    'api-version': '2.138',
    'cache-control': 'no-cache, no-store, max-age=0',
    'x-access-level': 'read',
    'x-frame-options': 'SAMEORIGIN',
    'content-encoding': 'gzip',
    'x-transaction-id': 'd0f1c48e287f84fc',
    'x-xss-protection': '0',
    'x-rate-limit-limit': '40000',
    'x-rate-limit-reset': '1748240102',
    'content-disposition': 'attachment; filename=json.json',
    'x-content-type-options': 'nosniff',
    'x-rate-limit-remaining': '39998',
    'strict-transport-security': 'max-age=631138519',
    'x-response-time': '23',
    'x-connection-hash': '2688e56e0900b3ed9c8fa2c8728eff4e9a175be02e0981885e137a811eeded39',
    vary: 'accept-encoding',
    'cf-cache-status': 'DYNAMIC',
    server: 'cloudflare tsa_b',
    'cf-ray': '945b0cc96914e5be-IAD'
  },
  rateLimit: { limit: 40000, remaining: 39998, reset: 1748240102 },
  data: {
    account_id: 1821227857097715700,
    product_name: 'standard-basic',
    title: 'UsageCapExceeded',
    period: 'Monthly',
    scope: 'Product',
    detail: 'Usage cap exceeded: Monthly product cap',
    type: 'https://api.twitter.com/2/problems/usage-capped'
  }
}
Error fetching tweets: ApiResponseError: Request failed with code 429
    at RequestHandlerHelper.createResponseError (/home/ubuntu/apps/gotravel/node_modules/twitter-api-v2/dist/cjs/client-mixins/request-handler.helper.js:104:16)
    at RequestHandlerHelper.onResponseEndHandler (/home/ubuntu/apps/gotravel/node_modules/twitter-api-v2/dist/cjs/client-mixins/request-handler.helper.js:262:25)
    at Gunzip.emit (node:events:517:28)
    at endReadableNT (node:internal/streams/readable:1400:12)
    at process.processTicksAndRejections (node:internal/process/task_queues:82:21) {
  error: true,
  type: 'response',
  code: 429,
  headers: {
    date: 'Tue, 27 May 2025 06:00:02 GMT',
    'content-type': 'application/json; charset=utf-8',
    'content-length': '94',
    connection: 'close',
    perf: '7402827104',
    'set-cookie': [
      'guest_id=v1%3A174832560201382641; Max-Age=34214400; Expires=Sat, 27 Jun 2026 06:00:02 GMT; Path=/; Domain=.twitter.com; Secure; SameSite=None',
      '__cf_bm=zbe14PgDRM18sdEA5TB47S0EOGZ1fobu7DFUZ_CQO0E-1748325602-1.0.1.1-Mr0EQAE0LyLFqPYmQPWPjGhddjitNXT2R2uycN._PKa9kQctzON2okvbKO08W4YtqmEPw5S6Pk8vTpe4rbP3ModKAvDa1yxPCCNF988DmBo; path=/; expires=Tue, 27-May-25 06:30:02 GMT; domain=.twitter.com; HttpOnly; Secure'
    ],
    'api-version': '2.138',
    'cache-control': 'no-cache, no-store, max-age=0',
    'x-access-level': 'read',
    'x-frame-options': 'SAMEORIGIN',
    'content-encoding': 'gzip',
    'x-transaction-id': '729b121bcb36d539',
    'x-xss-protection': '0',
    'x-rate-limit-limit': '1',
    'x-rate-limit-reset': '1748326502',
    'content-disposition': 'attachment; filename=json.json',
    'x-content-type-options': 'nosniff',
    'x-rate-limit-remaining': '0',
    'strict-transport-security': 'max-age=631138519',
    'x-response-time': '16',
    'x-connection-hash': 'bce3f189f8225927c672cceadbdc157dbd4db3e752ed19f4fda8bba02c29fa54',
    vary: 'accept-encoding',
    'cf-cache-status': 'DYNAMIC',
    server: 'cloudflare tsa_b',
    'cf-ray': '94634a246a65c5b5-IAD'
  },
  rateLimit: { limit: 1, remaining: 0, reset: 1748326502 },
  data: {
    title: 'Too Many Requests',
    detail: 'Too Many Requests',
    type: 'about:blank',
    status: 429
  }
}
Error fetching tweets: ApiResponseError: Request failed with code 429
    at RequestHandlerHelper.createResponseError (/home/ubuntu/apps/gotravel/node_modules/twitter-api-v2/dist/cjs/client-mixins/request-handler.helper.js:104:16)
    at RequestHandlerHelper.onResponseEndHandler (/home/ubuntu/apps/gotravel/node_modules/twitter-api-v2/dist/cjs/client-mixins/request-handler.helper.js:262:25)
    at Gunzip.emit (node:events:517:28)
    at endReadableNT (node:internal/streams/readable:1400:12)
    at process.processTicksAndRejections (node:internal/process/task_queues:82:21) {
  error: true,
  type: 'response',
  code: 429,
  headers: {
    date: 'Wed, 28 May 2025 06:00:02 GMT',
    'content-type': 'application/json; charset=utf-8',
    'content-length': '196',
    connection: 'close',
    perf: '7402827104',
    'set-cookie': [
      'guest_id=v1%3A174841200224977381; Max-Age=34214400; Expires=Sun, 28 Jun 2026 06:00:02 GMT; Path=/; Domain=.twitter.com; Secure; SameSite=None',
      '__cf_bm=thXiVoytPd1zB1n0oz_AIFg1NL_bLREdM3oFFYNpxGY-1748412002-1.0.1.1-HZYovVqoAidRaC3j0EOa9rsEPIlxBmO4F084upMStQjqoW8xxdGAqA6CDheAsEcNQHm8VNiEfLqQwoXAU5DBwtnQstngDwRYQ.NRPUHmB68; path=/; expires=Wed, 28-May-25 06:30:02 GMT; domain=.twitter.com; HttpOnly; Secure'
    ],
    'api-version': '2.138',
    'cache-control': 'no-cache, no-store, max-age=0',
    'x-access-level': 'read',
    'x-frame-options': 'SAMEORIGIN',
    'content-encoding': 'gzip',
    'x-transaction-id': 'e7dd1a37935bde7a',
    'x-xss-protection': '0',
    'x-rate-limit-limit': '40000',
    'x-rate-limit-reset': '1748412902',
    'content-disposition': 'attachment; filename=json.json',
    'x-content-type-options': 'nosniff',
    'x-rate-limit-remaining': '39999',
    'strict-transport-security': 'max-age=631138519',
    'x-response-time': '19',
    'x-connection-hash': 'd3ed4147102e5207f87b15dc97dfcbe5c53b49fe88092a7c7aa5aa666812a5fc',
    vary: 'accept-encoding',
    'cf-cache-status': 'DYNAMIC',
    server: 'cloudflare tsa_b',
    'cf-ray': '946b8785ef943949-IAD'
  },
  rateLimit: { limit: 40000, remaining: 39999, reset: 1748412902 },
  data: {
    account_id: 1821227857097715700,
    product_name: 'standard-basic',
    title: 'UsageCapExceeded',
    period: 'Monthly',
    scope: 'Product',
    detail: 'Usage cap exceeded: Monthly product cap',
    type: 'https://api.twitter.com/2/problems/usage-capped'
  }
}
Error fetching tweets: ApiResponseError: Request failed with code 429
    at RequestHandlerHelper.createResponseError (/home/ubuntu/apps/gotravel/node_modules/twitter-api-v2/dist/cjs/client-mixins/request-handler.helper.js:104:16)
    at RequestHandlerHelper.onResponseEndHandler (/home/ubuntu/apps/gotravel/node_modules/twitter-api-v2/dist/cjs/client-mixins/request-handler.helper.js:262:25)
    at Gunzip.emit (node:events:517:28)
    at endReadableNT (node:internal/streams/readable:1400:12)
    at process.processTicksAndRejections (node:internal/process/task_queues:82:21) {
  error: true,
  type: 'response',
  code: 429,
  headers: {
    date: 'Thu, 29 May 2025 06:00:01 GMT',
    'content-type': 'application/json; charset=utf-8',
    'content-length': '196',
    connection: 'close',
    perf: '7402827104',
    'set-cookie': [
      'guest_id=v1%3A174849840144812336; Max-Age=34214400; Expires=Mon, 29 Jun 2026 06:00:01 GMT; Path=/; Domain=.twitter.com; Secure; SameSite=None',
      '__cf_bm=YEsiIAQIB.z4tTZyrZv37EzPB8ZULl2QifQITpLFdiw-1748498401-1.0.1.1-0V7txu0PjcM_DWVk3ar82v5HBTAGowWtg1feuc3.GYOJ_6VzF4gMBSo4wrpMNfqxuQAVUA3mdEgt3gLK_wLM0OAk_RQwKHHryG3zAIr.HJI; path=/; expires=Thu, 29-May-25 06:30:01 GMT; domain=.twitter.com; HttpOnly; Secure'
    ],
    'api-version': '2.139',
    'cache-control': 'no-cache, no-store, max-age=0',
    'x-access-level': 'read',
    'x-frame-options': 'SAMEORIGIN',
    'content-encoding': 'gzip',
    'x-transaction-id': '7579773331ce44c6',
    'x-xss-protection': '0',
    'x-rate-limit-limit': '40000',
    'x-rate-limit-reset': '1748499301',
    'content-disposition': 'attachment; filename=json.json',
    'x-content-type-options': 'nosniff',
    'x-rate-limit-remaining': '39999',
    'strict-transport-security': 'max-age=631138519',
    'x-response-time': '19',
    'x-connection-hash': '08f7963c25458777af83c572c38126b71ea66951e3465f75b2aadc86cb57af1c',
    vary: 'accept-encoding',
    'cf-cache-status': 'DYNAMIC',
    server: 'cloudflare tsa_b',
    'cf-ray': '9473c4e0ec06c130-IAD'
  },
  rateLimit: { limit: 40000, remaining: 39999, reset: 1748499301 },
  data: {
    account_id: 1821227857097715700,
    product_name: 'standard-basic',
    title: 'UsageCapExceeded',
    period: 'Monthly',
    scope: 'Product',
    detail: 'Usage cap exceeded: Monthly product cap',
    type: 'https://api.twitter.com/2/problems/usage-capped'
  }
}
Error fetching tweets: ApiResponseError: Request failed with code 429
    at RequestHandlerHelper.createResponseError (/home/ubuntu/apps/gotravel/node_modules/twitter-api-v2/dist/cjs/client-mixins/request-handler.helper.js:104:16)
    at RequestHandlerHelper.onResponseEndHandler (/home/ubuntu/apps/gotravel/node_modules/twitter-api-v2/dist/cjs/client-mixins/request-handler.helper.js:262:25)
    at Gunzip.emit (node:events:517:28)
    at endReadableNT (node:internal/streams/readable:1400:12)
    at process.processTicksAndRejections (node:internal/process/task_queues:82:21) {
  error: true,
  type: 'response',
  code: 429,
  headers: {
    date: 'Fri, 30 May 2025 06:00:02 GMT',
    'content-type': 'application/json; charset=utf-8',
    'content-length': '94',
    connection: 'close',
    perf: '7402827104',
    'set-cookie': [
      'guest_id=v1%3A174858480278534314; Max-Age=34214400; Expires=Tue, 30 Jun 2026 06:00:02 GMT; Path=/; Domain=.twitter.com; Secure; SameSite=None',
      '__cf_bm=egVdgb82HiVJfuJvmxMJtw54TW9y4OFTeByqoxanCFk-1748584802-1.0.1.1-MgO.Kqzg7j5NFR93XMFY3cmPNvuE_t0PycyoVEZ_ei9Vv9htNDBDoRHFsxrtHZrvTSs.93MzZaVuxGWEOfExpliYv6MgudRHhpFLGmMH7Jo; path=/; expires=Fri, 30-May-25 06:30:02 GMT; domain=.twitter.com; HttpOnly; Secure'
    ],
    'api-version': '2.139',
    'cache-control': 'no-cache, no-store, max-age=0',
    'x-access-level': 'read',
    'x-frame-options': 'SAMEORIGIN',
    'content-encoding': 'gzip',
    'x-transaction-id': '4901b492f9839c28',
    'x-xss-protection': '0',
    'x-rate-limit-limit': '1',
    'x-rate-limit-reset': '1748585702',
    'content-disposition': 'attachment; filename=json.json',
    'x-content-type-options': 'nosniff',
    'x-rate-limit-remaining': '0',
    'strict-transport-security': 'max-age=631138519',
    'x-response-time': '9',
    'x-connection-hash': 'eb798b2b3b210c778e18467f226e13ad841fef7ab65f84b39895aafea2fc8c11',
    vary: 'accept-encoding',
    'cf-cache-status': 'DYNAMIC',
    server: 'cloudflare tsa_b',
    'cf-ray': '947c02494be04f53-IAD'
  },
  rateLimit: { limit: 1, remaining: 0, reset: 1748585702 },
  data: {
    title: 'Too Many Requests',
    detail: 'Too Many Requests',
    type: 'about:blank',
    status: 429
  }
}
Error fetching tweets: ApiResponseError: Request failed with code 429
    at RequestHandlerHelper.createResponseError (/home/ubuntu/apps/gotravel/node_modules/twitter-api-v2/dist/cjs/client-mixins/request-handler.helper.js:104:16)
    at RequestHandlerHelper.onResponseEndHandler (/home/ubuntu/apps/gotravel/node_modules/twitter-api-v2/dist/cjs/client-mixins/request-handler.helper.js:262:25)
    at Gunzip.emit (node:events:517:28)
    at endReadableNT (node:internal/streams/readable:1400:12)
    at process.processTicksAndRejections (node:internal/process/task_queues:82:21) {
  error: true,
  type: 'response',
  code: 429,
  headers: {
    date: 'Sat, 31 May 2025 06:00:01 GMT',
    'content-type': 'application/json; charset=utf-8',
    'content-length': '196',
    connection: 'close',
    perf: '7402827104',
    'set-cookie': [
      'guest_id=v1%3A174867120187704028; Max-Age=34214400; Expires=Wed, 01 Jul 2026 06:00:01 GMT; Path=/; Domain=.twitter.com; Secure; SameSite=None',
      '__cf_bm=NE_R8ht4wM8KcABdq8I3iuZ57T88txfbrYkrja4dyNA-1748671201-1.0.1.1-xr0q.._EGSHr8wiNbYxotvlxoZjMwyCdO_Z4Ly8cx0sRs5PXqjkUO0icfyTjF_UMX3T.iZE2KBCw1Len5a0toe5pqDjv32HfVfjAYVvj.kQ; path=/; expires=Sat, 31-May-25 06:30:01 GMT; domain=.twitter.com; HttpOnly; Secure'
    ],
    'api-version': '2.138',
    'cache-control': 'no-cache, no-store, max-age=0',
    'x-access-level': 'read',
    'x-frame-options': 'SAMEORIGIN',
    'content-encoding': 'gzip',
    'x-transaction-id': '7a9504716801eea9',
    'x-xss-protection': '0',
    'x-rate-limit-limit': '40000',
    'x-rate-limit-reset': '1748672101',
    'content-disposition': 'attachment; filename=json.json',
    'x-content-type-options': 'nosniff',
    'x-rate-limit-remaining': '39999',
    'strict-transport-security': 'max-age=631138519',
    'x-response-time': '18',
    'x-connection-hash': '07289ce4e2d8d40c13fe6318200e0ef05c6d44994a7ffd784c26f4c089943e73',
    'cf-cache-status': 'DYNAMIC',
    vary: 'accept-encoding',
    server: 'cloudflare tsa_b',
    'cf-ray': '94843fa3894c56e6-IAD'
  },
  rateLimit: { limit: 40000, remaining: 39999, reset: 1748672101 },
  data: {
    account_id: 1821227857097715700,
    product_name: 'standard-basic',
    title: 'UsageCapExceeded',
    period: 'Monthly',
    scope: 'Product',
    detail: 'Usage cap exceeded: Monthly product cap',
    type: 'https://api.twitter.com/2/problems/usage-capped'
  }
}
Error fetching tweets: ApiResponseError: Request failed with code 429
    at RequestHandlerHelper.createResponseError (/home/ubuntu/apps/gotravel/node_modules/twitter-api-v2/dist/cjs/client-mixins/request-handler.helper.js:104:16)
    at RequestHandlerHelper.onResponseEndHandler (/home/ubuntu/apps/gotravel/node_modules/twitter-api-v2/dist/cjs/client-mixins/request-handler.helper.js:262:25)
    at Gunzip.emit (node:events:517:28)
    at endReadableNT (node:internal/streams/readable:1400:12)
    at process.processTicksAndRejections (node:internal/process/task_queues:82:21) {
  error: true,
  type: 'response',
  code: 429,
  headers: {
    date: 'Sun, 01 Jun 2025 06:00:02 GMT',
    'content-type': 'application/json; charset=utf-8',
    'content-length': '196',
    connection: 'close',
    perf: '7402827104',
    'set-cookie': [
      'guest_id=v1%3A174875760233761871; Max-Age=34214400; Expires=Thu, 02 Jul 2026 06:00:02 GMT; Path=/; Domain=.twitter.com; Secure; SameSite=None',
      '__cf_bm=YatycmYAnNFK4pQTpL1DWfCIUtQuXmAQoewjFmy6920-1748757602-1.0.1.1-U59kXBsqb1FsuEiHHV4C4sbVL8k8EVgjni1abjoDYI_KdGbjcj_nf_cWFJmYkMrs7jKkLOt1NU_4rnz7wTNSBF4saPhgVvJHnaVUnWV9n5c; path=/; expires=Sun, 01-Jun-25 06:30:02 GMT; domain=.twitter.com; HttpOnly; Secure'
    ],
    'api-version': '2.138',
    'cache-control': 'no-cache, no-store, max-age=0',
    'x-access-level': 'read',
    'x-frame-options': 'SAMEORIGIN',
    'content-encoding': 'gzip',
    'x-transaction-id': 'cbeab05d8e26f0c1',
    'x-xss-protection': '0',
    'x-rate-limit-limit': '40000',
    'x-rate-limit-reset': '1748758502',
    'content-disposition': 'attachment; filename=json.json',
    'x-content-type-options': 'nosniff',
    'x-rate-limit-remaining': '39999',
    'strict-transport-security': 'max-age=631138519',
    'x-response-time': '17',
    'x-connection-hash': '0419559145a676fdeeb0a9799eb6fea4763a32530effec9541a069cd2a6b4373',
    vary: 'accept-encoding',
    'cf-cache-status': 'DYNAMIC',
    server: 'cloudflare tsa_b',
    'cf-ray': '948c7d067d523b29-IAD'
  },
  rateLimit: { limit: 40000, remaining: 39999, reset: 1748758502 },
  data: {
    account_id: 1821227857097715700,
    product_name: 'standard-basic',
    title: 'UsageCapExceeded',
    period: 'Monthly',
    scope: 'Product',
    detail: 'Usage cap exceeded: Monthly product cap',
    type: 'https://api.twitter.com/2/problems/usage-capped'
  }
}
Error fetching tweets: ApiResponseError: Request failed with code 429
    at RequestHandlerHelper.createResponseError (/home/ubuntu/apps/gotravel/node_modules/twitter-api-v2/dist/cjs/client-mixins/request-handler.helper.js:104:16)
    at RequestHandlerHelper.onResponseEndHandler (/home/ubuntu/apps/gotravel/node_modules/twitter-api-v2/dist/cjs/client-mixins/request-handler.helper.js:262:25)
    at Gunzip.emit (node:events:517:28)
    at endReadableNT (node:internal/streams/readable:1400:12)
    at process.processTicksAndRejections (node:internal/process/task_queues:82:21) {
  error: true,
  type: 'response',
  code: 429,
  headers: {
    date: 'Mon, 02 Jun 2025 06:00:01 GMT',
    'content-type': 'application/json; charset=utf-8',
    'content-length': '196',
    connection: 'close',
    perf: '7402827104',
    'set-cookie': [
      'guest_id=v1%3A174884400144042065; Max-Age=34214400; Expires=Fri, 03 Jul 2026 06:00:01 GMT; Path=/; Domain=.twitter.com; Secure; SameSite=None',
      '__cf_bm=WpzIHK6kQzb1lZ_7usn_Gr7DRz0_w3w2HGaK.L0L_kU-1748844001-1.0.1.1-xC5Ze1auxTzOKG.YzpPxxtcEUfIqEgsNBCbPNvMhtLW8Fj0WM48plp1DZjEHqxWO9XX2xjBIBe7a3aDiMxVw2GZxSf4USGCC_l8T1Ixb8ZQ; path=/; expires=Mon, 02-Jun-25 06:30:01 GMT; domain=.twitter.com; HttpOnly; Secure'
    ],
    'api-version': '2.138',
    'cache-control': 'no-cache, no-store, max-age=0',
    'x-access-level': 'read',
    'x-frame-options': 'SAMEORIGIN',
    'content-encoding': 'gzip',
    'x-transaction-id': 'fed5cb277823f3fd',
    'x-xss-protection': '0',
    'x-rate-limit-limit': '40000',
    'x-rate-limit-reset': '1748844901',
    'content-disposition': 'attachment; filename=json.json',
    'x-content-type-options': 'nosniff',
    'x-rate-limit-remaining': '39999',
    'strict-transport-security': 'max-age=631138519',
    'x-response-time': '16',
    'x-connection-hash': '010e01eab338bedb5996e39b98c0cedf001be4e9441556426f5c3bad0dcdbd11',
    vary: 'accept-encoding',
    'cf-cache-status': 'DYNAMIC',
    server: 'cloudflare tsa_b',
    'cf-ray': '9494ba60dffb7b59-IAD'
  },
  rateLimit: { limit: 40000, remaining: 39999, reset: 1748844901 },
  data: {
    account_id: 1821227857097715700,
    product_name: 'standard-basic',
    title: 'UsageCapExceeded',
    period: 'Monthly',
    scope: 'Product',
    detail: 'Usage cap exceeded: Monthly product cap',
    type: 'https://api.twitter.com/2/problems/usage-capped'
  }
}
Error fetching tweets: ApiResponseError: Request failed with code 429
    at RequestHandlerHelper.createResponseError (/home/ubuntu/apps/gotravel/node_modules/twitter-api-v2/dist/cjs/client-mixins/request-handler.helper.js:104:16)
    at RequestHandlerHelper.onResponseEndHandler (/home/ubuntu/apps/gotravel/node_modules/twitter-api-v2/dist/cjs/client-mixins/request-handler.helper.js:262:25)
    at Gunzip.emit (node:events:517:28)
    at endReadableNT (node:internal/streams/readable:1400:12)
    at process.processTicksAndRejections (node:internal/process/task_queues:82:21) {
  error: true,
  type: 'response',
  code: 429,
  headers: {
    date: 'Tue, 03 Jun 2025 06:00:01 GMT',
    'content-type': 'application/json; charset=utf-8',
    'content-length': '94',
    connection: 'close',
    perf: '7402827104',
    'set-cookie': [
      'guest_id=v1%3A174893040181126046; Max-Age=34214400; Expires=Sat, 04 Jul 2026 06:00:01 GMT; Path=/; Domain=.twitter.com; Secure; SameSite=None',
      '__cf_bm=_n4Jj7ayxCdLCs_s7tGEZIKhc2wAnU1U8BPSZFEUgKk-1748930401-1.0.1.1-pGdq9BWkBFYAYNo9hCJpy4bySLF8qv2amG_PvsTId8gKMIIbgpaNRlvR7c.XxA6DZBJHZLJFRVG74FX0L2tCa283yhRYJqIrcWMt5n1M4wQ; path=/; expires=Tue, 03-Jun-25 06:30:01 GMT; domain=.twitter.com; HttpOnly; Secure'
    ],
    'api-version': '2.139',
    'cache-control': 'no-cache, no-store, max-age=0',
    'x-access-level': 'read',
    'x-frame-options': 'SAMEORIGIN',
    'content-encoding': 'gzip',
    'x-transaction-id': '5da11cc573dc6359',
    'x-xss-protection': '0',
    'x-rate-limit-limit': '1',
    'x-rate-limit-reset': '1748931301',
    'content-disposition': 'attachment; filename=json.json',
    'x-content-type-options': 'nosniff',
    'x-rate-limit-remaining': '0',
    'strict-transport-security': 'max-age=631138519',
    'x-response-time': '13',
    'x-connection-hash': '2cdb27122d44a96440fd8f9114a0f906ab702f2ac13309f5b6bef9a433b5b199',
    vary: 'accept-encoding',
    'cf-cache-status': 'DYNAMIC',
    server: 'cloudflare tsa_b',
    'cf-ray': '949cf7c32b14d631-IAD'
  },
  rateLimit: { limit: 1, remaining: 0, reset: 1748931301 },
  data: {
    title: 'Too Many Requests',
    detail: 'Too Many Requests',
    type: 'about:blank',
    status: 429
  }
}
Error fetching tweets: ApiResponseError: Request failed with code 429
    at RequestHandlerHelper.createResponseError (/home/ubuntu/apps/gotravel/node_modules/twitter-api-v2/dist/cjs/client-mixins/request-handler.helper.js:104:16)
    at RequestHandlerHelper.onResponseEndHandler (/home/ubuntu/apps/gotravel/node_modules/twitter-api-v2/dist/cjs/client-mixins/request-handler.helper.js:262:25)
    at Gunzip.emit (node:events:517:28)
    at endReadableNT (node:internal/streams/readable:1400:12)
    at process.processTicksAndRejections (node:internal/process/task_queues:82:21) {
  error: true,
  type: 'response',
  code: 429,
  headers: {
    date: 'Wed, 04 Jun 2025 06:00:01 GMT',
    'content-type': 'application/json; charset=utf-8',
    'content-length': '196',
    connection: 'close',
    perf: '7402827104',
    'set-cookie': [
      'guest_id=v1%3A174901680137180473; Max-Age=34214400; Expires=Sun, 05 Jul 2026 06:00:01 GMT; Path=/; Domain=.twitter.com; Secure; SameSite=None',
      '__cf_bm=XH7j2PVU2Ke7RRLqYk5Nw6NJrj_EXvss6QNAwx1vA9w-1749016801-1.0.1.1-eqKLdCcXHXoyDbETq8ZMFwoVz9NCePNCWen1P2mpwoFhoqY.DhlJJkhobeHdMgIwN1dC_._TaiCkYi65ECoGqexs05SrHlahLo6WTGT40FI; path=/; expires=Wed, 04-Jun-25 06:30:01 GMT; domain=.twitter.com; HttpOnly; Secure'
    ],
    'api-version': '2.140',
    'cache-control': 'no-cache, no-store, max-age=0',
    'x-access-level': 'read',
    'x-frame-options': 'SAMEORIGIN',
    'content-encoding': 'gzip',
    'x-transaction-id': '45c53a0b240fba79',
    'x-xss-protection': '0',
    'x-rate-limit-limit': '40000',
    'x-rate-limit-reset': '1749017701',
    'content-disposition': 'attachment; filename=json.json',
    'x-content-type-options': 'nosniff',
    'x-rate-limit-remaining': '39999',
    'strict-transport-security': 'max-age=631138519',
    'x-response-time': '19',
    'x-connection-hash': '183fb99c152f2824c09f863a9dd024289e2a8c88e02fcec609bc29dcf0e9e45f',
    vary: 'accept-encoding',
    'cf-cache-status': 'DYNAMIC',
    server: 'cloudflare tsa_b',
    'cf-ray': '94a535206b112440-IAD'
  },
  rateLimit: { limit: 40000, remaining: 39999, reset: 1749017701 },
  data: {
    account_id: 1821227857097715700,
    product_name: 'standard-basic',
    title: 'UsageCapExceeded',
    period: 'Monthly',
    scope: 'Product',
    detail: 'Usage cap exceeded: Monthly product cap',
    type: 'https://api.twitter.com/2/problems/usage-capped'
  }
}
Error fetching tweets: ApiResponseError: Request failed with code 429
    at RequestHandlerHelper.createResponseError (/home/ubuntu/apps/gotravel/node_modules/twitter-api-v2/dist/cjs/client-mixins/request-handler.helper.js:104:16)
    at RequestHandlerHelper.onResponseEndHandler (/home/ubuntu/apps/gotravel/node_modules/twitter-api-v2/dist/cjs/client-mixins/request-handler.helper.js:262:25)
    at Gunzip.emit (node:events:517:28)
    at endReadableNT (node:internal/streams/readable:1400:12)
    at process.processTicksAndRejections (node:internal/process/task_queues:82:21) {
  error: true,
  type: 'response',
  code: 429,
  headers: {
    date: 'Thu, 05 Jun 2025 06:00:02 GMT',
    'content-type': 'application/json; charset=utf-8',
    'content-length': '94',
    connection: 'close',
    perf: '7402827104',
    'set-cookie': [
      'guest_id=v1%3A174910320234747379; Max-Age=34214400; Expires=Mon, 06 Jul 2026 06:00:02 GMT; Path=/; Domain=.twitter.com; Secure; SameSite=None',
      '__cf_bm=iy0MpZO5o9kZAx1YkTbEB8DkT2IQTiBggcMUD5u.3U8-1749103202-1.0.1.1-BstBNM1OFA_AmCxgWRzbJ77Gl0VSk90LB6Yi6edTReGhs0veGG4ct3gBr3OJkDQZDjD2kyQEd_l8YA98.YwIoW1ciQEPFP2xx12TkH7SxDc; path=/; expires=Thu, 05-Jun-25 06:30:02 GMT; domain=.twitter.com; HttpOnly; Secure'
    ],
    'api-version': '2.140',
    'cache-control': 'no-cache, no-store, max-age=0',
    'x-access-level': 'read',
    'x-frame-options': 'SAMEORIGIN',
    'content-encoding': 'gzip',
    'x-transaction-id': '232a3cd4ce369a0b',
    'x-xss-protection': '0',
    'x-rate-limit-limit': '1',
    'x-rate-limit-reset': '1749104102',
    'content-disposition': 'attachment; filename=json.json',
    'x-content-type-options': 'nosniff',
    'x-rate-limit-remaining': '0',
    'strict-transport-security': 'max-age=631138519',
    'x-response-time': '13',
    'x-connection-hash': 'fe0e8a3ebe698b2536bfac67fbc0043f81d53f417ed6dc790b5e985e65b59326',
    vary: 'accept-encoding',
    'cf-cache-status': 'DYNAMIC',
    server: 'cloudflare tsa_b',
    'cf-ray': '94ad72868c4ac974-IAD'
  },
  rateLimit: { limit: 1, remaining: 0, reset: 1749104102 },
  data: {
    title: 'Too Many Requests',
    detail: 'Too Many Requests',
    type: 'about:blank',
    status: 429
  }
}
Error fetching tweets: ApiResponseError: Request failed with code 429
    at RequestHandlerHelper.createResponseError (/home/ubuntu/apps/gotravel/node_modules/twitter-api-v2/dist/cjs/client-mixins/request-handler.helper.js:104:16)
    at RequestHandlerHelper.onResponseEndHandler (/home/ubuntu/apps/gotravel/node_modules/twitter-api-v2/dist/cjs/client-mixins/request-handler.helper.js:262:25)
    at Gunzip.emit (node:events:517:28)
    at endReadableNT (node:internal/streams/readable:1400:12)
    at process.processTicksAndRejections (node:internal/process/task_queues:82:21) {
  error: true,
  type: 'response',
  code: 429,
  headers: {
    date: 'Fri, 06 Jun 2025 06:00:02 GMT',
    'content-type': 'application/json; charset=utf-8',
    'content-length': '94',
    connection: 'close',
    perf: '7402827104',
    'set-cookie': [
      'guest_id=v1%3A174918960204784424; Max-Age=34214400; Expires=Tue, 07 Jul 2026 06:00:02 GMT; Path=/; Domain=.twitter.com; Secure; SameSite=None',
      '__cf_bm=zZ3Gzlm0Sz_bgRWAWKVQApGOFbgGyhe6A2__YXxXt9Q-1749189602-1.0.1.1-KzBfMlcq7FDYYuMSWUGhCPd3Hj08iGtKIqj_fKg1Zl1a1xWYulL37EMmRqkWp1LBYI6J6Hre8b.jokPhzwl9j6WkXcVeBs705b6jJfNaJBM; path=/; expires=Fri, 06-Jun-25 06:30:02 GMT; domain=.twitter.com; HttpOnly; Secure'
    ],
    'api-version': '2.140',
    'cache-control': 'no-cache, no-store, max-age=0',
    'x-access-level': 'read',
    'x-frame-options': 'SAMEORIGIN',
    'content-encoding': 'gzip',
    'x-transaction-id': 'bf5f2ed703740ac9',
    'x-xss-protection': '0',
    'x-rate-limit-limit': '1',
    'x-rate-limit-reset': '1749190502',
    'content-disposition': 'attachment; filename=json.json',
    'x-content-type-options': 'nosniff',
    'x-rate-limit-remaining': '0',
    'strict-transport-security': 'max-age=631138519',
    'x-response-time': '20',
    'x-connection-hash': '3f7b23a811a34507e0001bd8ae7a93bf4dd0fb7a7feb5a29154798e645ed5771',
    vary: 'accept-encoding',
    'cf-cache-status': 'DYNAMIC',
    server: 'cloudflare tsa_b',
    'cf-ray': '94b5afe4ae117067-IAD'
  },
  rateLimit: { limit: 1, remaining: 0, reset: 1749190502 },
  data: {
    title: 'Too Many Requests',
    detail: 'Too Many Requests',
    type: 'about:blank',
    status: 429
  }
}
Fetched 20 tweets, added 20 unique tweets.
Updated tweets file with 20 tweets.
Tweets saved to public/tweets.json
Attempting to clear remote tweet cache...
Clear cache status: 200
Clear cache headers: {"connection":["close"],"content-type":["application/json"],"date":["Sat, 07 Jun 2025 06:00:02 GMT"],"server":["nginx/1.18.0 (Ubuntu)"],"transfer-encoding":["chunked"],"vary":["RSC, Next-Router-State-Tree, Next-Router-Prefetch"]}
Clear cache response: {"message":"Cache cleared successfully"}
Remote tweet cache cleared successfully
Updating local cache indicator...
Local cache version updated to 37
Error fetching tweets: ApiResponseError: Request failed with code 429
    at RequestHandlerHelper.createResponseError (/home/ubuntu/apps/gotravel/node_modules/twitter-api-v2/dist/cjs/client-mixins/request-handler.helper.js:104:16)
    at RequestHandlerHelper.onResponseEndHandler (/home/ubuntu/apps/gotravel/node_modules/twitter-api-v2/dist/cjs/client-mixins/request-handler.helper.js:262:25)
    at Gunzip.emit (node:events:517:28)
    at endReadableNT (node:internal/streams/readable:1400:12)
    at process.processTicksAndRejections (node:internal/process/task_queues:82:21) {
  error: true,
  type: 'response',
  code: 429,
  headers: {
    date: 'Sun, 08 Jun 2025 06:00:02 GMT',
    'content-type': 'application/json; charset=utf-8',
    'content-length': '94',
    connection: 'close',
    perf: '7402827104',
    'set-cookie': [
      'guest_id=v1%3A174936240271924493; Max-Age=34214400; Expires=Thu, 09 Jul 2026 06:00:02 GMT; Path=/; Domain=.twitter.com; Secure; SameSite=None',
      '__cf_bm=ng_ITsHei0EzSSQmALGxgd4Mt9ST78dIHvmn_w_v7Cw-1749362402-1.0.1.1-sSOXK4J4Nmtb5CrAvWWsu_iSXwA1Mu_jTnvayh9DdJ2T0F0RA.xXiaXqZOe015jgHU7LDNg485aQa47zNrMazaVxrL_J4USbfmDXMmJJcgE; path=/; expires=Sun, 08-Jun-25 06:30:02 GMT; domain=.twitter.com; HttpOnly; Secure'
    ],
    'api-version': '2.140',
    'cache-control': 'no-cache, no-store, max-age=0',
    'x-access-level': 'read',
    'x-frame-options': 'SAMEORIGIN',
    'content-encoding': 'gzip',
    'x-transaction-id': '6c63374e78111ba0',
    'x-xss-protection': '0',
    'x-rate-limit-limit': '1',
    'x-rate-limit-reset': '1749363302',
    'content-disposition': 'attachment; filename=json.json',
    'x-content-type-options': 'nosniff',
    'x-rate-limit-remaining': '0',
    'strict-transport-security': 'max-age=631138519',
    'x-response-time': '27',
    'x-connection-hash': 'b3f38d7de616a333c13b5a54cf57fce05f585987cca01342f03613ac711a6fe5',
    vary: 'accept-encoding',
    'cf-cache-status': 'DYNAMIC',
    server: 'cloudflare tsa_b',
    'cf-ray': '94c62aa8dd1ed65d-IAD'
  },
  rateLimit: { limit: 1, remaining: 0, reset: 1749363302 },
  data: {
    title: 'Too Many Requests',
    detail: 'Too Many Requests',
    type: 'about:blank',
    status: 429
  }
}
Error fetching tweets: ApiResponseError: Request failed with code 429
    at RequestHandlerHelper.createResponseError (/home/ubuntu/apps/gotravel/node_modules/twitter-api-v2/dist/cjs/client-mixins/request-handler.helper.js:104:16)
    at RequestHandlerHelper.onResponseEndHandler (/home/ubuntu/apps/gotravel/node_modules/twitter-api-v2/dist/cjs/client-mixins/request-handler.helper.js:262:25)
    at Gunzip.emit (node:events:517:28)
    at endReadableNT (node:internal/streams/readable:1400:12)
    at process.processTicksAndRejections (node:internal/process/task_queues:82:21) {
  error: true,
  type: 'response',
  code: 429,
  headers: {
    date: 'Mon, 09 Jun 2025 06:00:02 GMT',
    'content-type': 'application/json; charset=utf-8',
    'content-length': '94',
    connection: 'close',
    perf: '7402827104',
    'set-cookie': [
      'guest_id=v1%3A174944880273422960; Max-Age=34214400; Expires=Fri, 10 Jul 2026 06:00:02 GMT; Path=/; Domain=.twitter.com; Secure; SameSite=None',
      '__cf_bm=uKl1B8AIxV6E3H.lFd9rrk35OfiiAkoZNYB6vhGsJj4-1749448802-1.0.1.1-K8_IbHUT_Youqk8ZFLHlP1Nflvhsq7eebslkrMNaHd7jseva0vABIsyFGlFyqAkGQXXjkXUCxOufWzmVfBDc28NnpWPB_USxe3RASm.jX6s; path=/; expires=Mon, 09-Jun-25 06:30:02 GMT; domain=.twitter.com; HttpOnly; Secure'
    ],
    'api-version': '2.140',
    'cache-control': 'no-cache, no-store, max-age=0',
    'x-access-level': 'read',
    'x-frame-options': 'SAMEORIGIN',
    'content-encoding': 'gzip',
    'x-transaction-id': '2a48d57e870dc665',
    'x-xss-protection': '0',
    'x-rate-limit-limit': '1',
    'x-rate-limit-reset': '1749449702',
    'content-disposition': 'attachment; filename=json.json',
    'x-content-type-options': 'nosniff',
    'x-rate-limit-remaining': '0',
    'strict-transport-security': 'max-age=631138519',
    'x-response-time': '20',
    'x-connection-hash': '74c9ee711ee9407442ab4464113bbc684b616650a51f28d91c00c5b0280484d5',
    vary: 'accept-encoding',
    'cf-cache-status': 'DYNAMIC',
    server: 'cloudflare tsa_b',
    'cf-ray': '94ce6808ebcdacc6-IAD'
  },
  rateLimit: { limit: 1, remaining: 0, reset: 1749449702 },
  data: {
    title: 'Too Many Requests',
    detail: 'Too Many Requests',
    type: 'about:blank',
    status: 429
  }
}
Fetched 20 tweets, added 2 unique tweets.
Updated tweets file with 20 tweets.
Tweets saved to public/tweets.json
Attempting to clear remote tweet cache...
Clear cache status: 200
Clear cache headers: {"connection":["close"],"content-type":["application/json"],"date":["Tue, 10 Jun 2025 06:00:02 GMT"],"server":["nginx/1.18.0 (Ubuntu)"],"transfer-encoding":["chunked"],"vary":["RSC, Next-Router-State-Tree, Next-Router-Prefetch"]}
Clear cache response: {"message":"Cache cleared successfully"}
Remote tweet cache cleared successfully
Updating local cache indicator...
Local cache version updated to 40
Fetched 20 tweets, added 3 unique tweets.
Updated tweets file with 20 tweets.
Tweets saved to public/tweets.json
Attempting to clear remote tweet cache...
Clear cache status: 200
Clear cache headers: {"connection":["close"],"content-type":["application/json"],"date":["Wed, 11 Jun 2025 06:00:02 GMT"],"server":["nginx/1.18.0 (Ubuntu)"],"transfer-encoding":["chunked"],"vary":["RSC, Next-Router-State-Tree, Next-Router-Prefetch"]}
Clear cache response: {"message":"Cache cleared successfully"}
Remote tweet cache cleared successfully
Updating local cache indicator...
Local cache version updated to 41
Fetched 20 tweets, added 10 unique tweets.
Updated tweets file with 20 tweets.
Tweets saved to public/tweets.json
Attempting to clear remote tweet cache...
Clear cache status: 200
Clear cache headers: {"connection":["close"],"content-type":["application/json"],"date":["Thu, 12 Jun 2025 06:00:02 GMT"],"server":["nginx/1.18.0 (Ubuntu)"],"transfer-encoding":["chunked"],"vary":["RSC, Next-Router-State-Tree, Next-Router-Prefetch"]}
Clear cache response: {"message":"Cache cleared successfully"}
Remote tweet cache cleared successfully
Updating local cache indicator...
Local cache version updated to 42
Error fetching tweets: ApiResponseError: Request failed with code 429
    at RequestHandlerHelper.createResponseError (/home/ubuntu/apps/gotravel/node_modules/twitter-api-v2/dist/cjs/client-mixins/request-handler.helper.js:104:16)
    at RequestHandlerHelper.onResponseEndHandler (/home/ubuntu/apps/gotravel/node_modules/twitter-api-v2/dist/cjs/client-mixins/request-handler.helper.js:262:25)
    at Gunzip.emit (node:events:517:28)
    at endReadableNT (node:internal/streams/readable:1400:12)
    at process.processTicksAndRejections (node:internal/process/task_queues:82:21) {
  error: true,
  type: 'response',
  code: 429,
  headers: {
    date: 'Fri, 13 Jun 2025 06:00:02 GMT',
    'content-type': 'application/json; charset=utf-8',
    'content-length': '196',
    connection: 'close',
    perf: '7402827104',
    'set-cookie': [
      'guest_id=v1%3A174979440222994089; Max-Age=34214400; Expires=Tue, 14 Jul 2026 06:00:02 GMT; Path=/; Domain=.twitter.com; Secure; SameSite=None',
      '__cf_bm=zDESwufd7HTmCw81a86wL9nXmv8HkfUqceR0qFXwMVs-1749794402-1.0.1.1-zIGnWVBsudggiL4.QJWmZ8hb5FVR2Myv9C6Z..6i_c9hzOA1z0z1ibzHe94mQFL4lvlfHkGwnk35n.Asp9Uw96cOuKRDLJP4telU5cCTt3I; path=/; expires=Fri, 13-Jun-25 06:30:02 GMT; domain=.twitter.com; HttpOnly; Secure'
    ],
    'api-version': '2.141',
    'cache-control': 'no-cache, no-store, max-age=0',
    'x-access-level': 'read',
    'x-frame-options': 'SAMEORIGIN',
    'content-encoding': 'gzip',
    'x-transaction-id': 'ac289f4d2c21c4ae',
    'x-xss-protection': '0',
    'x-rate-limit-limit': '40000',
    'x-rate-limit-reset': '1749795302',
    'content-disposition': 'attachment; filename=json.json',
    'x-content-type-options': 'nosniff',
    'x-rate-limit-remaining': '39999',
    'strict-transport-security': 'max-age=631138519; includeSubdomains',
    'x-response-time': '21',
    'x-connection-hash': '58075f886cce9a5f519234dcddbe657e5aa79b48dd2df9131ef53c904173b55a',
    vary: 'accept-encoding',
    'cf-cache-status': 'DYNAMIC',
    server: 'cloudflare tsa_b',
    'cf-ray': '94ef5d85c9a0d6af-IAD'
  },
  rateLimit: { limit: 40000, remaining: 39999, reset: 1749795302 },
  data: {
    account_id: 1821227857097715700,
    product_name: 'standard-basic',
    title: 'UsageCapExceeded',
    period: 'Monthly',
    scope: 'Product',
    detail: 'Usage cap exceeded: Monthly product cap',
    type: 'https://api.twitter.com/2/problems/usage-capped'
  }
}
Error fetching tweets: ApiResponseError: Request failed with code 429
    at RequestHandlerHelper.createResponseError (/home/ubuntu/apps/gotravel/node_modules/twitter-api-v2/dist/cjs/client-mixins/request-handler.helper.js:104:16)
    at RequestHandlerHelper.onResponseEndHandler (/home/ubuntu/apps/gotravel/node_modules/twitter-api-v2/dist/cjs/client-mixins/request-handler.helper.js:262:25)
    at Gunzip.emit (node:events:517:28)
    at endReadableNT (node:internal/streams/readable:1400:12)
    at process.processTicksAndRejections (node:internal/process/task_queues:82:21) {
  error: true,
  type: 'response',
  code: 429,
  headers: {
    date: 'Sat, 14 Jun 2025 06:00:02 GMT',
    'content-type': 'application/json; charset=utf-8',
    'content-length': '94',
    connection: 'close',
    perf: '7402827104',
    'set-cookie': [
      'guest_id=v1%3A174988080241229252; Max-Age=34214400; Expires=Wed, 15 Jul 2026 06:00:02 GMT; Path=/; Domain=.twitter.com; Secure; SameSite=None',
      '__cf_bm=Mjn4YhHk_NzWO8VlVl79Va4JBMGI5Xi.3FOU.uvjuuA-1749880802-1.0.1.1-ks18V71tSGPH5_YZudAKh1zSFMbJmn6QXrefn16QyuV2yCt.5UNCMwk_72TOt4hx3Jeqt0coBKVCSD83GmJGxzrPC_5qzwGk6rDBoHP_5ig; path=/; expires=Sat, 14-Jun-25 06:30:02 GMT; domain=.twitter.com; HttpOnly; Secure'
    ],
    'api-version': '2.141',
    'cache-control': 'no-cache, no-store, max-age=0',
    'x-access-level': 'read',
    'x-frame-options': 'SAMEORIGIN',
    'content-encoding': 'gzip',
    'x-transaction-id': '8017fe41e07aeb44',
    'x-xss-protection': '0',
    'x-rate-limit-limit': '1',
    'x-rate-limit-reset': '1749881702',
    'content-disposition': 'attachment; filename=json.json',
    'x-content-type-options': 'nosniff',
    'x-rate-limit-remaining': '0',
    'strict-transport-security': 'max-age=631138519; includeSubdomains',
    'x-response-time': '9',
    'x-connection-hash': 'fd6b620c6e75fd080e3c0fce0d36d0b81f08e700491811db18056ad6aa282b1a',
    vary: 'accept-encoding',
    'cf-cache-status': 'DYNAMIC',
    server: 'cloudflare tsa_b',
    'cf-ray': '94f79ae6de945b10-IAD'
  },
  rateLimit: { limit: 1, remaining: 0, reset: 1749881702 },
  data: {
    title: 'Too Many Requests',
    detail: 'Too Many Requests',
    type: 'about:blank',
    status: 429
  }
}
Error fetching tweets: ApiResponseError: Request failed with code 429
    at RequestHandlerHelper.createResponseError (/home/ubuntu/apps/gotravel/node_modules/twitter-api-v2/dist/cjs/client-mixins/request-handler.helper.js:104:16)
    at RequestHandlerHelper.onResponseEndHandler (/home/ubuntu/apps/gotravel/node_modules/twitter-api-v2/dist/cjs/client-mixins/request-handler.helper.js:262:25)
    at Gunzip.emit (node:events:517:28)
    at endReadableNT (node:internal/streams/readable:1400:12)
    at process.processTicksAndRejections (node:internal/process/task_queues:82:21) {
  error: true,
  type: 'response',
  code: 429,
  headers: {
    date: 'Sun, 15 Jun 2025 06:00:02 GMT',
    'content-type': 'application/json; charset=utf-8',
    'content-length': '94',
    connection: 'close',
    perf: '7402827104',
    'set-cookie': [
      'guest_id=v1%3A174996720278745948; Max-Age=34214400; Expires=Thu, 16 Jul 2026 06:00:02 GMT; Path=/; Domain=.twitter.com; Secure; SameSite=None',
      '__cf_bm=Zyw3fb_tUUIyZpqEVK9hjnj4S4gER3crMCr3n7Y5chs-1749967202-1.0.1.1-d35lDgL1ckXhjcvSnsMHQHGHXzb9uc7ns_A6k6no3XIiHvT4_RT4K1b91C_iCMNLTR_ncKI1a2Vxg1TaFfOTWseMcYW1hrjinBtGs4kDAUY; path=/; expires=Sun, 15-Jun-25 06:30:02 GMT; domain=.twitter.com; HttpOnly; Secure'
    ],
    'api-version': '2.141',
    'cache-control': 'no-cache, no-store, max-age=0',
    'x-access-level': 'read',
    'x-frame-options': 'SAMEORIGIN',
    'content-encoding': 'gzip',
    'x-transaction-id': '36c7830af2b58870',
    'x-xss-protection': '0',
    'x-rate-limit-limit': '1',
    'x-rate-limit-reset': '1749968102',
    'content-disposition': 'attachment; filename=json.json',
    'x-content-type-options': 'nosniff',
    'x-rate-limit-remaining': '0',
    'strict-transport-security': 'max-age=631138519; includeSubdomains',
    'x-response-time': '13',
    'x-connection-hash': '732a7cd6bb9b00b4508d0debe5aba0c0e45045de7498b3d9e9ea0b750a9f410e',
    vary: 'accept-encoding',
    'cf-cache-status': 'DYNAMIC',
    server: 'cloudflare tsa_b',
    'cf-ray': '94ffd8493feb07e0-IAD'
  },
  rateLimit: { limit: 1, remaining: 0, reset: 1749968102 },
  data: {
    title: 'Too Many Requests',
    detail: 'Too Many Requests',
    type: 'about:blank',
    status: 429
  }
}
Error fetching tweets: ApiResponseError: Request failed with code 429
    at RequestHandlerHelper.createResponseError (/home/ubuntu/apps/gotravel/node_modules/twitter-api-v2/dist/cjs/client-mixins/request-handler.helper.js:104:16)
    at RequestHandlerHelper.onResponseEndHandler (/home/ubuntu/apps/gotravel/node_modules/twitter-api-v2/dist/cjs/client-mixins/request-handler.helper.js:262:25)
    at Gunzip.emit (node:events:517:28)
    at endReadableNT (node:internal/streams/readable:1400:12)
    at process.processTicksAndRejections (node:internal/process/task_queues:82:21) {
  error: true,
  type: 'response',
  code: 429,
  headers: {
    date: 'Mon, 16 Jun 2025 06:00:01 GMT',
    'content-type': 'application/json; charset=utf-8',
    'content-length': '94',
    connection: 'close',
    perf: '7402827104',
    'set-cookie': [
      'guest_id=v1%3A175005360158980349; Max-Age=34214400; Expires=Fri, 17 Jul 2026 06:00:01 GMT; Path=/; Domain=.twitter.com; Secure; SameSite=None',
      '__cf_bm=IwCs446bURBkdUdn5ZwAEt0HQzwZeEcsLEr5cyxnN1Q-1750053601-1.0.1.1-DHYVaXJX_LCVcMIHveMjZKakhBce6HCF0SDuYQ0jvGWEMhoYZaADvvgchsZ8FCd95ywwRpTUJyA2QVvH0wa_Ckk2w6pePXNQ6c34OCPOryQ; path=/; expires=Mon, 16-Jun-25 06:30:01 GMT; domain=.twitter.com; HttpOnly; Secure'
    ],
    'api-version': '2.141',
    'cache-control': 'no-cache, no-store, max-age=0',
    'x-access-level': 'read',
    'x-frame-options': 'SAMEORIGIN',
    'content-encoding': 'gzip',
    'x-transaction-id': 'be608bdc90de6684',
    'x-xss-protection': '0',
    'x-rate-limit-limit': '1',
    'x-rate-limit-reset': '1750054501',
    'content-disposition': 'attachment; filename=json.json',
    'x-content-type-options': 'nosniff',
    'x-rate-limit-remaining': '0',
    'strict-transport-security': 'max-age=631138519; includeSubdomains',
    'x-response-time': '18',
    'x-connection-hash': '595d1b8dec52a039dfc86d51990a69ed15594ee4b2bb03d3ed050b9f47779603',
    vary: 'accept-encoding',
    'cf-cache-status': 'DYNAMIC',
    server: 'cloudflare tsa_b',
    'cf-ray': '950815a1cbe88197-IAD'
  },
  rateLimit: { limit: 1, remaining: 0, reset: 1750054501 },
  data: {
    title: 'Too Many Requests',
    detail: 'Too Many Requests',
    type: 'about:blank',
    status: 429
  }
}
Error fetching tweets: ApiResponseError: Request failed with code 429
    at RequestHandlerHelper.createResponseError (/home/ubuntu/apps/gotravel/node_modules/twitter-api-v2/dist/cjs/client-mixins/request-handler.helper.js:104:16)
    at RequestHandlerHelper.onResponseEndHandler (/home/ubuntu/apps/gotravel/node_modules/twitter-api-v2/dist/cjs/client-mixins/request-handler.helper.js:262:25)
    at Gunzip.emit (node:events:517:28)
    at endReadableNT (node:internal/streams/readable:1400:12)
    at process.processTicksAndRejections (node:internal/process/task_queues:82:21) {
  error: true,
  type: 'response',
  code: 429,
  headers: {
    date: 'Tue, 17 Jun 2025 06:00:01 GMT',
    'content-type': 'application/json; charset=utf-8',
    'content-length': '196',
    connection: 'close',
    perf: '7402827104',
    'set-cookie': [
      'guest_id=v1%3A175014000139741481; Max-Age=34214400; Expires=Sat, 18 Jul 2026 06:00:01 GMT; Path=/; Domain=.twitter.com; Secure; SameSite=None',
      '__cf_bm=jeBINYL7CQ_COuisWXZi2wvHg3x2NLqDruV0h58Xjzo-1750140001-1.0.1.1-0Skpnf4fLL4XD03KnVeslR.8LE7Bzz8lFpcC.jV6scZmOdY.EDx6Pnt2QmbEul_pBI7J8C4T6p61LigdPvrJCdmTVjdmWlqKCskbDVe76So; path=/; expires=Tue, 17-Jun-25 06:30:01 GMT; domain=.twitter.com; HttpOnly; Secure'
    ],
    'api-version': '2.141',
    'cache-control': 'no-cache, no-store, max-age=0',
    'x-access-level': 'read',
    'x-frame-options': 'SAMEORIGIN',
    'content-encoding': 'gzip',
    'x-transaction-id': '01511ad270375f2b',
    'x-xss-protection': '0',
    'x-rate-limit-limit': '40000',
    'x-rate-limit-reset': '1750140901',
    'content-disposition': 'attachment; filename=json.json',
    'x-content-type-options': 'nosniff',
    'x-rate-limit-remaining': '39999',
    'strict-transport-security': 'max-age=631138519; includeSubdomains',
    'x-response-time': '20',
    'x-connection-hash': '53345beef2e6aa6a16de9647e125c38571a2377edabe5e9706d3a67da80945c1',
    'cf-cache-status': 'DYNAMIC',
    vary: 'accept-encoding',
    server: 'cloudflare tsa_b',
    'cf-ray': '951053009fc3d704-IAD'
  },
  rateLimit: { limit: 40000, remaining: 39999, reset: 1750140901 },
  data: {
    account_id: 1821227857097715700,
    product_name: 'standard-basic',
    title: 'UsageCapExceeded',
    period: 'Monthly',
    scope: 'Product',
    detail: 'Usage cap exceeded: Monthly product cap',
    type: 'https://api.twitter.com/2/problems/usage-capped'
  }
}
Error fetching tweets: ApiResponseError: Request failed with code 429
    at RequestHandlerHelper.createResponseError (/home/ubuntu/apps/gotravel/node_modules/twitter-api-v2/dist/cjs/client-mixins/request-handler.helper.js:104:16)
    at RequestHandlerHelper.onResponseEndHandler (/home/ubuntu/apps/gotravel/node_modules/twitter-api-v2/dist/cjs/client-mixins/request-handler.helper.js:262:25)
    at Gunzip.emit (node:events:517:28)
    at endReadableNT (node:internal/streams/readable:1400:12)
    at process.processTicksAndRejections (node:internal/process/task_queues:82:21) {
  error: true,
  type: 'response',
  code: 429,
  headers: {
    date: 'Wed, 18 Jun 2025 06:00:01 GMT',
    'content-type': 'application/json; charset=utf-8',
    'content-length': '196',
    connection: 'close',
    perf: '7402827104',
    'set-cookie': [
      'guest_id=v1%3A175022640167619886; Max-Age=34214400; Expires=Sun, 19 Jul 2026 06:00:01 GMT; Path=/; Domain=.twitter.com; Secure; SameSite=None',
      '__cf_bm=BlTWv168S4wHUDYW2Zm2iEz5OcItyzTr6niva.8XMQk-1750226401-1.0.1.1-hgrZSrQ8I6bN8UTXACu8a4H1.fXjM8w3ZhFuJUcH..84Lo8pRcVWnTbtoKV71gZjTygCaf4YG4WsIfNDsv9S7y7r4_RMkkeM.ZnvdsIv0GE; path=/; expires=Wed, 18-Jun-25 06:30:01 GMT; domain=.twitter.com; HttpOnly; Secure'
    ],
    'api-version': '2.141',
    'cache-control': 'no-cache, no-store, max-age=0',
    'x-access-level': 'read',
    'x-frame-options': 'SAMEORIGIN',
    'content-encoding': 'gzip',
    'x-transaction-id': '81931a5ee2ebd2ca',
    'x-xss-protection': '0',
    'x-rate-limit-limit': '40000',
    'x-rate-limit-reset': '1750227301',
    'content-disposition': 'attachment; filename=json.json',
    'x-content-type-options': 'nosniff',
    'x-rate-limit-remaining': '39998',
    'strict-transport-security': 'max-age=631138519; includeSubdomains',
    'x-response-time': '17',
    'x-connection-hash': '31736f961e7a6f2e375b9efe1750c0116b943f93e20ff77957959e62e9092580',
    'cf-cache-status': 'DYNAMIC',
    vary: 'accept-encoding',
    server: 'cloudflare tsa_b',
    'cf-ray': '9518906259f3e611-IAD'
  },
  rateLimit: { limit: 40000, remaining: 39998, reset: 1750227301 },
  data: {
    account_id: 1821227857097715700,
    product_name: 'standard-basic',
    title: 'UsageCapExceeded',
    period: 'Monthly',
    scope: 'Product',
    detail: 'Usage cap exceeded: Monthly product cap',
    type: 'https://api.twitter.com/2/problems/usage-capped'
  }
}
Error fetching tweets: ApiResponseError: Request failed with code 429
    at RequestHandlerHelper.createResponseError (/home/ubuntu/apps/gotravel/node_modules/twitter-api-v2/dist/cjs/client-mixins/request-handler.helper.js:104:16)
    at RequestHandlerHelper.onResponseEndHandler (/home/ubuntu/apps/gotravel/node_modules/twitter-api-v2/dist/cjs/client-mixins/request-handler.helper.js:262:25)
    at Gunzip.emit (node:events:517:28)
    at endReadableNT (node:internal/streams/readable:1400:12)
    at process.processTicksAndRejections (node:internal/process/task_queues:82:21) {
  error: true,
  type: 'response',
  code: 429,
  headers: {
    date: 'Thu, 19 Jun 2025 06:00:02 GMT',
    'content-type': 'application/json; charset=utf-8',
    'content-length': '94',
    connection: 'close',
    perf: '7402827104',
    'set-cookie': [
      'guest_id=v1%3A175031280208730372; Max-Age=34214400; Expires=Mon, 20 Jul 2026 06:00:02 GMT; Path=/; Domain=.twitter.com; Secure; SameSite=None',
      '__cf_bm=t4eED9ipwZaP5o0mpSLpQepIHIFq4znAhfqHphvufPY-1750312802-1.0.1.1-cejt0ucGRC29JuvJp5ykCy85N3aSbAEE1gX5lqEFLEiSmb1DDcmZSo64R5TLkixzBcV99QuSBnPtc0Xm7LEHoNdtMVXtUT0_OcksPS8J3eY; path=/; expires=Thu, 19-Jun-25 06:30:02 GMT; domain=.twitter.com; HttpOnly; Secure'
    ],
    'api-version': '2.141',
    'cache-control': 'no-cache, no-store, max-age=0',
    'x-access-level': 'read',
    'x-frame-options': 'SAMEORIGIN',
    'content-encoding': 'gzip',
    'x-transaction-id': '15f0690c62825f01',
    'x-xss-protection': '0',
    'x-rate-limit-limit': '1',
    'x-rate-limit-reset': '1750313702',
    'content-disposition': 'attachment; filename=json.json',
    'x-content-type-options': 'nosniff',
    'x-rate-limit-remaining': '0',
    'strict-transport-security': 'max-age=631138519; includeSubdomains',
    'x-response-time': '11',
    'x-connection-hash': 'f54992904d84f6a0bda40147ca48f829565743439ab122e328f6ad0df5b84146',
    vary: 'accept-encoding',
    'cf-cache-status': 'DYNAMIC',
    server: 'cloudflare tsa_b',
    'cf-ray': '9520cdc4db15541a-IAD'
  },
  rateLimit: { limit: 1, remaining: 0, reset: 1750313702 },
  data: {
    title: 'Too Many Requests',
    detail: 'Too Many Requests',
    type: 'about:blank',
    status: 429
  }
}
Error fetching tweets: ApiResponseError: Request failed with code 429
    at RequestHandlerHelper.createResponseError (/home/ubuntu/apps/gotravel/node_modules/twitter-api-v2/dist/cjs/client-mixins/request-handler.helper.js:104:16)
    at RequestHandlerHelper.onResponseEndHandler (/home/ubuntu/apps/gotravel/node_modules/twitter-api-v2/dist/cjs/client-mixins/request-handler.helper.js:262:25)
    at Gunzip.emit (node:events:517:28)
    at endReadableNT (node:internal/streams/readable:1400:12)
    at process.processTicksAndRejections (node:internal/process/task_queues:82:21) {
  error: true,
  type: 'response',
  code: 429,
  headers: {
    date: 'Fri, 20 Jun 2025 06:00:01 GMT',
    'content-type': 'application/json; charset=utf-8',
    'content-length': '94',
    connection: 'close',
    perf: '7402827104',
    'set-cookie': [
      'guest_id=v1%3A175039920158200830; Max-Age=34214400; Expires=Tue, 21 Jul 2026 06:00:01 GMT; Path=/; Domain=.twitter.com; Secure; SameSite=None',
      '__cf_bm=eHt3JBtaQ8NjKhUb3xg4xo.n4bXesgComZ.dLxrI9Lc-1750399201-1.0.1.1-qH1zJiB4l6xnRMw75GH7pXF.59XawkLjgMr6ea5gE8bdzpbF5SyxZWflDkOw0Ed.YzvNNlg6zJ7NnFZTvyNEa0oIVphACMo5NGh.Elo.uqA; path=/; expires=Fri, 20-Jun-25 06:30:01 GMT; domain=.twitter.com; HttpOnly; Secure'
    ],
    'api-version': '2.141',
    'cache-control': 'no-cache, no-store, max-age=0',
    'x-access-level': 'read',
    'x-frame-options': 'SAMEORIGIN',
    'content-encoding': 'gzip',
    'x-transaction-id': '4e4c48e4592f5f29',
    'x-xss-protection': '0',
    'x-rate-limit-limit': '1',
    'x-rate-limit-reset': '1750400101',
    'content-disposition': 'attachment; filename=json.json',
    'x-content-type-options': 'nosniff',
    'x-rate-limit-remaining': '0',
    'strict-transport-security': 'max-age=631138519; includeSubdomains',
    'x-response-time': '11',
    'x-connection-hash': '7e944e41830d87a868ccab884021f9da230e19b5f2f87203f8d5866351c4b26b',
    'cf-cache-status': 'DYNAMIC',
    vary: 'accept-encoding',
    server: 'cloudflare tsa_b',
    'cf-ray': '95290b21ba1881f1-IAD'
  },
  rateLimit: { limit: 1, remaining: 0, reset: 1750400101 },
  data: {
    title: 'Too Many Requests',
    detail: 'Too Many Requests',
    type: 'about:blank',
    status: 429
  }
}
Error fetching tweets: ApiResponseError: Request failed with code 429
    at RequestHandlerHelper.createResponseError (/home/ubuntu/apps/gotravel/node_modules/twitter-api-v2/dist/cjs/client-mixins/request-handler.helper.js:104:16)
    at RequestHandlerHelper.onResponseEndHandler (/home/ubuntu/apps/gotravel/node_modules/twitter-api-v2/dist/cjs/client-mixins/request-handler.helper.js:262:25)
    at Gunzip.emit (node:events:517:28)
    at endReadableNT (node:internal/streams/readable:1400:12)
    at process.processTicksAndRejections (node:internal/process/task_queues:82:21) {
  error: true,
  type: 'response',
  code: 429,
  headers: {
    date: 'Sat, 21 Jun 2025 06:00:02 GMT',
    'content-type': 'application/json; charset=utf-8',
    'content-length': '196',
    connection: 'close',
    perf: '7402827104',
    'set-cookie': [
      'guest_id=v1%3A175048560244912431; Max-Age=34214400; Expires=Wed, 22 Jul 2026 06:00:02 GMT; Path=/; Domain=.twitter.com; Secure; SameSite=None',
      '__cf_bm=A4ckfIGLxjYmHg.RXEkb6jP80y1N8W7fpClgJdeJZe0-1750485602-1.0.1.1-it.pkI9C4nM_v6r5AAip0PZCrwPJ3fSz1oCuVuvZWz4iLlyZSAaiuXl3zVRzdcw0RK0lm2mZ5jIKFZauS3BCo.0M7UT0UHIkB.nqkywVJzE; path=/; expires=Sat, 21-Jun-25 06:30:02 GMT; domain=.twitter.com; HttpOnly; Secure'
    ],
    'api-version': '2.141',
    'cache-control': 'no-cache, no-store, max-age=0',
    'x-access-level': 'read',
    'x-frame-options': 'SAMEORIGIN',
    'content-encoding': 'gzip',
    'x-transaction-id': 'c9517a8affdead12',
    'x-xss-protection': '0',
    'x-rate-limit-limit': '40000',
    'x-rate-limit-reset': '1750486502',
    'content-disposition': 'attachment; filename=json.json',
    'x-content-type-options': 'nosniff',
    'x-rate-limit-remaining': '39999',
    'strict-transport-security': 'max-age=631138519; includeSubdomains',
    'x-response-time': '24',
    'x-connection-hash': '576d7bc5ce283e2a64ae9ea2378b87abf357611fe0d76fab6b9d3f32c94c018f',
    vary: 'accept-encoding',
    'cf-cache-status': 'DYNAMIC',
    server: 'cloudflare tsa_b',
    'cf-ray': '953148872c8fe60c-IAD'
  },
  rateLimit: { limit: 40000, remaining: 39999, reset: 1750486502 },
  data: {
    account_id: 1821227857097715700,
    product_name: 'standard-basic',
    title: 'UsageCapExceeded',
    period: 'Monthly',
    scope: 'Product',
    detail: 'Usage cap exceeded: Monthly product cap',
    type: 'https://api.twitter.com/2/problems/usage-capped'
  }
}
Error fetching tweets: ApiResponseError: Request failed with code 429
    at RequestHandlerHelper.createResponseError (/home/ubuntu/apps/gotravel/node_modules/twitter-api-v2/dist/cjs/client-mixins/request-handler.helper.js:104:16)
    at RequestHandlerHelper.onResponseEndHandler (/home/ubuntu/apps/gotravel/node_modules/twitter-api-v2/dist/cjs/client-mixins/request-handler.helper.js:262:25)
    at Gunzip.emit (node:events:517:28)
    at endReadableNT (node:internal/streams/readable:1400:12)
    at process.processTicksAndRejections (node:internal/process/task_queues:82:21) {
  error: true,
  type: 'response',
  code: 429,
  headers: {
    date: 'Sun, 22 Jun 2025 06:00:02 GMT',
    'content-type': 'application/json; charset=utf-8',
    'content-length': '94',
    connection: 'close',
    perf: '7402827104',
    'set-cookie': [
      'guest_id=v1%3A175057200219132004; Max-Age=34214400; Expires=Thu, 23 Jul 2026 06:00:02 GMT; Path=/; Domain=.twitter.com; Secure; SameSite=None',
      '__cf_bm=iWP9GiiC6_peBdyzhLxXSJhkiIqXxalSnp..KLr8tmI-1750572002-1.0.1.1-Z8GCCu9MBcAxl5sv7K619dwc9y4GUBWIJoJpAqgSElnUUjiYpyzZcidnpXgJ.BW_ztAEYD1Mf3kSNLN7DEpZzL0fJnmSoaDkxZSNa1EKBJo; path=/; expires=Sun, 22-Jun-25 06:30:02 GMT; domain=.twitter.com; HttpOnly; Secure'
    ],
    'api-version': '2.141',
    'cache-control': 'no-cache, no-store, max-age=0',
    'x-access-level': 'read',
    'x-frame-options': 'SAMEORIGIN',
    'content-encoding': 'gzip',
    'x-transaction-id': 'bd2331a2a9fe4782',
    'x-xss-protection': '0',
    'x-rate-limit-limit': '1',
    'x-rate-limit-reset': '1750572902',
    'content-disposition': 'attachment; filename=json.json',
    'x-content-type-options': 'nosniff',
    'x-rate-limit-remaining': '0',
    'strict-transport-security': 'max-age=631138519; includeSubdomains',
    'x-response-time': '18',
    'x-connection-hash': '69fef289d2d004832035a2245100c3464a86b72fc593896e18effa5de91e7249',
    vary: 'accept-encoding',
    'cf-cache-status': 'DYNAMIC',
    server: 'cloudflare tsa_b',
    'cf-ray': '953985e588e9e629-IAD'
  },
  rateLimit: { limit: 1, remaining: 0, reset: 1750572902 },
  data: {
    title: 'Too Many Requests',
    detail: 'Too Many Requests',
    type: 'about:blank',
    status: 429
  }
}
Error fetching tweets: ApiResponseError: Request failed with code 429
    at RequestHandlerHelper.createResponseError (/home/ubuntu/apps/gotravel/node_modules/twitter-api-v2/dist/cjs/client-mixins/request-handler.helper.js:104:16)
    at RequestHandlerHelper.onResponseEndHandler (/home/ubuntu/apps/gotravel/node_modules/twitter-api-v2/dist/cjs/client-mixins/request-handler.helper.js:262:25)
    at Gunzip.emit (node:events:517:28)
    at endReadableNT (node:internal/streams/readable:1400:12)
    at process.processTicksAndRejections (node:internal/process/task_queues:82:21) {
  error: true,
  type: 'response',
  code: 429,
  headers: {
    date: 'Mon, 23 Jun 2025 06:00:01 GMT',
    'content-type': 'application/json; charset=utf-8',
    'content-length': '94',
    connection: 'close',
    perf: '7402827104',
    'set-cookie': [
      'guest_id=v1%3A175065840170600302; Max-Age=34214400; Expires=Fri, 24 Jul 2026 06:00:01 GMT; Path=/; Domain=.twitter.com; Secure; SameSite=None',
      '__cf_bm=IFWh.ThH27zMJ4uVc0lSzuroe0gqDMhCMho_umuEEMw-1750658401-1.0.1.1-FI4tIyf9iW1y84orDTclayh_z2P34oJaztfzWFQz1y1vZVfkMw6jR1owyzYCrz.5XdzwIl6vRuYu5tO6tLMNs4_dQsDeYsznPZXhFcXFdlQ; path=/; expires=Mon, 23-Jun-25 06:30:01 GMT; domain=.twitter.com; HttpOnly; Secure'
    ],
    'api-version': '2.141',
    'cache-control': 'no-cache, no-store, max-age=0',
    'x-access-level': 'read',
    'x-frame-options': 'SAMEORIGIN',
    'content-encoding': 'gzip',
    'x-transaction-id': '65f5f4018cfe7d0c',
    'x-xss-protection': '0',
    'x-rate-limit-limit': '1',
    'x-rate-limit-reset': '1750659301',
    'content-disposition': 'attachment; filename=json.json',
    'x-content-type-options': 'nosniff',
    'x-rate-limit-remaining': '0',
    'strict-transport-security': 'max-age=631138519; includeSubdomains',
    'x-response-time': '9',
    'x-connection-hash': 'adabde5c709b410c68657c0c511c4fb418a948209ebbdff5f968a04ffaeb2145',
    vary: 'accept-encoding',
    'cf-cache-status': 'DYNAMIC',
    server: 'cloudflare tsa_b',
    'cf-ray': '9541c3427b92204b-IAD'
  },
  rateLimit: { limit: 1, remaining: 0, reset: 1750659301 },
  data: {
    title: 'Too Many Requests',
    detail: 'Too Many Requests',
    type: 'about:blank',
    status: 429
  }
}
Error fetching tweets: ApiResponseError: Request failed with code 429
    at RequestHandlerHelper.createResponseError (/home/ubuntu/apps/gotravel/node_modules/twitter-api-v2/dist/cjs/client-mixins/request-handler.helper.js:104:16)
    at RequestHandlerHelper.onResponseEndHandler (/home/ubuntu/apps/gotravel/node_modules/twitter-api-v2/dist/cjs/client-mixins/request-handler.helper.js:262:25)
    at Gunzip.emit (node:events:517:28)
    at endReadableNT (node:internal/streams/readable:1400:12)
    at process.processTicksAndRejections (node:internal/process/task_queues:82:21) {
  error: true,
  type: 'response',
  code: 429,
  headers: {
    date: 'Tue, 24 Jun 2025 06:00:02 GMT',
    'content-type': 'application/json; charset=utf-8',
    'content-length': '94',
    connection: 'close',
    perf: '7402827104',
    'set-cookie': [
      'guest_id=v1%3A175074480277956779; Max-Age=34214400; Expires=Sat, 25 Jul 2026 06:00:02 GMT; Path=/; Domain=.twitter.com; Secure; SameSite=None',
      '__cf_bm=bhMXbVp4sUhsvGqQEbzTFd9YKCyUva.eQK2tBBe3sGo-1750744802-1.0.1.1-G9cOyaA3ldqoybVMuphKlFCq7yrJqHTW3o9FFSfxQUnaU.BvGLQfUQrCj6B0u.2XG.TxbU.PR2UszwDR39cyhqb6oMReJ8KpdURsZmyx1Pw; path=/; expires=Tue, 24-Jun-25 06:30:02 GMT; domain=.twitter.com; HttpOnly; Secure'
    ],
    'api-version': '2.142',
    'cache-control': 'no-cache, no-store, max-age=0',
    'x-access-level': 'read',
    'x-frame-options': 'SAMEORIGIN',
    'content-encoding': 'gzip',
    'x-transaction-id': '146010ab720043ba',
    'x-xss-protection': '0',
    'x-rate-limit-limit': '1',
    'x-rate-limit-reset': '1750745702',
    'content-disposition': 'attachment; filename=json.json',
    'x-content-type-options': 'nosniff',
    'x-rate-limit-remaining': '0',
    'strict-transport-security': 'max-age=631138519; includeSubdomains',
    'x-response-time': '16',
    'x-connection-hash': '7a603622ddc5857f6f4cdc7e5f0958028390ae24360adb65915fa9fa4f79d879',
    'cf-cache-status': 'DYNAMIC',
    vary: 'accept-encoding',
    server: 'cloudflare tsa_b',
    'cf-ray': '954a00a93da33389-IAD'
  },
  rateLimit: { limit: 1, remaining: 0, reset: 1750745702 },
  data: {
    title: 'Too Many Requests',
    detail: 'Too Many Requests',
    type: 'about:blank',
    status: 429
  }
}
Error fetching tweets: ApiResponseError: Request failed with code 429
    at RequestHandlerHelper.createResponseError (/home/ubuntu/apps/gotravel/node_modules/twitter-api-v2/dist/cjs/client-mixins/request-handler.helper.js:104:16)
    at RequestHandlerHelper.onResponseEndHandler (/home/ubuntu/apps/gotravel/node_modules/twitter-api-v2/dist/cjs/client-mixins/request-handler.helper.js:262:25)
    at Gunzip.emit (node:events:517:28)
    at endReadableNT (node:internal/streams/readable:1400:12)
    at process.processTicksAndRejections (node:internal/process/task_queues:82:21) {
  error: true,
  type: 'response',
  code: 429,
  headers: {
    date: 'Wed, 25 Jun 2025 06:00:02 GMT',
    'content-type': 'application/json; charset=utf-8',
    'content-length': '196',
    connection: 'close',
    perf: '7402827104',
    'set-cookie': [
      'guest_id=v1%3A175083120246166145; Max-Age=34214400; Expires=Sun, 26 Jul 2026 06:00:02 GMT; Path=/; Domain=.twitter.com; Secure; SameSite=None',
      '__cf_bm=._xZ3ce.BBxmfg6UxxLN5Ic4jaBBTfGeHpt56GBK8yg-1750831202-1.0.1.1-ikX6dtUMVjfE3ZngUpq2gSP9O_jDDyY0mMYJW_ZTrvIgprMhH67TW.CYZRDsa5UeeAIpcluetA.EGRQ6WSWvDJyc1XvDmm0yQwt2TnTgM9g; path=/; expires=Wed, 25-Jun-25 06:30:02 GMT; domain=.twitter.com; HttpOnly; Secure'
    ],
    'api-version': '2.142',
    'cache-control': 'no-cache, no-store, max-age=0',
    'x-access-level': 'read',
    'x-frame-options': 'SAMEORIGIN',
    'content-encoding': 'gzip',
    'x-transaction-id': 'ddbf4f0f9af3946e',
    'x-xss-protection': '0',
    'x-rate-limit-limit': '40000',
    'x-rate-limit-reset': '1750832102',
    'content-disposition': 'attachment; filename=json.json',
    'x-content-type-options': 'nosniff',
    'x-rate-limit-remaining': '39999',
    'strict-transport-security': 'max-age=631138519; includeSubdomains',
    'x-response-time': '18',
    'x-connection-hash': '6f64e1ad218e4aab8c2b31df2b605c29633fafe75c527e147c877322936a342d',
    vary: 'accept-encoding',
    'cf-cache-status': 'DYNAMIC',
    server: 'cloudflare tsa_b',
    'cf-ray': '95523e073e2d6006-IAD'
  },
  rateLimit: { limit: 40000, remaining: 39999, reset: 1750832102 },
  data: {
    account_id: 1821227857097715700,
    product_name: 'standard-basic',
    title: 'UsageCapExceeded',
    period: 'Monthly',
    scope: 'Product',
    detail: 'Usage cap exceeded: Monthly product cap',
    type: 'https://api.twitter.com/2/problems/usage-capped'
  }
}
Error fetching tweets: ApiResponseError: Request failed with code 429
    at RequestHandlerHelper.createResponseError (/home/ubuntu/apps/gotravel/node_modules/twitter-api-v2/dist/cjs/client-mixins/request-handler.helper.js:104:16)
    at RequestHandlerHelper.onResponseEndHandler (/home/ubuntu/apps/gotravel/node_modules/twitter-api-v2/dist/cjs/client-mixins/request-handler.helper.js:262:25)
    at Gunzip.emit (node:events:517:28)
    at endReadableNT (node:internal/streams/readable:1400:12)
    at process.processTicksAndRejections (node:internal/process/task_queues:82:21) {
  error: true,
  type: 'response',
  code: 429,
  headers: {
    date: 'Thu, 26 Jun 2025 06:00:02 GMT',
    'content-type': 'application/json; charset=utf-8',
    'content-length': '94',
    connection: 'close',
    perf: '7402827104',
    'set-cookie': [
      'guest_id=v1%3A175091760255285383; Max-Age=34214400; Expires=Mon, 27 Jul 2026 06:00:02 GMT; Path=/; Domain=.twitter.com; Secure; SameSite=None',
      '__cf_bm=lYcLucCxgOucFOFhgjFP.ZCJMgl_lOxILUbMxwiqunE-1750917602-1.0.1.1-6VRfZuuCxaZp1zpnIJBHyokLmQJpVTrdOxkUI_iKgblZe4o5dWj7az5Pz8RxxSBjWwoZM6Kyjw1tAjmK_giOX.lIYvOtzVI1ASZ0EO.VWYU; path=/; expires=Thu, 26-Jun-25 06:30:02 GMT; domain=.twitter.com; HttpOnly; Secure'
    ],
    'api-version': '2.142',
    'cache-control': 'no-cache, no-store, max-age=0',
    'x-access-level': 'read',
    'x-frame-options': 'SAMEORIGIN',
    'content-encoding': 'gzip',
    'x-transaction-id': 'c7b4bbebda54b87d',
    'x-xss-protection': '0',
    'x-rate-limit-limit': '1',
    'x-rate-limit-reset': '1750918502',
    'content-disposition': 'attachment; filename=json.json',
    'x-content-type-options': 'nosniff',
    'x-rate-limit-remaining': '0',
    'strict-transport-security': 'max-age=631138519; includeSubdomains',
    'x-response-time': '17',
    'x-connection-hash': 'db93c751c4d7891cc63ff667a92235f4377edc5c817b89e27af83af7762db62d',
    vary: 'accept-encoding',
    'cf-cache-status': 'DYNAMIC',
    server: 'cloudflare tsa_b',
    'cf-ray': '955a7b67c9553b92-IAD'
  },
  rateLimit: { limit: 1, remaining: 0, reset: 1750918502 },
  data: {
    title: 'Too Many Requests',
    detail: 'Too Many Requests',
    type: 'about:blank',
    status: 429
  }
}
Error fetching tweets: ApiResponseError: Request failed with code 429
    at RequestHandlerHelper.createResponseError (/home/ubuntu/apps/gotravel/node_modules/twitter-api-v2/dist/cjs/client-mixins/request-handler.helper.js:104:16)
    at RequestHandlerHelper.onResponseEndHandler (/home/ubuntu/apps/gotravel/node_modules/twitter-api-v2/dist/cjs/client-mixins/request-handler.helper.js:262:25)
    at Gunzip.emit (node:events:517:28)
    at endReadableNT (node:internal/streams/readable:1400:12)
    at process.processTicksAndRejections (node:internal/process/task_queues:82:21) {
  error: true,
  type: 'response',
  code: 429,
  headers: {
    date: 'Fri, 27 Jun 2025 06:00:02 GMT',
    'content-type': 'application/json; charset=utf-8',
    'content-length': '196',
    connection: 'close',
    perf: '7402827104',
    'set-cookie': [
      'guest_id=v1%3A175100400272920498; Max-Age=34214400; Expires=Tue, 28 Jul 2026 06:00:02 GMT; Path=/; Domain=.twitter.com; Secure; SameSite=None',
      '__cf_bm=yLkx6VPxD0sw9T69L2eP0WcV3KnSL7.eDhEdMJsvrfA-1751004002-1.0.1.1-oaTzIRLs1E9PIMvJhyx2.Ze6.fmm8kIFImRSQqjVOzRbm1Xhow5Ww4uaYJ7Gr9bL89x5mkvaNeZ6DSc9Xkp6GLbXoLNocT_bLvVHzJR.r_I; path=/; expires=Fri, 27-Jun-25 06:30:02 GMT; domain=.twitter.com; HttpOnly; Secure'
    ],
    'api-version': '2.142',
    'cache-control': 'no-cache, no-store, max-age=0',
    'x-access-level': 'read',
    'x-frame-options': 'SAMEORIGIN',
    'content-encoding': 'gzip',
    'x-transaction-id': '30806976375df830',
    'x-xss-protection': '0',
    'x-rate-limit-limit': '40000',
    'x-rate-limit-reset': '1751004902',
    'content-disposition': 'attachment; filename=json.json',
    'x-content-type-options': 'nosniff',
    'x-rate-limit-remaining': '39998',
    'strict-transport-security': 'max-age=631138519; includeSubdomains',
    'x-response-time': '17',
    'x-connection-hash': 'de9a03d616766a9501cfd1f2db973b493143b874bb882e53d109512ff652d0ba',
    'cf-cache-status': 'DYNAMIC',
    vary: 'accept-encoding',
    server: 'cloudflare tsa_b',
    'cf-ray': '9562b8c8fe9a6e25-IAD'
  },
  rateLimit: { limit: 40000, remaining: 39998, reset: 1751004902 },
  data: {
    account_id: 1821227857097715700,
    product_name: 'standard-basic',
    title: 'UsageCapExceeded',
    period: 'Monthly',
    scope: 'Product',
    detail: 'Usage cap exceeded: Monthly product cap',
    type: 'https://api.twitter.com/2/problems/usage-capped'
  }
}
Error fetching tweets: ApiResponseError: Request failed with code 429
    at RequestHandlerHelper.createResponseError (/home/ubuntu/apps/gotravel/node_modules/twitter-api-v2/dist/cjs/client-mixins/request-handler.helper.js:104:16)
    at RequestHandlerHelper.onResponseEndHandler (/home/ubuntu/apps/gotravel/node_modules/twitter-api-v2/dist/cjs/client-mixins/request-handler.helper.js:262:25)
    at Gunzip.emit (node:events:517:28)
    at endReadableNT (node:internal/streams/readable:1400:12)
    at process.processTicksAndRejections (node:internal/process/task_queues:82:21) {
  error: true,
  type: 'response',
  code: 429,
  headers: {
    date: 'Sat, 28 Jun 2025 06:00:02 GMT',
    'content-type': 'application/json; charset=utf-8',
    'content-length': '196',
    connection: 'close',
    perf: '7402827104',
    'set-cookie': [
      'guest_id=v1%3A175109040230001372; Max-Age=34214400; Expires=Wed, 29 Jul 2026 06:00:02 GMT; Path=/; Domain=.twitter.com; Secure; SameSite=None',
      '__cf_bm=Edmhv8y8otVKxtR9j3qeFFDWcafFygMa9h4aXq0u6r8-1751090402-1.0.1.1-qItiaXfyyH7WzZ7u_AMcL9OAGOSnQDVHEiwECVcJ38Ieq8G2AHFQ9jCdtgaS3laLY_VIfsWaKYDyr7ud8TDOfo.CUGsgwaVEaHxASVT6C_E; path=/; expires=Sat, 28-Jun-25 06:30:02 GMT; domain=.twitter.com; HttpOnly; Secure'
    ],
    'api-version': '2.142',
    'cache-control': 'no-cache, no-store, max-age=0',
    'x-access-level': 'read',
    'x-frame-options': 'SAMEORIGIN',
    'content-encoding': 'gzip',
    'x-transaction-id': '305ce26a25f6afb8',
    'x-xss-protection': '0',
    'x-rate-limit-limit': '40000',
    'x-rate-limit-reset': '1751091302',
    'content-disposition': 'attachment; filename=json.json',
    'x-content-type-options': 'nosniff',
    'x-rate-limit-remaining': '39999',
    'strict-transport-security': 'max-age=631138519; includeSubdomains',
    'x-response-time': '18',
    'x-connection-hash': '4ea570680ed45c0b4515c357cc895f692a2d7a26b1bf60971853d1050e18e643',
    vary: 'accept-encoding',
    'cf-cache-status': 'DYNAMIC',
    server: 'cloudflare tsa_b',
    'cf-ray': '956af6263fdc8bda-IAD'
  },
  rateLimit: { limit: 40000, remaining: 39999, reset: 1751091302 },
  data: {
    account_id: 1821227857097715700,
    product_name: 'standard-basic',
    title: 'UsageCapExceeded',
    period: 'Monthly',
    scope: 'Product',
    detail: 'Usage cap exceeded: Monthly product cap',
    type: 'https://api.twitter.com/2/problems/usage-capped'
  }
}
Error fetching tweets: ApiResponseError: Request failed with code 429
    at RequestHandlerHelper.createResponseError (/home/ubuntu/apps/gotravel/node_modules/twitter-api-v2/dist/cjs/client-mixins/request-handler.helper.js:104:16)
    at RequestHandlerHelper.onResponseEndHandler (/home/ubuntu/apps/gotravel/node_modules/twitter-api-v2/dist/cjs/client-mixins/request-handler.helper.js:262:25)
    at Gunzip.emit (node:events:517:28)
    at endReadableNT (node:internal/streams/readable:1400:12)
    at process.processTicksAndRejections (node:internal/process/task_queues:82:21) {
  error: true,
  type: 'response',
  code: 429,
  headers: {
    date: 'Sun, 29 Jun 2025 06:00:02 GMT',
    'content-type': 'application/json; charset=utf-8',
    'content-length': '196',
    connection: 'close',
    perf: '7402827104',
    'set-cookie': [
      'guest_id=v1%3A175117680210795161; Max-Age=34214400; Expires=Thu, 30 Jul 2026 06:00:02 GMT; Path=/; Domain=.twitter.com; Secure; SameSite=None',
      '__cf_bm=gSekgMVNR8V_o4dv4SFbuimXDr5Y2Utcr2P_81YIxdU-1751176802-1.0.1.1-5oNmV.dKR18wVUMm7iKjIeHqIDvVMSJCjtDCK2ObLF5.282oadRJiOjttiRbAQWllnSHkXp3TSIuqg6DJ9GmnMdmmSP9_m8DV37vlhcGx98; path=/; expires=Sun, 29-Jun-25 06:30:02 GMT; domain=.twitter.com; HttpOnly; Secure'
    ],
    'api-version': '2.142',
    'cache-control': 'no-cache, no-store, max-age=0',
    'x-access-level': 'read',
    'x-frame-options': 'SAMEORIGIN',
    'content-encoding': 'gzip',
    'x-transaction-id': '0cea4712fe3d8715',
    'x-xss-protection': '0',
    'x-rate-limit-limit': '40000',
    'x-rate-limit-reset': '1751177702',
    'content-disposition': 'attachment; filename=json.json',
    'x-content-type-options': 'nosniff',
    'x-rate-limit-remaining': '39999',
    'strict-transport-security': 'max-age=631138519; includeSubdomains',
    'x-response-time': '19',
    'x-connection-hash': 'd40d37fa89ee14f84c2f0f467d88c73a1a34dbf2c9e8d57dcbc2c04ee9f832fb',
    vary: 'accept-encoding',
    'cf-cache-status': 'DYNAMIC',
    server: 'cloudflare tsa_b',
    'cf-ray': '957333850d4cf828-IAD'
  },
  rateLimit: { limit: 40000, remaining: 39999, reset: 1751177702 },
  data: {
    account_id: 1821227857097715700,
    product_name: 'standard-basic',
    title: 'UsageCapExceeded',
    period: 'Monthly',
    scope: 'Product',
    detail: 'Usage cap exceeded: Monthly product cap',
    type: 'https://api.twitter.com/2/problems/usage-capped'
  }
}
Error fetching tweets: ApiResponseError: Request failed with code 429
    at RequestHandlerHelper.createResponseError (/home/ubuntu/apps/gotravel/node_modules/twitter-api-v2/dist/cjs/client-mixins/request-handler.helper.js:104:16)
    at RequestHandlerHelper.onResponseEndHandler (/home/ubuntu/apps/gotravel/node_modules/twitter-api-v2/dist/cjs/client-mixins/request-handler.helper.js:262:25)
    at Gunzip.emit (node:events:517:28)
    at endReadableNT (node:internal/streams/readable:1400:12)
    at process.processTicksAndRejections (node:internal/process/task_queues:82:21) {
  error: true,
  type: 'response',
  code: 429,
  headers: {
    date: 'Mon, 30 Jun 2025 06:00:02 GMT',
    'content-type': 'application/json; charset=utf-8',
    'content-length': '196',
    connection: 'close',
    perf: '7402827104',
    'set-cookie': [
      'guest_id=v1%3A175126320226454662; Max-Age=34214400; Expires=Fri, 31 Jul 2026 06:00:02 GMT; Path=/; Domain=.twitter.com; Secure; SameSite=None',
      '__cf_bm=Cw0UGUIC..zVDNW0DnfY9GyoNabhW8.PsrP_2QKImSI-1751263202-1.0.1.1-bud1wj8g4dM4s6LBTVonHfuEbOpc5M_cxYL0HDIoNijVkn_0KLBpx0gfkOh_UzdeEiIgItHTklxzp5ZVtWjiz1_B3ufSs0dSyC9wrDxxPGg; path=/; expires=Mon, 30-Jun-25 06:30:02 GMT; domain=.twitter.com; HttpOnly; Secure'
    ],
    'api-version': '2.142',
    'cache-control': 'no-cache, no-store, max-age=0',
    'x-access-level': 'read',
    'x-frame-options': 'SAMEORIGIN',
    'content-encoding': 'gzip',
    'x-transaction-id': '376d4d5cf274f6ad',
    'x-xss-protection': '0',
    'x-rate-limit-limit': '40000',
    'x-rate-limit-reset': '1751264102',
    'content-disposition': 'attachment; filename=json.json',
    'x-content-type-options': 'nosniff',
    'x-rate-limit-remaining': '39998',
    'strict-transport-security': 'max-age=631138519; includeSubdomains',
    'x-response-time': '17',
    'x-connection-hash': 'fa97c5fdcca24dba9c32aed1f44e91a8645b8dcb4490cd1379fbb1b0b844bfc3',
    vary: 'accept-encoding',
    'cf-cache-status': 'DYNAMIC',
    server: 'cloudflare tsa_b',
    'cf-ray': '957b70e5fb51394c-IAD'
  },
  rateLimit: { limit: 40000, remaining: 39998, reset: 1751264102 },
  data: {
    account_id: 1821227857097715700,
    product_name: 'standard-basic',
    title: 'UsageCapExceeded',
    period: 'Monthly',
    scope: 'Product',
    detail: 'Usage cap exceeded: Monthly product cap',
    type: 'https://api.twitter.com/2/problems/usage-capped'
  }
}
Error fetching tweets: ApiResponseError: Request failed with code 429
    at RequestHandlerHelper.createResponseError (/home/ubuntu/apps/gotravel/node_modules/twitter-api-v2/dist/cjs/client-mixins/request-handler.helper.js:104:16)
    at RequestHandlerHelper.onResponseEndHandler (/home/ubuntu/apps/gotravel/node_modules/twitter-api-v2/dist/cjs/client-mixins/request-handler.helper.js:262:25)
    at Gunzip.emit (node:events:517:28)
    at endReadableNT (node:internal/streams/readable:1400:12)
    at process.processTicksAndRejections (node:internal/process/task_queues:82:21) {
  error: true,
  type: 'response',
  code: 429,
  headers: {
    date: 'Tue, 01 Jul 2025 06:00:01 GMT',
    'content-type': 'application/json; charset=utf-8',
    'content-length': '196',
    connection: 'close',
    perf: '7402827104',
    'set-cookie': [
      'guest_id=v1%3A175134960150054400; Max-Age=34214400; Expires=Sat, 01 Aug 2026 06:00:01 GMT; Path=/; Domain=.twitter.com; Secure; SameSite=None',
      '__cf_bm=sKVmIH.EwttEt7682T3b7Dq8KO7JYhXBnECbd_gnlt0-1751349601-1.0.1.1-dN5OhR.mvGDomYZ7Yc3nLqGyfPpwQrEW6Md.mJSNpO9bHMZLStegIYHVF8Q67pKmfDZB0jcyChDndzLHpkaJuIUmIukZqIii8iDPixgoUfY; path=/; expires=Tue, 01-Jul-25 06:30:01 GMT; domain=.twitter.com; HttpOnly; Secure'
    ],
    'api-version': '2.142',
    'cache-control': 'no-cache, no-store, max-age=0',
    'x-access-level': 'read',
    'x-frame-options': 'SAMEORIGIN',
    'content-encoding': 'gzip',
    'x-transaction-id': 'c864a4d96657c605',
    'x-xss-protection': '0',
    'x-rate-limit-limit': '40000',
    'x-rate-limit-reset': '1751350501',
    'content-disposition': 'attachment; filename=json.json',
    'x-content-type-options': 'nosniff',
    'x-rate-limit-remaining': '39999',
    'strict-transport-security': 'max-age=631138519; includeSubdomains',
    'x-response-time': '18',
    'x-connection-hash': 'eabb0cf40a7ee58428ed1c3ae6c5c7bf8c2bc6e82b94205bfb2ca10ebcafe024',
    vary: 'accept-encoding',
    'cf-cache-status': 'DYNAMIC',
    server: 'cloudflare tsa_b',
    'cf-ray': '9583ae413bd54e62-IAD'
  },
  rateLimit: { limit: 40000, remaining: 39999, reset: 1751350501 },
  data: {
    account_id: 1821227857097715700,
    product_name: 'standard-basic',
    title: 'UsageCapExceeded',
    period: 'Monthly',
    scope: 'Product',
    detail: 'Usage cap exceeded: Monthly product cap',
    type: 'https://api.twitter.com/2/problems/usage-capped'
  }
}
Error fetching tweets: ApiResponseError: Request failed with code 429
    at RequestHandlerHelper.createResponseError (/home/ubuntu/apps/gotravel/node_modules/twitter-api-v2/dist/cjs/client-mixins/request-handler.helper.js:104:16)
    at RequestHandlerHelper.onResponseEndHandler (/home/ubuntu/apps/gotravel/node_modules/twitter-api-v2/dist/cjs/client-mixins/request-handler.helper.js:262:25)
    at Gunzip.emit (node:events:517:28)
    at endReadableNT (node:internal/streams/readable:1400:12)
    at process.processTicksAndRejections (node:internal/process/task_queues:82:21) {
  error: true,
  type: 'response',
  code: 429,
  headers: {
    date: 'Wed, 02 Jul 2025 06:00:02 GMT',
    'content-type': 'application/json; charset=utf-8',
    'content-length': '196',
    connection: 'close',
    perf: '7402827104',
    'set-cookie': [
      'guest_id=v1%3A175143600293088462; Max-Age=34214400; Expires=Sun, 02 Aug 2026 06:00:02 GMT; Path=/; Domain=.twitter.com; Secure; SameSite=None',
      '__cf_bm=KwyHlNl1o8.fd_Rou5xTzlJLeKcfKPKh4zKyEORY6Pk-1751436002-1.0.1.1-sAwC1e4dsK7fT.F57KaiJUNkL.Q5YWZU9GOcZ165Fb2zVAz91XjBPlNikxHiExu5L9P58rfVdjGqmJC3Q9hwIabzEF678jrDOZb2qPURqKY; path=/; expires=Wed, 02-Jul-25 06:30:02 GMT; domain=.twitter.com; HttpOnly; Secure'
    ],
    'api-version': '2.142',
    'cache-control': 'no-cache, no-store, max-age=0',
    'x-access-level': 'read',
    'x-frame-options': 'SAMEORIGIN',
    'content-encoding': 'gzip',
    'x-transaction-id': '732d5fb3e9c5d81d',
    'x-xss-protection': '0',
    'x-rate-limit-limit': '40000',
    'x-rate-limit-reset': '1751436902',
    'content-disposition': 'attachment; filename=json.json',
    'x-content-type-options': 'nosniff',
    'x-rate-limit-remaining': '39999',
    'strict-transport-security': 'max-age=631138519; includeSubdomains',
    'x-response-time': '26',
    'x-connection-hash': 'adc951e025c120927910fbda090348f50e8d0d1647e1a3998ddd6a256f30a8e4',
    vary: 'accept-encoding',
    'cf-cache-status': 'DYNAMIC',
    server: 'cloudflare tsa_b',
    'cf-ray': '958bebaa2b8482ff-IAD'
  },
  rateLimit: { limit: 40000, remaining: 39999, reset: 1751436902 },
  data: {
    account_id: 1821227857097715700,
    product_name: 'standard-basic',
    title: 'UsageCapExceeded',
    period: 'Monthly',
    scope: 'Product',
    detail: 'Usage cap exceeded: Monthly product cap',
    type: 'https://api.twitter.com/2/problems/usage-capped'
  }
}
Error fetching tweets: ApiResponseError: Request failed with code 429
    at RequestHandlerHelper.createResponseError (/home/ubuntu/apps/gotravel/node_modules/twitter-api-v2/dist/cjs/client-mixins/request-handler.helper.js:104:16)
    at RequestHandlerHelper.onResponseEndHandler (/home/ubuntu/apps/gotravel/node_modules/twitter-api-v2/dist/cjs/client-mixins/request-handler.helper.js:262:25)
    at Gunzip.emit (node:events:517:28)
    at endReadableNT (node:internal/streams/readable:1400:12)
    at process.processTicksAndRejections (node:internal/process/task_queues:82:21) {
  error: true,
  type: 'response',
  code: 429,
  headers: {
    date: 'Thu, 03 Jul 2025 06:00:01 GMT',
    'content-type': 'application/json; charset=utf-8',
    'content-length': '196',
    connection: 'close',
    perf: '7402827104',
    'set-cookie': [
      'guest_id=v1%3A175152240169720153; Max-Age=34214400; Expires=Mon, 03 Aug 2026 06:00:01 GMT; Path=/; Domain=.twitter.com; Secure; SameSite=None',
      '__cf_bm=.4qtu3RqgdHHaBcfGKBJGhzhtL1vib062q2v2Ojwx_M-1751522401-1.0.1.1-V09s0hWmf0LGYjwqWnmSgBoO1PFUH77H.0du3uLBWR2oy98GgFytoXmz61SZKmxP0Oa4YFuz9iqDnbbUO.WQXiqjUS8.3zv1ix8Tr3AnIz8; path=/; expires=Thu, 03-Jul-25 06:30:01 GMT; domain=.twitter.com; HttpOnly; Secure'
    ],
    'api-version': '2.142',
    'cache-control': 'no-cache, no-store, max-age=0',
    'x-access-level': 'read',
    'x-frame-options': 'SAMEORIGIN',
    'content-encoding': 'gzip',
    'x-transaction-id': '5012e20fd7e634da',
    'x-xss-protection': '0',
    'x-rate-limit-limit': '40000',
    'x-rate-limit-reset': '1751523301',
    'content-disposition': 'attachment; filename=json.json',
    'x-content-type-options': 'nosniff',
    'x-rate-limit-remaining': '39999',
    'strict-transport-security': 'max-age=631138519; includeSubdomains',
    'x-response-time': '23',
    'x-connection-hash': '82186e51ee24533a1126ca5193530bb6eae6af2189d87d8c91445eff1cf4628b',
    vary: 'accept-encoding',
    'cf-cache-status': 'DYNAMIC',
    server: 'cloudflare tsa_b',
    'cf-ray': '959429027addd650-IAD'
  },
  rateLimit: { limit: 40000, remaining: 39999, reset: 1751523301 },
  data: {
    account_id: 1821227857097715700,
    product_name: 'standard-basic',
    title: 'UsageCapExceeded',
    period: 'Monthly',
    scope: 'Product',
    detail: 'Usage cap exceeded: Monthly product cap',
    type: 'https://api.twitter.com/2/problems/usage-capped'
  }
}
Error fetching tweets: ApiResponseError: Request failed with code 429
    at RequestHandlerHelper.createResponseError (/home/ubuntu/apps/gotravel/node_modules/twitter-api-v2/dist/cjs/client-mixins/request-handler.helper.js:104:16)
    at RequestHandlerHelper.onResponseEndHandler (/home/ubuntu/apps/gotravel/node_modules/twitter-api-v2/dist/cjs/client-mixins/request-handler.helper.js:262:25)
    at Gunzip.emit (node:events:517:28)
    at endReadableNT (node:internal/streams/readable:1400:12)
    at process.processTicksAndRejections (node:internal/process/task_queues:82:21) {
  error: true,
  type: 'response',
  code: 429,
  headers: {
    date: 'Fri, 04 Jul 2025 06:00:01 GMT',
    'content-type': 'application/json; charset=utf-8',
    'content-length': '196',
    connection: 'close',
    perf: '7402827104',
    'set-cookie': [
      'guest_id=v1%3A175160880139983308; Max-Age=34214400; Expires=Tue, 04 Aug 2026 06:00:01 GMT; Path=/; Domain=.twitter.com; Secure; SameSite=None',
      '__cf_bm=kgVx7Kbs5z2u392RM2xc6whkznt0f4HJBB53DY8OywQ-1751608801-1.0.1.1-lEt7VJhSq5bm19.TY0WtqwzxJgqVwsKX7xs57aZs2THm5mRQDyZLBu66ZBxtYlolanPTXQDzXL_9vsQ0mFZmeLQsGHx5moe7fhyznMdkyYE; path=/; expires=Fri, 04-Jul-25 06:30:01 GMT; domain=.twitter.com; HttpOnly; Secure'
    ],
    'api-version': '2.142',
    'cache-control': 'no-cache, no-store, max-age=0',
    'x-access-level': 'read',
    'x-frame-options': 'SAMEORIGIN',
    'content-encoding': 'gzip',
    'x-transaction-id': 'f03733c66358d131',
    'x-xss-protection': '0',
    'x-rate-limit-limit': '40000',
    'x-rate-limit-reset': '1751609701',
    'content-disposition': 'attachment; filename=json.json',
    'x-content-type-options': 'nosniff',
    'x-rate-limit-remaining': '39998',
    'strict-transport-security': 'max-age=631138519; includeSubdomains',
    'x-response-time': '16',
    'x-connection-hash': '99830e9a90df31fe30239ec63acbf44ac48420c11a26d681b36c86d6d156172f',
    vary: 'accept-encoding',
    'cf-cache-status': 'DYNAMIC',
    server: 'cloudflare tsa_b',
    'cf-ray': '959c66609e565a0a-IAD'
  },
  rateLimit: { limit: 40000, remaining: 39998, reset: 1751609701 },
  data: {
    account_id: 1821227857097715700,
    product_name: 'standard-basic',
    title: 'UsageCapExceeded',
    period: 'Monthly',
    scope: 'Product',
    detail: 'Usage cap exceeded: Monthly product cap',
    type: 'https://api.twitter.com/2/problems/usage-capped'
  }
}
Error fetching tweets: ApiResponseError: Request failed with code 429
    at RequestHandlerHelper.createResponseError (/home/ubuntu/apps/gotravel/node_modules/twitter-api-v2/dist/cjs/client-mixins/request-handler.helper.js:104:16)
    at RequestHandlerHelper.onResponseEndHandler (/home/ubuntu/apps/gotravel/node_modules/twitter-api-v2/dist/cjs/client-mixins/request-handler.helper.js:262:25)
    at Gunzip.emit (node:events:517:28)
    at endReadableNT (node:internal/streams/readable:1400:12)
    at process.processTicksAndRejections (node:internal/process/task_queues:82:21) {
  error: true,
  type: 'response',
  code: 429,
  headers: {
    date: 'Sat, 05 Jul 2025 06:00:02 GMT',
    'content-type': 'application/json; charset=utf-8',
    'content-length': '196',
    connection: 'close',
    perf: '7402827104',
    'set-cookie': [
      'guest_id=v1%3A175169520253543515; Max-Age=34214400; Expires=Wed, 05 Aug 2026 06:00:02 GMT; Path=/; Domain=.twitter.com; Secure; SameSite=None',
      '__cf_bm=SJsJ0uQ_JXGExatZMB2bMIJs1_.QxiGkfRisEBx88lg-1751695202-1.0.1.1-ffkMTDo5zGzDWcRkf40r10DzM2kFz8hrHMDjOic4eIZgSpEy_8SK.uV9k4RTLYBn2H4pSXTLc7ezOHLaNR39i37JznunzTEfXqQkzIw5t_Q; path=/; expires=Sat, 05-Jul-25 06:30:02 GMT; domain=.twitter.com; HttpOnly; Secure'
    ],
    'api-version': '2.143',
    'cache-control': 'no-cache, no-store, max-age=0',
    'x-access-level': 'read',
    'x-frame-options': 'SAMEORIGIN',
    'content-encoding': 'gzip',
    'x-transaction-id': '413ab7bbabb3d9a4',
    'x-xss-protection': '0',
    'x-rate-limit-limit': '40000',
    'x-rate-limit-reset': '1751696102',
    'content-disposition': 'attachment; filename=json.json',
    'x-content-type-options': 'nosniff',
    'x-rate-limit-remaining': '39999',
    'strict-transport-security': 'max-age=631138519; includeSubdomains',
    'x-response-time': '17',
    'x-connection-hash': 'f4d2a69511233ada044568d3411f011e554862e4c80fbfbed5ffbfd63c8df92d',
    'cf-cache-status': 'DYNAMIC',
    vary: 'accept-encoding',
    server: 'cloudflare tsa_b',
    'cf-ray': '95a4a3c7bf392051-IAD'
  },
  rateLimit: { limit: 40000, remaining: 39999, reset: 1751696102 },
  data: {
    account_id: 1821227857097715700,
    product_name: 'standard-basic',
    title: 'UsageCapExceeded',
    period: 'Monthly',
    scope: 'Product',
    detail: 'Usage cap exceeded: Monthly product cap',
    type: 'https://api.twitter.com/2/problems/usage-capped'
  }
}
Error fetching tweets: ApiResponseError: Request failed with code 429
    at RequestHandlerHelper.createResponseError (/home/ubuntu/apps/gotravel/node_modules/twitter-api-v2/dist/cjs/client-mixins/request-handler.helper.js:104:16)
    at RequestHandlerHelper.onResponseEndHandler (/home/ubuntu/apps/gotravel/node_modules/twitter-api-v2/dist/cjs/client-mixins/request-handler.helper.js:262:25)
    at Gunzip.emit (node:events:517:28)
    at endReadableNT (node:internal/streams/readable:1400:12)
    at process.processTicksAndRejections (node:internal/process/task_queues:82:21) {
  error: true,
  type: 'response',
  code: 429,
  headers: {
    date: 'Sun, 06 Jul 2025 06:00:02 GMT',
    'content-type': 'application/json; charset=utf-8',
    'content-length': '196',
    connection: 'close',
    perf: '7402827104',
    'set-cookie': [
      'guest_id=v1%3A175178160263268040; Max-Age=34214400; Expires=Thu, 06 Aug 2026 06:00:02 GMT; Path=/; Domain=.twitter.com; Secure; SameSite=None',
      '__cf_bm=aaxxNkOje2AicJUPE8MnSpjfLVY6zpwrtcZiyR41iP0-1751781602-1.0.1.1-Ay9W84_sp.wb78.6GNDz.gHiXK2jDuJfCrTd5MzjrjinAsrKRJcatds2UD_Dof1CcoGQtyQzQis__FAgXpo6hoeBYet1HiultirDUEBsxyg; path=/; expires=Sun, 06-Jul-25 06:30:02 GMT; domain=.twitter.com; HttpOnly; Secure'
    ],
    'api-version': '2.143',
    'cache-control': 'no-cache, no-store, max-age=0',
    'x-access-level': 'read',
    'x-frame-options': 'SAMEORIGIN',
    'content-encoding': 'gzip',
    'x-transaction-id': '0da7e1e6ad1edfbc',
    'x-xss-protection': '0',
    'x-rate-limit-limit': '40000',
    'x-rate-limit-reset': '1751782502',
    'content-disposition': 'attachment; filename=json.json',
    'x-content-type-options': 'nosniff',
    'x-rate-limit-remaining': '39999',
    'strict-transport-security': 'max-age=631138519; includeSubdomains',
    'x-response-time': '19',
    'x-connection-hash': '10d98e62b7ab65330f713ec205ecc051f627ab78c2baa14581e32e3905d2a1f5',
    vary: 'accept-encoding',
    'cf-cache-status': 'DYNAMIC',
    server: 'cloudflare tsa_b',
    'cf-ray': '95ace1284a5013b9-IAD'
  },
  rateLimit: { limit: 40000, remaining: 39999, reset: 1751782502 },
  data: {
    account_id: 1821227857097715700,
    product_name: 'standard-basic',
    title: 'UsageCapExceeded',
    period: 'Monthly',
    scope: 'Product',
    detail: 'Usage cap exceeded: Monthly product cap',
    type: 'https://api.twitter.com/2/problems/usage-capped'
  }
}
Error fetching tweets: ApiResponseError: Request failed with code 429
    at RequestHandlerHelper.createResponseError (/home/ubuntu/apps/gotravel/node_modules/twitter-api-v2/dist/cjs/client-mixins/request-handler.helper.js:104:16)
    at RequestHandlerHelper.onResponseEndHandler (/home/ubuntu/apps/gotravel/node_modules/twitter-api-v2/dist/cjs/client-mixins/request-handler.helper.js:262:25)
    at Gunzip.emit (node:events:517:28)
    at endReadableNT (node:internal/streams/readable:1400:12)
    at process.processTicksAndRejections (node:internal/process/task_queues:82:21) {
  error: true,
  type: 'response',
  code: 429,
  headers: {
    date: 'Mon, 07 Jul 2025 06:00:01 GMT',
    'content-type': 'application/json; charset=utf-8',
    'content-length': '94',
    connection: 'close',
    perf: '7402827104',
    'set-cookie': [
      'guest_id=v1%3A175186800175508745; Max-Age=34214400; Expires=Fri, 07 Aug 2026 06:00:01 GMT; Path=/; Domain=.twitter.com; Secure; SameSite=None',
      '__cf_bm=aIahjDRhHceIPeGfwpwf4UT.mOSe2T7PB9nhHxp_rmc-1751868001-1.0.1.1-9QgfAUrGkAFH7pd5EaXM3L6vNdJGv119QsDYGqz9Qcgm2mC.E.qAHvhONUfI.awXgrODUaSUNzQ2qQbL2JB.CRhvrnYszB.dYYimG4Xh4X8; path=/; expires=Mon, 07-Jul-25 06:30:01 GMT; domain=.twitter.com; HttpOnly; Secure'
    ],
    'api-version': '2.143',
    'cache-control': 'no-cache, no-store, max-age=0',
    'x-access-level': 'read',
    'x-frame-options': 'SAMEORIGIN',
    'content-encoding': 'gzip',
    'x-transaction-id': '11395139ee4ed5d2',
    'x-xss-protection': '0',
    'x-rate-limit-limit': '1',
    'x-rate-limit-reset': '1751868901',
    'content-disposition': 'attachment; filename=json.json',
    'x-content-type-options': 'nosniff',
    'x-rate-limit-remaining': '0',
    'strict-transport-security': 'max-age=631138519; includeSubdomains',
    'x-response-time': '10',
    'x-connection-hash': '1534ddfd8898e6be952673a301edd9fd5aef0eaa71080c3db89a1e87961c4f82',
    vary: 'accept-encoding',
    'cf-cache-status': 'DYNAMIC',
    server: 'cloudflare tsa_b',
    'cf-ray': '95b51e82cac1579a-IAD'
  },
  rateLimit: { limit: 1, remaining: 0, reset: 1751868901 },
  data: {
    title: 'Too Many Requests',
    detail: 'Too Many Requests',
    type: 'about:blank',
    status: 429
  }
}
Fetched 20 tweets, added 10 unique tweets.
Updated tweets file with 20 tweets.
Tweets saved to public/tweets.json
Attempting to clear remote tweet cache...
Clear cache status: 200
Clear cache headers: {"connection":["close"],"content-type":["application/json"],"date":["Tue, 08 Jul 2025 06:00:02 GMT"],"server":["nginx/1.18.0 (Ubuntu)"],"transfer-encoding":["chunked"],"vary":["RSC, Next-Router-State-Tree, Next-Router-Prefetch"]}
Clear cache response: {"message":"Cache cleared successfully"}
Remote tweet cache cleared successfully
Updating local cache indicator...
Local cache version updated to 44
Fetched 20 tweets, added 12 unique tweets.
Updated tweets file with 20 tweets.
Tweets saved to public/tweets.json
Attempting to clear remote tweet cache...
Clear cache status: 200
Clear cache headers: {"connection":["close"],"content-type":["application/json"],"date":["Wed, 09 Jul 2025 06:00:03 GMT"],"server":["nginx/1.18.0 (Ubuntu)"],"transfer-encoding":["chunked"],"vary":["RSC, Next-Router-State-Tree, Next-Router-Prefetch"]}
Clear cache response: {"message":"Cache cleared successfully"}
Remote tweet cache cleared successfully
Updating local cache indicator...
Local cache version updated to 45
Error fetching tweets: ApiResponseError: Request failed with code 429
    at RequestHandlerHelper.createResponseError (/home/ubuntu/apps/gotravel/node_modules/twitter-api-v2/dist/cjs/client-mixins/request-handler.helper.js:104:16)
    at RequestHandlerHelper.onResponseEndHandler (/home/ubuntu/apps/gotravel/node_modules/twitter-api-v2/dist/cjs/client-mixins/request-handler.helper.js:262:25)
    at Gunzip.emit (node:events:517:28)
    at endReadableNT (node:internal/streams/readable:1400:12)
    at process.processTicksAndRejections (node:internal/process/task_queues:82:21) {
  error: true,
  type: 'response',
  code: 429,
  headers: {
    date: 'Thu, 10 Jul 2025 06:00:01 GMT',
    'content-type': 'application/json; charset=utf-8',
    'content-length': '94',
    connection: 'close',
    perf: '7402827104',
    'set-cookie': [
      'guest_id=v1%3A175212720147711069; Max-Age=34214400; Expires=Mon, 10 Aug 2026 06:00:01 GMT; Path=/; Domain=.twitter.com; Secure; SameSite=None',
      '__cf_bm=NuyrdZH7zJH3G84Hb3fC9LoFeBYZDbrIEKaFauiQfys-1752127201-1.0.1.1-gestzmFHbM9BYkAjwL7MPmuRtg4PtsRXOSmW0usO8TZ72xxlQnYDaYzKMAgMJBWMbEOa5QZYduICGiTHn5mTY.BtcOsM9DR4VEkUv7Z2J84; path=/; expires=Thu, 10-Jul-25 06:30:01 GMT; domain=.twitter.com; HttpOnly; Secure'
    ],
    'api-version': '2.143',
    'cache-control': 'no-cache, no-store, max-age=0',
    'x-access-level': 'read',
    'x-frame-options': 'SAMEORIGIN',
    'content-encoding': 'gzip',
    'x-transaction-id': '4fd33af1eeb4fdac',
    'x-xss-protection': '0',
    'x-rate-limit-limit': '1',
    'x-rate-limit-reset': '1752128101',
    'content-disposition': 'attachment; filename=json.json',
    'x-content-type-options': 'nosniff',
    'x-rate-limit-remaining': '0',
    'strict-transport-security': 'max-age=631138519; includeSubdomains',
    'x-response-time': '16',
    'x-connection-hash': 'b216b50ab8db8db9e5a6b30ce82d0533de65097aa5afcf0724dd130ef2ff57b8',
    vary: 'accept-encoding',
    'cf-cache-status': 'DYNAMIC',
    server: 'cloudflare tsa_b',
    'cf-ray': '95cdd6a118fb175b-IAD'
  },
  rateLimit: { limit: 1, remaining: 0, reset: 1752128101 },
  data: {
    title: 'Too Many Requests',
    detail: 'Too Many Requests',
    type: 'about:blank',
    status: 429
  }
}
Fetched 20 tweets, added 14 unique tweets.
Updated tweets file with 20 tweets.
Tweets saved to public/tweets.json
Attempting to clear remote tweet cache...
Clear cache status: 200
Clear cache headers: {"connection":["close"],"content-type":["application/json"],"date":["Fri, 11 Jul 2025 06:00:02 GMT"],"server":["nginx/1.18.0 (Ubuntu)"],"transfer-encoding":["chunked"],"vary":["RSC, Next-Router-State-Tree, Next-Router-Prefetch"]}
Clear cache response: {"message":"Cache cleared successfully"}
Remote tweet cache cleared successfully
Updating local cache indicator...
Local cache version updated to 47
Error fetching tweets: ApiResponseError: Request failed with code 429
    at RequestHandlerHelper.createResponseError (/home/ubuntu/apps/gotravel/node_modules/twitter-api-v2/dist/cjs/client-mixins/request-handler.helper.js:104:16)
    at RequestHandlerHelper.onResponseEndHandler (/home/ubuntu/apps/gotravel/node_modules/twitter-api-v2/dist/cjs/client-mixins/request-handler.helper.js:262:25)
    at Gunzip.emit (node:events:517:28)
    at endReadableNT (node:internal/streams/readable:1400:12)
    at process.processTicksAndRejections (node:internal/process/task_queues:82:21) {
  error: true,
  type: 'response',
  code: 429,
  headers: {
    date: 'Sat, 12 Jul 2025 06:00:02 GMT',
    'content-type': 'application/json; charset=utf-8',
    'content-length': '94',
    connection: 'close',
    perf: '7402827104',
    'set-cookie': [
      'guest_id=v1%3A175230000254556822; Max-Age=34214400; Expires=Wed, 12 Aug 2026 06:00:02 GMT; Path=/; Domain=.twitter.com; Secure; SameSite=None',
      '__cf_bm=FzefaMAwjg_wCZWeBLN6HAMQEagbyr0xWavwI08MBHo-1752300002-1.0.1.1-QNlVEewZnNGOBnaTrah5hulrNLjacr5T6FcgfEhQq._dpNqLjJccYYHDzxNr1HbDLajQ1aO50FFpNH8mnqUUhycxv3gN6TDWAp5MbS8RrSs; path=/; expires=Sat, 12-Jul-25 06:30:02 GMT; domain=.twitter.com; HttpOnly; Secure'
    ],
    'api-version': '2.143',
    'cache-control': 'no-cache, no-store, max-age=0',
    'x-access-level': 'read',
    'x-frame-options': 'SAMEORIGIN',
    'content-encoding': 'gzip',
    'x-transaction-id': 'a9fcf17043a9daec',
    'x-xss-protection': '0',
    'x-rate-limit-limit': '1',
    'x-rate-limit-reset': '1752300902',
    'content-disposition': 'attachment; filename=json.json',
    'x-content-type-options': 'nosniff',
    'x-rate-limit-remaining': '0',
    'strict-transport-security': 'max-age=631138519; includeSubdomains',
    'x-response-time': '14',
    'x-connection-hash': '270662f22bd3ee4e8ec94f01b1df44e7e36b801c09e1d30dfa52822e216177e6',
    vary: 'accept-encoding',
    'cf-cache-status': 'DYNAMIC',
    server: 'cloudflare tsa_b',
    'cf-ray': '95de5167bcc30aa9-IAD'
  },
  rateLimit: { limit: 1, remaining: 0, reset: 1752300902 },
  data: {
    title: 'Too Many Requests',
    detail: 'Too Many Requests',
    type: 'about:blank',
    status: 429
  }
}
Error fetching tweets: ApiResponseError: Request failed with code 429
    at RequestHandlerHelper.createResponseError (/home/ubuntu/apps/gotravel/node_modules/twitter-api-v2/dist/cjs/client-mixins/request-handler.helper.js:104:16)
    at RequestHandlerHelper.onResponseEndHandler (/home/ubuntu/apps/gotravel/node_modules/twitter-api-v2/dist/cjs/client-mixins/request-handler.helper.js:262:25)
    at Gunzip.emit (node:events:517:28)
    at endReadableNT (node:internal/streams/readable:1400:12)
    at process.processTicksAndRejections (node:internal/process/task_queues:82:21) {
  error: true,
  type: 'response',
  code: 429,
  headers: {
    date: 'Sun, 13 Jul 2025 06:00:02 GMT',
    'content-type': 'application/json; charset=utf-8',
    'content-length': '196',
    connection: 'close',
    perf: '7402827104',
    'set-cookie': [
      'guest_id=v1%3A175238640200658132; Max-Age=34214400; Expires=Thu, 13 Aug 2026 06:00:02 GMT; Path=/; Domain=.twitter.com; Secure; SameSite=None',
      '__cf_bm=DebnhjTr1IaHir.9Sro65HpOZ.PMcbs3VWFZjnigRYM-1752386402-1.0.1.1-1oUBnwTex1enj.9BiPysD.Iw6UhRsuEwZmu9PpNWh9EzQ3HCqFGsruaZp_wmaYjP4C2L.zOS2pE6eQzFglKQRXEB8H5HtHr8YIyKgJHn3yU; path=/; expires=Sun, 13-Jul-25 06:30:02 GMT; domain=.twitter.com; HttpOnly; Secure'
    ],
    'api-version': '2.143',
    'cache-control': 'no-cache, no-store, max-age=0',
    'x-access-level': 'read',
    'x-frame-options': 'SAMEORIGIN',
    'content-encoding': 'gzip',
    'x-transaction-id': 'aeb018e02b06c1af',
    'x-xss-protection': '0',
    'x-rate-limit-limit': '40000',
    'x-rate-limit-reset': '1752387302',
    'content-disposition': 'attachment; filename=json.json',
    'x-content-type-options': 'nosniff',
    'x-rate-limit-remaining': '39999',
    'strict-transport-security': 'max-age=631138519; includeSubdomains',
    'x-response-time': '20',
    'x-connection-hash': 'c071db34fa6e63f6cb643365e253b2523c7092e64431a43977ee3c397495e00a',
    vary: 'accept-encoding',
    'cf-cache-status': 'DYNAMIC',
    server: 'cloudflare tsa_b',
    'cf-ray': '95e68ec46dd18e40-IAD'
  },
  rateLimit: { limit: 40000, remaining: 39999, reset: 1752387302 },
  data: {
    account_id: 1821227857097715700,
    product_name: 'standard-basic',
    title: 'UsageCapExceeded',
    period: 'Monthly',
    scope: 'Product',
    detail: 'Usage cap exceeded: Monthly product cap',
    type: 'https://api.twitter.com/2/problems/usage-capped'
  }
}
Error fetching tweets: ApiResponseError: Request failed with code 429
    at RequestHandlerHelper.createResponseError (/home/ubuntu/apps/gotravel/node_modules/twitter-api-v2/dist/cjs/client-mixins/request-handler.helper.js:104:16)
    at RequestHandlerHelper.onResponseEndHandler (/home/ubuntu/apps/gotravel/node_modules/twitter-api-v2/dist/cjs/client-mixins/request-handler.helper.js:262:25)
    at Gunzip.emit (node:events:517:28)
    at endReadableNT (node:internal/streams/readable:1400:12)
    at process.processTicksAndRejections (node:internal/process/task_queues:82:21) {
  error: true,
  type: 'response',
  code: 429,
  headers: {
    date: 'Mon, 14 Jul 2025 06:00:02 GMT',
    'content-type': 'application/json; charset=utf-8',
    'content-length': '94',
    connection: 'close',
    perf: '7402827104',
    'set-cookie': [
      'guest_id=v1%3A175247280252156849; Max-Age=34214400; Expires=Fri, 14 Aug 2026 06:00:02 GMT; Path=/; Domain=.twitter.com; Secure; SameSite=None',
      '__cf_bm=l6GaByg8tiQNBVTTPDqOCzRpnwx3Ik2aQb26YUXbRkI-1752472802-1.0.1.1-uaq5kka8WNYSV7GPt1F4bxXkK_bcuKK2zj7ztNwGezfeUXtUN.GiirnvRO2K2c95Hag9oaL.zFoVhzBnHbGT5NB6NJTCfOhosDQkcYFuqYo; path=/; expires=Mon, 14-Jul-25 06:30:02 GMT; domain=.twitter.com; HttpOnly; Secure'
    ],
    'api-version': '2.143',
    'cache-control': 'no-cache, no-store, max-age=0',
    'x-access-level': 'read',
    'x-frame-options': 'SAMEORIGIN',
    'content-encoding': 'gzip',
    'x-transaction-id': 'a12f1e44ff5c8fc4',
    'x-xss-protection': '0',
    'x-rate-limit-limit': '1',
    'x-rate-limit-reset': '1752473702',
    'content-disposition': 'attachment; filename=json.json',
    'x-content-type-options': 'nosniff',
    'x-rate-limit-remaining': '0',
    'strict-transport-security': 'max-age=631138519; includeSubdomains',
    'x-response-time': '17',
    'x-connection-hash': 'fcf9a2b4ee985041070d9453585f2d7ff4c5ca7729427ac7240ee663cce3eb2f',
    vary: 'accept-encoding',
    'cf-cache-status': 'DYNAMIC',
    server: 'cloudflare tsa_b',
    'cf-ray': '95eecc279c305b5e-IAD'
  },
  rateLimit: { limit: 1, remaining: 0, reset: 1752473702 },
  data: {
    title: 'Too Many Requests',
    detail: 'Too Many Requests',
    type: 'about:blank',
    status: 429
  }
}
Error fetching tweets: ApiResponseError: Request failed with code 429
    at RequestHandlerHelper.createResponseError (/home/ubuntu/apps/gotravel/node_modules/twitter-api-v2/dist/cjs/client-mixins/request-handler.helper.js:104:16)
    at RequestHandlerHelper.onResponseEndHandler (/home/ubuntu/apps/gotravel/node_modules/twitter-api-v2/dist/cjs/client-mixins/request-handler.helper.js:262:25)
    at Gunzip.emit (node:events:517:28)
    at endReadableNT (node:internal/streams/readable:1400:12)
    at process.processTicksAndRejections (node:internal/process/task_queues:82:21) {
  error: true,
  type: 'response',
  code: 429,
  headers: {
    date: 'Tue, 15 Jul 2025 06:00:01 GMT',
    'content-type': 'application/json; charset=utf-8',
    'content-length': '196',
    connection: 'close',
    perf: '7402827104',
    'set-cookie': [
      'guest_id=v1%3A175255920153305509; Max-Age=34214400; Expires=Sat, 15 Aug 2026 06:00:01 GMT; Path=/; Domain=.twitter.com; Secure; SameSite=None',
      '__cf_bm=90xSS2LU.EREwlte25W7hRXqoEuht4rvJQE7DUk56RU-1752559201-1.0.1.1-v0N09K0.IrtixDEQ_D4_Di5Z.h8n7ekz5VfoCzjy3jp36qoFHn2aVBs2flhMHcg1zqFKioaorbW7iOgEW6Sd.wFkkAkUVmLTn3MWSBFU86k; path=/; expires=Tue, 15-Jul-25 06:30:01 GMT; domain=.twitter.com; HttpOnly; Secure'
    ],
    'api-version': '2.144',
    'cache-control': 'no-cache, no-store, max-age=0',
    'x-access-level': 'read',
    'x-frame-options': 'SAMEORIGIN',
    'content-encoding': 'gzip',
    'x-transaction-id': '7bfea5561c67c314',
    'x-xss-protection': '0',
    'x-rate-limit-limit': '40000',
    'x-rate-limit-reset': '1752560101',
    'content-disposition': 'attachment; filename=json.json',
    'x-content-type-options': 'nosniff',
    'x-rate-limit-remaining': '39999',
    'strict-transport-security': 'max-age=631138519; includeSubdomains',
    'x-response-time': '19',
    'x-connection-hash': '24ebf989f56130ef983bfa9b5e6e05c37520111554c92016116c4a97e91ef25e',
    vary: 'accept-encoding',
    'cf-cache-status': 'DYNAMIC',
    server: 'cloudflare tsa_b',
    'cf-ray': '95f709817a5ce76c-IAD'
  },
  rateLimit: { limit: 40000, remaining: 39999, reset: 1752560101 },
  data: {
    account_id: 1821227857097715700,
    product_name: 'standard-basic',
    title: 'UsageCapExceeded',
    period: 'Monthly',
    scope: 'Product',
    detail: 'Usage cap exceeded: Monthly product cap',
    type: 'https://api.twitter.com/2/problems/usage-capped'
  }
}
Error fetching tweets: ApiResponseError: Request failed with code 429
    at RequestHandlerHelper.createResponseError (/home/ubuntu/apps/gotravel/node_modules/twitter-api-v2/dist/cjs/client-mixins/request-handler.helper.js:104:16)
    at RequestHandlerHelper.onResponseEndHandler (/home/ubuntu/apps/gotravel/node_modules/twitter-api-v2/dist/cjs/client-mixins/request-handler.helper.js:262:25)
    at Gunzip.emit (node:events:517:28)
    at endReadableNT (node:internal/streams/readable:1400:12)
    at process.processTicksAndRejections (node:internal/process/task_queues:82:21) {
  error: true,
  type: 'response',
  code: 429,
  headers: {
    date: 'Wed, 16 Jul 2025 06:00:02 GMT',
    'content-type': 'application/json; charset=utf-8',
    'content-length': '94',
    connection: 'close',
    perf: '7402827104',
    'set-cookie': [
      'guest_id=v1%3A175264560267195731; Max-Age=34214400; Expires=Sun, 16 Aug 2026 06:00:02 GMT; Path=/; Domain=.twitter.com; Secure; SameSite=None',
      '__cf_bm=l15OdzhqUj60wuZ6BEXfw4.YrrOaYlH4vLYClHZeH3c-1752645602-1.0.1.1-m5JWqr_xv7wnseckkEi9glfA77mXjcCE4vc.SqTHI23DWQ7hfd_xk8HQfil3dxjcYS4zCJqDvfSelGZCQwbWfDTOjHyhil2UxsEsyMYn7pc; path=/; expires=Wed, 16-Jul-25 06:30:02 GMT; domain=.twitter.com; HttpOnly; Secure'
    ],
    'api-version': '2.144',
    'cache-control': 'no-cache, no-store, max-age=0',
    'x-access-level': 'read',
    'x-frame-options': 'SAMEORIGIN',
    'content-encoding': 'gzip',
    'x-transaction-id': '628d40fe4fc4f8ea',
    'x-xss-protection': '0',
    'x-rate-limit-limit': '1',
    'x-rate-limit-reset': '1752646502',
    'content-disposition': 'attachment; filename=json.json',
    'x-content-type-options': 'nosniff',
    'x-rate-limit-remaining': '0',
    'strict-transport-security': 'max-age=631138519; includeSubdomains',
    'x-response-time': '10',
    'x-connection-hash': 'fd04d0aaf6695b83f17cb368804cedf0a15653b61393df62d2a24406949cb8cb',
    'cf-cache-status': 'DYNAMIC',
    vary: 'accept-encoding',
    server: 'cloudflare tsa_b',
    'cf-ray': '95ff46e879f539b2-IAD'
  },
  rateLimit: { limit: 1, remaining: 0, reset: 1752646502 },
  data: {
    title: 'Too Many Requests',
    detail: 'Too Many Requests',
    type: 'about:blank',
    status: 429
  }
}
Error fetching tweets: ApiResponseError: Request failed with code 429
    at RequestHandlerHelper.createResponseError (/home/ubuntu/apps/gotravel/node_modules/twitter-api-v2/dist/cjs/client-mixins/request-handler.helper.js:104:16)
    at RequestHandlerHelper.onResponseEndHandler (/home/ubuntu/apps/gotravel/node_modules/twitter-api-v2/dist/cjs/client-mixins/request-handler.helper.js:262:25)
    at Gunzip.emit (node:events:517:28)
    at endReadableNT (node:internal/streams/readable:1400:12)
    at process.processTicksAndRejections (node:internal/process/task_queues:82:21) {
  error: true,
  type: 'response',
  code: 429,
  headers: {
    date: 'Thu, 17 Jul 2025 06:00:02 GMT',
    'content-type': 'application/json; charset=utf-8',
    'content-length': '196',
    connection: 'close',
    perf: '7402827104',
    'set-cookie': [
      'guest_id=v1%3A175273200245979540; Max-Age=34214400; Expires=Mon, 17 Aug 2026 06:00:02 GMT; Path=/; Domain=.twitter.com; Secure; SameSite=None',
      '__cf_bm=VWQWafEAPlF.KP8w0P9lYsXOHBrzm0t8qJRSitGpJy4-1752732002-1.0.1.1-pSr7nTWIHCVkZ.9LLwouFESIkVwdQk6vLfbq9ww0McZgcxyOVqFm47mLMBIPn8uOwc50c7wwiUVd45md_x0e.5QJNO8wZ6ihvVV7XOhO5ww; path=/; expires=Thu, 17-Jul-25 06:30:02 GMT; domain=.twitter.com; HttpOnly; Secure'
    ],
    'api-version': '2.144',
    'cache-control': 'no-cache, no-store, max-age=0',
    'x-access-level': 'read',
    'x-frame-options': 'SAMEORIGIN',
    'content-encoding': 'gzip',
    'x-transaction-id': '02285198aba335c8',
    'x-xss-protection': '0',
    'x-rate-limit-limit': '40000',
    'x-rate-limit-reset': '1752732902',
    'content-disposition': 'attachment; filename=json.json',
    'x-content-type-options': 'nosniff',
    'x-rate-limit-remaining': '39999',
    'strict-transport-security': 'max-age=631138519; includeSubdomains',
    'x-response-time': '19',
    'x-connection-hash': '7df2e0c721c6f99ea8af33f67b2956c72baeb66c284c6a95fa99eb929d1f11c1',
    vary: 'accept-encoding',
    'cf-cache-status': 'DYNAMIC',
    server: 'cloudflare tsa_b',
    'cf-ray': '960784473c3dc5e9-IAD'
  },
  rateLimit: { limit: 40000, remaining: 39999, reset: 1752732902 },
  data: {
    account_id: 1821227857097715700,
    product_name: 'standard-basic',
    title: 'UsageCapExceeded',
    period: 'Monthly',
    scope: 'Product',
    detail: 'Usage cap exceeded: Monthly product cap',
    type: 'https://api.twitter.com/2/problems/usage-capped'
  }
}
Error fetching tweets: ApiResponseError: Request failed with code 429
    at RequestHandlerHelper.createResponseError (/home/ubuntu/apps/gotravel/node_modules/twitter-api-v2/dist/cjs/client-mixins/request-handler.helper.js:104:16)
    at RequestHandlerHelper.onResponseEndHandler (/home/ubuntu/apps/gotravel/node_modules/twitter-api-v2/dist/cjs/client-mixins/request-handler.helper.js:262:25)
    at Gunzip.emit (node:events:517:28)
    at endReadableNT (node:internal/streams/readable:1400:12)
    at process.processTicksAndRejections (node:internal/process/task_queues:82:21) {
  error: true,
  type: 'response',
  code: 429,
  headers: {
    date: 'Fri, 18 Jul 2025 06:00:01 GMT',
    'content-type': 'application/json; charset=utf-8',
    'content-length': '94',
    connection: 'close',
    perf: '7402827104',
    'set-cookie': [
      'guest_id=v1%3A175281840162399806; Max-Age=34214400; Expires=Tue, 18 Aug 2026 06:00:01 GMT; Path=/; Domain=.twitter.com; Secure; SameSite=None',
      '__cf_bm=9hMQl4KGsa3UZ8nSnEaj5o1zF7I06NFmW1L4SxVHtRE-1752818401-1.0.1.1-fjGpe55r2e0jn.4IgGYl9dr.DPKcUT1MrNeXmRwODBSZKuhlamOI8eBA6VgP.YuNNyOI4AB0RztAF7UuFIIY3eMqOweFmUJycpylkX_YLOQ; path=/; expires=Fri, 18-Jul-25 06:30:01 GMT; domain=.twitter.com; HttpOnly; Secure'
    ],
    'api-version': '2.144',
    'cache-control': 'no-cache, no-store, max-age=0',
    'x-access-level': 'read',
    'x-frame-options': 'SAMEORIGIN',
    'content-encoding': 'gzip',
    'x-transaction-id': '1c2468c832b6557d',
    'x-xss-protection': '0',
    'x-rate-limit-limit': '1',
    'x-rate-limit-reset': '1752819301',
    'content-disposition': 'attachment; filename=json.json',
    'x-content-type-options': 'nosniff',
    'x-rate-limit-remaining': '0',
    'strict-transport-security': 'max-age=631138519; includeSubdomains',
    'x-response-time': '9',
    'x-connection-hash': '322cb7f8a90a1b033649f49a3efe56dda002dba2040d280ce69560a7fe2aecfb',
    'cf-cache-status': 'DYNAMIC',
    vary: 'accept-encoding',
    server: 'cloudflare tsa_b',
    'cf-ray': '960fc1a20febd6cf-IAD'
  },
  rateLimit: { limit: 1, remaining: 0, reset: 1752819301 },
  data: {
    title: 'Too Many Requests',
    detail: 'Too Many Requests',
    type: 'about:blank',
    status: 429
  }
}
Error fetching tweets: ApiResponseError: Request failed with code 429
    at RequestHandlerHelper.createResponseError (/home/ubuntu/apps/gotravel/node_modules/twitter-api-v2/dist/cjs/client-mixins/request-handler.helper.js:104:16)
    at RequestHandlerHelper.onResponseEndHandler (/home/ubuntu/apps/gotravel/node_modules/twitter-api-v2/dist/cjs/client-mixins/request-handler.helper.js:262:25)
    at Gunzip.emit (node:events:517:28)
    at endReadableNT (node:internal/streams/readable:1400:12)
    at process.processTicksAndRejections (node:internal/process/task_queues:82:21) {
  error: true,
  type: 'response',
  code: 429,
  headers: {
    date: 'Sat, 19 Jul 2025 06:00:01 GMT',
    'content-type': 'application/json; charset=utf-8',
    'content-length': '196',
    connection: 'close',
    perf: '7402827104',
    'set-cookie': [
      'guest_id=v1%3A175290480162173861; Max-Age=34214400; Expires=Wed, 19 Aug 2026 06:00:01 GMT; Path=/; Domain=.twitter.com; Secure; SameSite=None',
      '__cf_bm=NGNEA8c.PXzGfCsai6dNaFzaomKC0OnmgoE2GtaCtxE-1752904801-1.0.1.1-jEdVV676fOZxNdZ.sbrJ.4oGAeBypRA9Xlj5Yf_arGVj6bEcCcN6MozR2MNd1KBlJGe_8gJIn.MJxO8jZR6UtAbEMjol9K0Ec2pnrC4k2nI; path=/; expires=Sat, 19-Jul-25 06:30:01 GMT; domain=.twitter.com; HttpOnly; Secure'
    ],
    'api-version': '2.144',
    'cache-control': 'no-cache, no-store, max-age=0',
    'x-access-level': 'read',
    'x-frame-options': 'SAMEORIGIN',
    'content-encoding': 'gzip',
    'x-transaction-id': 'bb6fc4e89a7d194e',
    'x-xss-protection': '0',
    'x-rate-limit-limit': '40000',
    'x-rate-limit-reset': '1752905701',
    'content-disposition': 'attachment; filename=json.json',
    'x-content-type-options': 'nosniff',
    'x-rate-limit-remaining': '39999',
    'strict-transport-security': 'max-age=631138519; includeSubdomains',
    'x-response-time': '18',
    'x-connection-hash': '8f3c2b4ab9e750bc4a4e51f625460230589d4a4cd7055864385a3c0b53a772f4',
    'cf-cache-status': 'DYNAMIC',
    vary: 'accept-encoding',
    server: 'cloudflare tsa_b',
    'cf-ray': '9617ff01e8090824-IAD'
  },
  rateLimit: { limit: 40000, remaining: 39999, reset: 1752905701 },
  data: {
    account_id: 1821227857097715700,
    product_name: 'standard-basic',
    title: 'UsageCapExceeded',
    period: 'Monthly',
    scope: 'Product',
    detail: 'Usage cap exceeded: Monthly product cap',
    type: 'https://api.twitter.com/2/problems/usage-capped'
  }
}
Error fetching tweets: ApiResponseError: Request failed with code 429
    at RequestHandlerHelper.createResponseError (/home/ubuntu/apps/gotravel/node_modules/twitter-api-v2/dist/cjs/client-mixins/request-handler.helper.js:104:16)
    at RequestHandlerHelper.onResponseEndHandler (/home/ubuntu/apps/gotravel/node_modules/twitter-api-v2/dist/cjs/client-mixins/request-handler.helper.js:262:25)
    at Gunzip.emit (node:events:517:28)
    at endReadableNT (node:internal/streams/readable:1400:12)
    at process.processTicksAndRejections (node:internal/process/task_queues:82:21) {
  error: true,
  type: 'response',
  code: 429,
  headers: {
    date: 'Sun, 20 Jul 2025 06:00:02 GMT',
    'content-type': 'application/json; charset=utf-8',
    'content-length': '94',
    connection: 'close',
    perf: '7402827104',
    'set-cookie': [
      'guest_id=v1%3A175299120235165670; Max-Age=34214400; Expires=Thu, 20 Aug 2026 06:00:02 GMT; Path=/; Domain=.twitter.com; Secure; SameSite=None',
      '__cf_bm=h6qkxZHGq_Ayaw5K7FS94dsrN1fcVDIooVyfrTtLuwQ-1752991202-1.0.1.1-xewz2KCm8e5F5Gl8r_7KSEOuaNel0Q4QIZbo68.k7eif0DSr3CqAuKcWuvvI9roqaz6ridZkYmQQhcqmb_MQ9rNAlJwfQbRCFqyRMxjOy_M; path=/; expires=Sun, 20-Jul-25 06:30:02 GMT; domain=.twitter.com; HttpOnly; Secure'
    ],
    'api-version': '2.144',
    'cache-control': 'no-cache, no-store, max-age=0',
    'x-access-level': 'read',
    'x-frame-options': 'SAMEORIGIN',
    'content-encoding': 'gzip',
    'x-transaction-id': 'b2ac3ec5815ef8ad',
    'x-xss-protection': '0',
    'x-rate-limit-limit': '1',
    'x-rate-limit-reset': '1752992102',
    'content-disposition': 'attachment; filename=json.json',
    'x-content-type-options': 'nosniff',
    'x-rate-limit-remaining': '0',
    'strict-transport-security': 'max-age=631138519; includeSubdomains',
    'x-response-time': '14',
    'x-connection-hash': '1d9021fc3a1509f86d6518372a0354c6c52f1094649abb9eacbed298d144719d',
    vary: 'accept-encoding',
    'cf-cache-status': 'DYNAMIC',
    server: 'cloudflare tsa_b',
    'cf-ray': '96203c668d953928-IAD'
  },
  rateLimit: { limit: 1, remaining: 0, reset: 1752992102 },
  data: {
    title: 'Too Many Requests',
    detail: 'Too Many Requests',
    type: 'about:blank',
    status: 429
  }
}
Error fetching tweets: ApiResponseError: Request failed with code 429
    at RequestHandlerHelper.createResponseError (/home/ubuntu/apps/gotravel/node_modules/twitter-api-v2/dist/cjs/client-mixins/request-handler.helper.js:104:16)
    at RequestHandlerHelper.onResponseEndHandler (/home/ubuntu/apps/gotravel/node_modules/twitter-api-v2/dist/cjs/client-mixins/request-handler.helper.js:262:25)
    at Gunzip.emit (node:events:517:28)
    at endReadableNT (node:internal/streams/readable:1400:12)
    at process.processTicksAndRejections (node:internal/process/task_queues:82:21) {
  error: true,
  type: 'response',
  code: 429,
  headers: {
    date: 'Mon, 21 Jul 2025 06:00:01 GMT',
    'content-type': 'application/json; charset=utf-8',
    'content-length': '94',
    connection: 'close',
    perf: '7402827104',
    'set-cookie': [
      'guest_id=v1%3A175307760189508226; Max-Age=34214400; Expires=Fri, 21 Aug 2026 06:00:01 GMT; Path=/; Domain=.twitter.com; Secure; SameSite=None',
      '__cf_bm=SltzezcUjbd6PkmKSjl6CGKvKQkeQHc_2CmPsT.Q.bo-1753077601-1.0.1.1-TU3XAa877pJJNMSIWCJjHE7iNoczk63iPqaZM3J84lrkH3erwSbyjSPC5On8OAjRx.Mq4R6nkJlpvdXgxmx5K5J.qDfsWXJcUH_njETETG8; path=/; expires=Mon, 21-Jul-25 06:30:01 GMT; domain=.twitter.com; HttpOnly; Secure'
    ],
    'api-version': '2.144',
    'cache-control': 'no-cache, no-store, max-age=0',
    'x-access-level': 'read',
    'x-frame-options': 'SAMEORIGIN',
    'content-encoding': 'gzip',
    'x-transaction-id': 'f62e91debc4cedd6',
    'x-xss-protection': '0',
    'x-rate-limit-limit': '1',
    'x-rate-limit-reset': '1753078501',
    'content-disposition': 'attachment; filename=json.json',
    'x-content-type-options': 'nosniff',
    'x-rate-limit-remaining': '0',
    'strict-transport-security': 'max-age=631138519; includeSubdomains',
    'x-response-time': '9',
    'x-connection-hash': '24069567e786fb20e85639d0b888637218510b4247739cee044a9b086570abb8',
    vary: 'accept-encoding',
    'cf-cache-status': 'DYNAMIC',
    server: 'cloudflare tsa_b',
    'cf-ray': '962879c3bcf4706a-IAD'
  },
  rateLimit: { limit: 1, remaining: 0, reset: 1753078501 },
  data: {
    title: 'Too Many Requests',
    detail: 'Too Many Requests',
    type: 'about:blank',
    status: 429
  }
}
Error fetching tweets: ApiResponseError: Request failed with code 429
    at RequestHandlerHelper.createResponseError (/home/ubuntu/apps/gotravel/node_modules/twitter-api-v2/dist/cjs/client-mixins/request-handler.helper.js:104:16)
    at RequestHandlerHelper.onResponseEndHandler (/home/ubuntu/apps/gotravel/node_modules/twitter-api-v2/dist/cjs/client-mixins/request-handler.helper.js:262:25)
    at Gunzip.emit (node:events:517:28)
    at endReadableNT (node:internal/streams/readable:1400:12)
    at process.processTicksAndRejections (node:internal/process/task_queues:82:21) {
  error: true,
  type: 'response',
  code: 429,
  headers: {
    date: 'Tue, 22 Jul 2025 06:00:02 GMT',
    'content-type': 'application/json; charset=utf-8',
    'content-length': '94',
    connection: 'close',
    perf: '7402827104',
    'set-cookie': [
      'guest_id=v1%3A175316400245013350; Max-Age=34214400; Expires=Sat, 22 Aug 2026 06:00:02 GMT; Path=/; Domain=.twitter.com; Secure; SameSite=None',
      '__cf_bm=CYwWE1WCJrZIg5BYTR7FnL5Ie0QSv5wPuCRQoMvU9xY-1753164002-1.0.1.1-RVIsgu3Vos6doGHzaynqH2PkiR2D.YKPx1Gwq.XpuRidgSY2VtegUQHcjE0E1B0H5up0p2UYn5rq8k_95lfE0017NeYc5XvodTKM3I3AUnc; path=/; expires=Tue, 22-Jul-25 06:30:02 GMT; domain=.twitter.com; HttpOnly; Secure'
    ],
    'api-version': '2.144',
    'cache-control': 'no-cache, no-store, max-age=0',
    'x-access-level': 'read',
    'x-frame-options': 'SAMEORIGIN',
    'content-encoding': 'gzip',
    'x-transaction-id': '3bf051dea3efe986',
    'x-xss-protection': '0',
    'x-rate-limit-limit': '1',
    'x-rate-limit-reset': '1753164902',
    'content-disposition': 'attachment; filename=json.json',
    'x-content-type-options': 'nosniff',
    'x-rate-limit-remaining': '0',
    'strict-transport-security': 'max-age=631138519; includeSubdomains',
    'x-response-time': '17',
    'x-connection-hash': '62b8bb97e7e982f1695fd84dc7aa7fcce303c676a8afecee8a2e3df101af7b13',
    'cf-cache-status': 'DYNAMIC',
    vary: 'accept-encoding',
    server: 'cloudflare tsa_b',
    'cf-ray': '9630b7273e30e5e4-IAD'
  },
  rateLimit: { limit: 1, remaining: 0, reset: 1753164902 },
  data: {
    title: 'Too Many Requests',
    detail: 'Too Many Requests',
    type: 'about:blank',
    status: 429
  }
}
Error fetching tweets: ApiResponseError: Request failed with code 429
    at RequestHandlerHelper.createResponseError (/home/ubuntu/apps/gotravel/node_modules/twitter-api-v2/dist/cjs/client-mixins/request-handler.helper.js:104:16)
    at RequestHandlerHelper.onResponseEndHandler (/home/ubuntu/apps/gotravel/node_modules/twitter-api-v2/dist/cjs/client-mixins/request-handler.helper.js:262:25)
    at Gunzip.emit (node:events:517:28)
    at endReadableNT (node:internal/streams/readable:1400:12)
    at process.processTicksAndRejections (node:internal/process/task_queues:82:21) {
  error: true,
  type: 'response',
  code: 429,
  headers: {
    date: 'Wed, 23 Jul 2025 06:00:03 GMT',
    'content-type': 'application/json; charset=utf-8',
    'content-length': '94',
    connection: 'close',
    perf: '7402827104',
    'set-cookie': [
      'guest_id=v1%3A175325040363926083; Max-Age=34214400; Expires=Sun, 23 Aug 2026 06:00:03 GMT; Path=/; Domain=.twitter.com; Secure; SameSite=None',
      '__cf_bm=GeruY1aURWzVdGxE1jyzV9UPcBUydTcyPEsIOVvm9oM-1753250403-1.0.1.1-S2T01ySc_VyUDOZfy3SDtGMXlXgvCogCFks3Dv9uWimHf9fJRzQE7zhGyZc_PD6l8SEqmB7Y_q5SO2w3gNu9rlmoEEB9oeua2DcTXS1prG4; path=/; expires=Wed, 23-Jul-25 06:30:03 GMT; domain=.twitter.com; HttpOnly; Secure'
    ],
    'api-version': '2.144',
    'cache-control': 'no-cache, no-store, max-age=0',
    'x-access-level': 'read',
    'x-frame-options': 'SAMEORIGIN',
    'content-encoding': 'gzip',
    'x-transaction-id': 'f65306f48de822f7',
    'x-xss-protection': '0',
    'x-rate-limit-limit': '1',
    'x-rate-limit-reset': '1753251303',
    'content-disposition': 'attachment; filename=json.json',
    'x-content-type-options': 'nosniff',
    'x-rate-limit-remaining': '0',
    'strict-transport-security': 'max-age=631138519; includeSubdomains',
    'x-response-time': '14',
    'x-connection-hash': '4eb449bb469f60aad91e38b4080ecb9a70df9dd6f970b9873df137ae5351774d',
    vary: 'accept-encoding',
    'cf-cache-status': 'DYNAMIC',
    server: 'cloudflare tsa_b',
    'cf-ray': '9638f48e9b0e05ef-IAD'
  },
  rateLimit: { limit: 1, remaining: 0, reset: 1753251303 },
  data: {
    title: 'Too Many Requests',
    detail: 'Too Many Requests',
    type: 'about:blank',
    status: 429
  }
}
Error fetching tweets: ApiResponseError: Request failed with code 429
    at RequestHandlerHelper.createResponseError (/home/ubuntu/apps/gotravel/node_modules/twitter-api-v2/dist/cjs/client-mixins/request-handler.helper.js:104:16)
    at RequestHandlerHelper.onResponseEndHandler (/home/ubuntu/apps/gotravel/node_modules/twitter-api-v2/dist/cjs/client-mixins/request-handler.helper.js:262:25)
    at Gunzip.emit (node:events:517:28)
    at endReadableNT (node:internal/streams/readable:1400:12)
    at process.processTicksAndRejections (node:internal/process/task_queues:82:21) {
  error: true,
  type: 'response',
  code: 429,
  headers: {
    date: 'Thu, 24 Jul 2025 06:00:01 GMT',
    'content-type': 'application/json; charset=utf-8',
    'content-length': '196',
    connection: 'close',
    perf: '7402827104',
    'set-cookie': [
      'guest_id=v1%3A175333680184681206; Max-Age=34214400; Expires=Mon, 24 Aug 2026 06:00:01 GMT; Path=/; Domain=.twitter.com; Secure; SameSite=None',
      '__cf_bm=OrgtqqMr4U_.9ZCQJUyBvR4za1M26fbrQ_z3TyU4uDk-1753336801-1.0.1.1-hnuGFMO5GtipBTiEYgzFAgm2mj27zqK85sX3qatvB8Zd_kYOTAeHsr5Zb6lOfZOa.Z15ZgiWRebUqjZIkr3L8sB4cazvhm1iBU87wB6tOyE; path=/; expires=Thu, 24-Jul-25 06:30:01 GMT; domain=.twitter.com; HttpOnly; Secure'
    ],
    'api-version': '2.144',
    'cache-control': 'no-cache, no-store, max-age=0',
    'x-access-level': 'read',
    'x-frame-options': 'SAMEORIGIN',
    'content-encoding': 'gzip',
    'x-transaction-id': '4d8ba6c02e321209',
    'x-xss-protection': '0',
    'x-rate-limit-limit': '40000',
    'x-rate-limit-reset': '1753337701',
    'content-disposition': 'attachment; filename=json.json',
    'x-content-type-options': 'nosniff',
    'x-rate-limit-remaining': '39999',
    'strict-transport-security': 'max-age=631138519; includeSubdomains',
    'x-response-time': '19',
    'x-connection-hash': 'df396b0ec3ccfea72db92c7661fdfac81a878427e9edfb56de18951c94323052',
    vary: 'accept-encoding',
    'cf-cache-status': 'DYNAMIC',
    server: 'cloudflare tsa_b',
    'cf-ray': '964131e35a943920-IAD'
  },
  rateLimit: { limit: 40000, remaining: 39999, reset: 1753337701 },
  data: {
    account_id: 1821227857097715700,
    product_name: 'standard-basic',
    title: 'UsageCapExceeded',
    period: 'Monthly',
    scope: 'Product',
    detail: 'Usage cap exceeded: Monthly product cap',
    type: 'https://api.twitter.com/2/problems/usage-capped'
  }
}
Error fetching tweets: ApiResponseError: Request failed with code 429
    at RequestHandlerHelper.createResponseError (/home/ubuntu/apps/gotravel/node_modules/twitter-api-v2/dist/cjs/client-mixins/request-handler.helper.js:104:16)
    at RequestHandlerHelper.onResponseEndHandler (/home/ubuntu/apps/gotravel/node_modules/twitter-api-v2/dist/cjs/client-mixins/request-handler.helper.js:262:25)
    at Gunzip.emit (node:events:517:28)
    at endReadableNT (node:internal/streams/readable:1400:12)
    at process.processTicksAndRejections (node:internal/process/task_queues:82:21) {
  error: true,
  type: 'response',
  code: 429,
  headers: {
    date: 'Fri, 25 Jul 2025 06:00:02 GMT',
    'content-type': 'application/json; charset=utf-8',
    'content-length': '94',
    connection: 'close',
    perf: '7402827104',
    'set-cookie': [
      'guest_id=v1%3A175342320290589856; Max-Age=34214400; Expires=Tue, 25 Aug 2026 06:00:02 GMT; Path=/; Domain=.twitter.com; Secure; SameSite=None',
      '__cf_bm=bg.N2jDag2NQBD4NBPxMO8HJ9YAQVcAHr_ZDNntGhaY-1753423202-1.0.1.1-YLCzz1wOD49hMlq8PkQ.1fgDGg9pr8WZyn41hI.Z0jOs.1AqGr7QFDnZV5cEmtGYiyTZ0Ly_A_Fj.JWVtc9.aCLthw39X_u9KWulckVJMDQ; path=/; expires=Fri, 25-Jul-25 06:30:02 GMT; domain=.twitter.com; HttpOnly; Secure'
    ],
    'api-version': '2.144',
    'cache-control': 'no-cache, no-store, max-age=0',
    'x-access-level': 'read',
    'x-frame-options': 'SAMEORIGIN',
    'content-encoding': 'gzip',
    'x-transaction-id': '2cfd06e38d0861dd',
    'x-xss-protection': '0',
    'x-rate-limit-limit': '1',
    'x-rate-limit-reset': '1753424102',
    'content-disposition': 'attachment; filename=json.json',
    'x-content-type-options': 'nosniff',
    'x-rate-limit-remaining': '0',
    'strict-transport-security': 'max-age=631138519; includeSubdomains',
    'x-response-time': '16',
    'x-connection-hash': 'd826abf622ba599d88b6a57ec3ea4e812f8ad134886bf2822ff75a8da7294ddd',
    vary: 'accept-encoding',
    'cf-cache-status': 'DYNAMIC',
    server: 'cloudflare tsa_b',
    'cf-ray': '96496f4a0f19a9b4-IAD'
  },
  rateLimit: { limit: 1, remaining: 0, reset: 1753424102 },
  data: {
    title: 'Too Many Requests',
    detail: 'Too Many Requests',
    type: 'about:blank',
    status: 429
  }
}
Error fetching tweets: ApiResponseError: Request failed with code 429
    at RequestHandlerHelper.createResponseError (/home/ubuntu/apps/gotravel/node_modules/twitter-api-v2/dist/cjs/client-mixins/request-handler.helper.js:104:16)
    at RequestHandlerHelper.onResponseEndHandler (/home/ubuntu/apps/gotravel/node_modules/twitter-api-v2/dist/cjs/client-mixins/request-handler.helper.js:262:25)
    at Gunzip.emit (node:events:517:28)
    at endReadableNT (node:internal/streams/readable:1400:12)
    at process.processTicksAndRejections (node:internal/process/task_queues:82:21) {
  error: true,
  type: 'response',
  code: 429,
  headers: {
    date: 'Sat, 26 Jul 2025 06:00:03 GMT',
    'content-type': 'application/json; charset=utf-8',
    'content-length': '94',
    connection: 'close',
    perf: '7402827104',
    'set-cookie': [
      'guest_id=v1%3A175350960332495456; Max-Age=34214400; Expires=Wed, 26 Aug 2026 06:00:03 GMT; Path=/; Domain=.twitter.com; Secure; SameSite=None',
      '__cf_bm=hBuuf9WdiWA_DBhyxJlNMnumpDpMORfutpvxstormms-1753509603-1.0.1.1-sWnepSSlZJhZQuY.3hxZ.KAlOsAcgiY39WPfTMxYCf1LJ8FZoBYTnn1O590Incqh1U0Roo_Ao2oHbBKEaggKUDrMqMRnaTuaxEGQy9a6aFY; path=/; expires=Sat, 26-Jul-25 06:30:03 GMT; domain=.twitter.com; HttpOnly; Secure'
    ],
    'api-version': '2.144',
    'cache-control': 'no-cache, no-store, max-age=0',
    'x-access-level': 'read',
    'x-frame-options': 'SAMEORIGIN',
    'content-encoding': 'gzip',
    'x-transaction-id': '6953bbf133745ddb',
    'x-xss-protection': '0',
    'x-rate-limit-limit': '1',
    'x-rate-limit-reset': '1753510503',
    'content-disposition': 'attachment; filename=json.json',
    'x-content-type-options': 'nosniff',
    'x-rate-limit-remaining': '0',
    'strict-transport-security': 'max-age=631138519; includeSubdomains',
    'x-response-time': '8',
    'x-connection-hash': '49373aaa0085e82d55dbeead4ddb22500493eb7b0b4d9d8a86a798361747dd56',
    vary: 'accept-encoding',
    'cf-cache-status': 'DYNAMIC',
    server: 'cloudflare tsa_b',
    'cf-ray': '9651acaca892d650-IAD'
  },
  rateLimit: { limit: 1, remaining: 0, reset: 1753510503 },
  data: {
    title: 'Too Many Requests',
    detail: 'Too Many Requests',
    type: 'about:blank',
    status: 429
  }
}
Error fetching tweets: ApiResponseError: Request failed with code 429
    at RequestHandlerHelper.createResponseError (/home/ubuntu/apps/gotravel/node_modules/twitter-api-v2/dist/cjs/client-mixins/request-handler.helper.js:104:16)
    at RequestHandlerHelper.onResponseEndHandler (/home/ubuntu/apps/gotravel/node_modules/twitter-api-v2/dist/cjs/client-mixins/request-handler.helper.js:262:25)
    at Gunzip.emit (node:events:517:28)
    at endReadableNT (node:internal/streams/readable:1400:12)
    at process.processTicksAndRejections (node:internal/process/task_queues:82:21) {
  error: true,
  type: 'response',
  code: 429,
  headers: {
    date: 'Sun, 27 Jul 2025 06:00:03 GMT',
    'content-type': 'application/json; charset=utf-8',
    'content-length': '196',
    connection: 'close',
    perf: '7402827104',
    'set-cookie': [
      'guest_id=v1%3A175359600309939418; Max-Age=34214400; Expires=Thu, 27 Aug 2026 06:00:03 GMT; Path=/; Domain=.twitter.com; Secure; SameSite=None',
      '__cf_bm=Ke5GktG0J4LPOK60_do3nHH1Q5rZYpcJQYUQiv9BDGg-1753596003-1.0.1.1-g2mt6IR2oLDGaBzLmypWNGAxGPKyUvmkmwJ8zWgq2SRRwTMhVJ6R85GpjSxIOVOH3JXXy9lWhIxNiSirzjzBcF.qg2sCiGaT4vEJs3HrrUU; path=/; expires=Sun, 27-Jul-25 06:30:03 GMT; domain=.twitter.com; HttpOnly; Secure'
    ],
    'api-version': '2.144',
    'cache-control': 'no-cache, no-store, max-age=0',
    'x-access-level': 'read',
    'x-frame-options': 'SAMEORIGIN',
    'content-encoding': 'gzip',
    'x-transaction-id': '58cd2368f0e2a6b5',
    'x-xss-protection': '0',
    'x-rate-limit-limit': '40000',
    'x-rate-limit-reset': '1753596903',
    'content-disposition': 'attachment; filename=json.json',
    'x-content-type-options': 'nosniff',
    'x-rate-limit-remaining': '39999',
    'strict-transport-security': 'max-age=631138519; includeSubdomains',
    'x-response-time': '19',
    'x-connection-hash': '0c51263971588f4ed0bcdf1c5005a6be5cc843292ca8cf8025590d02d2a8a107',
    vary: 'accept-encoding',
    'cf-cache-status': 'DYNAMIC',
    server: 'cloudflare tsa_b',
    'cf-ray': '9659ea0b3825d1bc-IAD'
  },
  rateLimit: { limit: 40000, remaining: 39999, reset: 1753596903 },
  data: {
    account_id: 1821227857097715700,
    product_name: 'standard-basic',
    title: 'UsageCapExceeded',
    period: 'Monthly',
    scope: 'Product',
    detail: 'Usage cap exceeded: Monthly product cap',
    type: 'https://api.twitter.com/2/problems/usage-capped'
  }
}
Error fetching tweets: ApiResponseError: Request failed with code 429
    at RequestHandlerHelper.createResponseError (/home/ubuntu/apps/gotravel/node_modules/twitter-api-v2/dist/cjs/client-mixins/request-handler.helper.js:104:16)
    at RequestHandlerHelper.onResponseEndHandler (/home/ubuntu/apps/gotravel/node_modules/twitter-api-v2/dist/cjs/client-mixins/request-handler.helper.js:262:25)
    at Gunzip.emit (node:events:517:28)
    at endReadableNT (node:internal/streams/readable:1400:12)
    at process.processTicksAndRejections (node:internal/process/task_queues:82:21) {
  error: true,
  type: 'response',
  code: 429,
  headers: {
    date: 'Mon, 28 Jul 2025 06:00:03 GMT',
    'content-type': 'application/json; charset=utf-8',
    'content-length': '196',
    connection: 'close',
    'cf-ray': '9662276c88dcd610-IAD',
    perf: '7402827104',
    'set-cookie': [
      'guest_id=v1%3A175368240331968664; Max-Age=34214400; Expires=Fri, 28 Aug 2026 06:00:03 GMT; Path=/; Domain=.twitter.com; Secure; SameSite=None',
      '__cf_bm=zr_ySyhqMgPYS80EHyFJB.ilAkLj3E1DSnc6hfapuKo-1753682403-1.0.1.1-jBZ7DQ.agKt7WOJITtyD97ZlxsnOTa31uBYXW43mx9lMyChK1Oyl.wdRphSPNHH89fAnrFCqq_g.BYYIz28hUWgQ.KKrnoh2A5DGa1vrLcs; path=/; expires=Mon, 28-Jul-25 06:30:03 GMT; domain=.twitter.com; HttpOnly; Secure'
    ],
    'api-version': '2.144',
    'cache-control': 'no-cache, no-store, max-age=0',
    'x-access-level': 'read',
    'x-frame-options': 'SAMEORIGIN',
    'content-encoding': 'gzip',
    'x-transaction-id': 'bf19b067e0d57811',
    'x-xss-protection': '0',
    'x-rate-limit-limit': '40000',
    'x-rate-limit-reset': '1753683303',
    'content-disposition': 'attachment; filename=json.json',
    'x-content-type-options': 'nosniff',
    'x-rate-limit-remaining': '39999',
    'strict-transport-security': 'max-age=631138519; includeSubdomains',
    'x-response-time': '27',
    'x-connection-hash': '5497d0eb099f9c2a7c9195b206289e50e2c5941aec26b4449b5b83fe97e4c523',
    vary: 'accept-encoding',
    'cf-cache-status': 'DYNAMIC',
    server: 'cloudflare tsa_b'
  },
  rateLimit: { limit: 40000, remaining: 39999, reset: 1753683303 },
  data: {
    account_id: 1821227857097715700,
    product_name: 'standard-basic',
    title: 'UsageCapExceeded',
    period: 'Monthly',
    scope: 'Product',
    detail: 'Usage cap exceeded: Monthly product cap',
    type: 'https://api.twitter.com/2/problems/usage-capped'
  }
}
Error fetching tweets: ApiResponseError: Request failed with code 429
    at RequestHandlerHelper.createResponseError (/home/ubuntu/apps/gotravel/node_modules/twitter-api-v2/dist/cjs/client-mixins/request-handler.helper.js:104:16)
    at RequestHandlerHelper.onResponseEndHandler (/home/ubuntu/apps/gotravel/node_modules/twitter-api-v2/dist/cjs/client-mixins/request-handler.helper.js:262:25)
    at Gunzip.emit (node:events:517:28)
    at endReadableNT (node:internal/streams/readable:1400:12)
    at process.processTicksAndRejections (node:internal/process/task_queues:82:21) {
  error: true,
  type: 'response',
  code: 429,
  headers: {
    date: 'Tue, 29 Jul 2025 06:00:01 GMT',
    'content-type': 'application/json; charset=utf-8',
    'content-length': '196',
    connection: 'close',
    perf: '7402827104',
    'set-cookie': [
      'guest_id=v1%3A175376880156532949; Max-Age=34214400; Expires=Sat, 29 Aug 2026 06:00:01 GMT; Path=/; Domain=.twitter.com; Secure; SameSite=None',
      '__cf_bm=za0AL7s_u8Kv23TciHT.SdI_6G45_GubHAQrGEAh1fY-1753768801-1.0.1.1-tWCe9Uj2vstN_wSg9g8GAeDkQCHi6Ngg.k4nONYoX5k50ntGj1UBaCyxzZJz7Gl9am1qWZUsp7UkMZMZii0GlEs3JzesdvBkpAI0H3yPpk4; path=/; expires=Tue, 29-Jul-25 06:30:01 GMT; domain=.twitter.com; HttpOnly; Secure'
    ],
    'api-version': '2.145',
    'cache-control': 'no-cache, no-store, max-age=0',
    'x-access-level': 'read',
    'x-frame-options': 'SAMEORIGIN',
    'content-encoding': 'gzip',
    'x-transaction-id': 'b5880d68425d36d4',
    'x-xss-protection': '0',
    'x-rate-limit-limit': '40000',
    'x-rate-limit-reset': '1753769701',
    'content-disposition': 'attachment; filename=json.json',
    'x-content-type-options': 'nosniff',
    'x-rate-limit-remaining': '39999',
    'strict-transport-security': 'max-age=631138519; includeSubdomains',
    'x-response-time': '19',
    'x-connection-hash': 'eb7c000b0ded7e87b5438cdeab63ad108da39e97d3ab08d85fa448d6fdb4a499',
    'cf-cache-status': 'DYNAMIC',
    vary: 'accept-encoding',
    server: 'cloudflare tsa_b',
    'cf-ray': '966a64c19c61ac0e-IAD'
  },
  rateLimit: { limit: 40000, remaining: 39999, reset: 1753769701 },
  data: {
    account_id: 1821227857097715700,
    product_name: 'standard-basic',
    title: 'UsageCapExceeded',
    period: 'Monthly',
    scope: 'Product',
    detail: 'Usage cap exceeded: Monthly product cap',
    type: 'https://api.twitter.com/2/problems/usage-capped'
  }
}
Error fetching tweets: ApiResponseError: Request failed with code 429
    at RequestHandlerHelper.createResponseError (/home/ubuntu/apps/gotravel/node_modules/twitter-api-v2/dist/cjs/client-mixins/request-handler.helper.js:104:16)
    at RequestHandlerHelper.onResponseEndHandler (/home/ubuntu/apps/gotravel/node_modules/twitter-api-v2/dist/cjs/client-mixins/request-handler.helper.js:262:25)
    at Gunzip.emit (node:events:517:28)
    at endReadableNT (node:internal/streams/readable:1400:12)
    at process.processTicksAndRejections (node:internal/process/task_queues:82:21) {
  error: true,
  type: 'response',
  code: 429,
  headers: {
    date: 'Wed, 30 Jul 2025 06:00:02 GMT',
    'content-type': 'application/json; charset=utf-8',
    'content-length': '94',
    connection: 'close',
    perf: '7402827104',
    'set-cookie': [
      'guest_id=v1%3A175385520253026660; Max-Age=34214400; Expires=Sun, 30 Aug 2026 06:00:02 GMT; Path=/; Domain=.twitter.com; Secure; SameSite=None',
      '__cf_bm=ZElX_MRzXPmb6WJLTUoJdmyI.ecmfl3QVsnhfH3LH5E-1753855202-1.0.1.1-R8gyPxu8EorUU2WnNqmeAzANnkAkKNoBZ4qcm93fVqA7t2W5q2liJAi0c9ULa4sqGyExcHHTdWF2Y0YyqhiY0Tz_BktSKALKdJGchMbvC80; path=/; expires=Wed, 30-Jul-25 06:30:02 GMT; domain=.twitter.com; HttpOnly; Secure'
    ],
    'api-version': '2.146',
    'cache-control': 'no-cache, no-store, max-age=0',
    'x-access-level': 'read',
    'x-frame-options': 'SAMEORIGIN',
    'content-encoding': 'gzip',
    'x-transaction-id': '352740f84a5d3e05',
    'x-xss-protection': '0',
    'x-rate-limit-limit': '1',
    'x-rate-limit-reset': '1753856102',
    'content-disposition': 'attachment; filename=json.json',
    'x-content-type-options': 'nosniff',
    'x-rate-limit-remaining': '0',
    'strict-transport-security': 'max-age=631138519; includeSubdomains',
    'x-response-time': '11',
    'x-connection-hash': 'c91a0adf260eabfb110f266826600bee126b9534e0a0f2a0c06b6ecd2e992e2b',
    vary: 'accept-encoding',
    'cf-cache-status': 'DYNAMIC',
    server: 'cloudflare tsa_b',
    'cf-ray': '9672a227ae8fd227-IAD'
  },
  rateLimit: { limit: 1, remaining: 0, reset: 1753856102 },
  data: {
    title: 'Too Many Requests',
    detail: 'Too Many Requests',
    type: 'about:blank',
    status: 429
  }
}
Error fetching tweets: ApiResponseError: Request failed with code 429
    at RequestHandlerHelper.createResponseError (/home/ubuntu/apps/gotravel/node_modules/twitter-api-v2/dist/cjs/client-mixins/request-handler.helper.js:104:16)
    at RequestHandlerHelper.onResponseEndHandler (/home/ubuntu/apps/gotravel/node_modules/twitter-api-v2/dist/cjs/client-mixins/request-handler.helper.js:262:25)
    at Gunzip.emit (node:events:517:28)
    at endReadableNT (node:internal/streams/readable:1400:12)
    at process.processTicksAndRejections (node:internal/process/task_queues:82:21) {
  error: true,
  type: 'response',
  code: 429,
  headers: {
    date: 'Thu, 31 Jul 2025 06:00:02 GMT',
    'content-type': 'application/json; charset=utf-8',
    'content-length': '196',
    connection: 'close',
    perf: '7402827104',
    'set-cookie': [
      'guest_id=v1%3A175394160259024868; Max-Age=34214400; Expires=Mon, 31 Aug 2026 06:00:02 GMT; Path=/; Domain=.twitter.com; Secure; SameSite=None',
      '__cf_bm=dqsJBac_fz8fFNlDNHQYF1cey9ObdViYqvWkYzL9v5g-1753941602-1.0.1.1-iMXKP2TnxK340Ibs3N6.X1lLB3n.Xj6EbotVf.SVenEAhIxJ4wrq1fHT17Zm8ufCzXeIDtNysh68NMap53R5X9Bg9zFPXPLlbJdYAK.EL.c; path=/; expires=Thu, 31-Jul-25 06:30:02 GMT; domain=.twitter.com; HttpOnly; Secure'
    ],
    'api-version': '2.146',
    'cache-control': 'no-cache, no-store, max-age=0',
    'x-access-level': 'read',
    'x-frame-options': 'SAMEORIGIN',
    'content-encoding': 'gzip',
    'x-transaction-id': 'a03f7919e8619b68',
    'x-xss-protection': '0',
    'x-rate-limit-limit': '40000',
    'x-rate-limit-reset': '1753942502',
    'content-disposition': 'attachment; filename=json.json',
    'x-content-type-options': 'nosniff',
    'x-rate-limit-remaining': '39999',
    'strict-transport-security': 'max-age=631138519; includeSubdomains',
    'x-response-time': '20',
    'x-connection-hash': 'ad1eef8aa49c9a0769f769887d85884f3754d1a542a4da6cf5b9bf5c553d7916',
    'cf-cache-status': 'DYNAMIC',
    vary: 'accept-encoding',
    server: 'cloudflare tsa_b',
    'cf-ray': '967adf880e711d3d-IAD'
  },
  rateLimit: { limit: 40000, remaining: 39999, reset: 1753942502 },
  data: {
    account_id: 1821227857097715700,
    product_name: 'standard-basic',
    title: 'UsageCapExceeded',
    period: 'Monthly',
    scope: 'Product',
    detail: 'Usage cap exceeded: Monthly product cap',
    type: 'https://api.twitter.com/2/problems/usage-capped'
  }
}
Error fetching tweets: ApiResponseError: Request failed with code 429
    at RequestHandlerHelper.createResponseError (/home/ubuntu/apps/gotravel/node_modules/twitter-api-v2/dist/cjs/client-mixins/request-handler.helper.js:104:16)
    at RequestHandlerHelper.onResponseEndHandler (/home/ubuntu/apps/gotravel/node_modules/twitter-api-v2/dist/cjs/client-mixins/request-handler.helper.js:262:25)
    at Gunzip.emit (node:events:517:28)
    at endReadableNT (node:internal/streams/readable:1400:12)
    at process.processTicksAndRejections (node:internal/process/task_queues:82:21) {
  error: true,
  type: 'response',
  code: 429,
  headers: {
    date: 'Fri, 01 Aug 2025 06:00:02 GMT',
    'content-type': 'application/json; charset=utf-8',
    'content-length': '196',
    connection: 'close',
    'cf-ray': '96831ce5bf5ec95b-IAD',
    perf: '7402827104',
    'set-cookie': [
      'guest_id=v1%3A175402800221753088; Max-Age=34214400; Expires=Tue, 01 Sep 2026 06:00:02 GMT; Path=/; Domain=.twitter.com; Secure; SameSite=None',
      '__cf_bm=BLjjjFayoBZBYjufoZ.bSX0VZprlmCMdvS0VWZFIOrg-1754028002-1.0.1.1-78G7d9UEnOVWr8CrFdDXc2InYpfyHkR2WTedH_T4vQRbI9sTzMRE1N5.tsxUmORacKixUBXxrAKNT2LqfIoXQ7eNyxODiZPzsWRnrzhHq7A; path=/; expires=Fri, 01-Aug-25 06:30:02 GMT; domain=.twitter.com; HttpOnly; Secure'
    ],
    'api-version': '2.146',
    'cache-control': 'no-cache, no-store, max-age=0',
    'x-access-level': 'read',
    'x-frame-options': 'SAMEORIGIN',
    'content-encoding': 'gzip',
    'x-transaction-id': '1a42fa1d85846c48',
    'x-xss-protection': '0',
    'x-rate-limit-limit': '40000',
    'x-rate-limit-reset': '1754028902',
    'content-disposition': 'attachment; filename=json.json',
    'x-content-type-options': 'nosniff',
    'x-rate-limit-remaining': '39999',
    'strict-transport-security': 'max-age=631138519; includeSubdomains',
    'x-response-time': '19',
    'x-connection-hash': '8fe35f576f35ac2bb024449c85994c3708c2bcf27ff9c6590d22971d17f5b189',
    vary: 'accept-encoding',
    'cf-cache-status': 'DYNAMIC',
    server: 'cloudflare tsa_b'
  },
  rateLimit: { limit: 40000, remaining: 39999, reset: 1754028902 },
  data: {
    account_id: 1821227857097715700,
    product_name: 'standard-basic',
    title: 'UsageCapExceeded',
    period: 'Monthly',
    scope: 'Product',
    detail: 'Usage cap exceeded: Monthly product cap',
    type: 'https://api.twitter.com/2/problems/usage-capped'
  }
}
Error fetching tweets: ApiResponseError: Request failed with code 429
    at RequestHandlerHelper.createResponseError (/home/ubuntu/apps/gotravel/node_modules/twitter-api-v2/dist/cjs/client-mixins/request-handler.helper.js:104:16)
    at RequestHandlerHelper.onResponseEndHandler (/home/ubuntu/apps/gotravel/node_modules/twitter-api-v2/dist/cjs/client-mixins/request-handler.helper.js:262:25)
    at Gunzip.emit (node:events:517:28)
    at endReadableNT (node:internal/streams/readable:1400:12)
    at process.processTicksAndRejections (node:internal/process/task_queues:82:21) {
  error: true,
  type: 'response',
  code: 429,
  headers: {
    date: 'Sat, 02 Aug 2025 06:00:02 GMT',
    'content-type': 'application/json; charset=utf-8',
    'content-length': '94',
    connection: 'close',
    perf: '7402827104',
    'set-cookie': [
      'guest_id=v1%3A175411440215172852; Max-Age=34214400; Expires=Wed, 02 Sep 2026 06:00:02 GMT; Path=/; Domain=.twitter.com; Secure; SameSite=None',
      '__cf_bm=Dt0_5in.uCZV42j39fg6KXal8QY1en9ZUlmNX3w8iPc-1754114402-1.0.1.1-tv2SOauYOvzbXvYwAlP6smDjdQJOeX33n0L15ofHGdTzcOcQfLWQfmvLwhvw0G6ZNXayHJ2sr4MoEb4vb43bVMszWtJm.Ntx8Yw.gMbb4Cs; path=/; expires=Sat, 02-Aug-25 06:30:02 GMT; domain=.twitter.com; HttpOnly; Secure'
    ],
    'api-version': '2.146',
    'cache-control': 'no-cache, no-store, max-age=0',
    'x-access-level': 'read',
    'x-frame-options': 'SAMEORIGIN',
    'content-encoding': 'gzip',
    'x-transaction-id': '0b734996d29af82a',
    'x-xss-protection': '0',
    'x-rate-limit-limit': '1',
    'x-rate-limit-reset': '1754115302',
    'content-disposition': 'attachment; filename=json.json',
    'x-content-type-options': 'nosniff',
    'x-rate-limit-remaining': '0',
    'strict-transport-security': 'max-age=631138519; includeSubdomains',
    'x-response-time': '14',
    'x-connection-hash': '4afea4dffd338820c8945dcd252f4eab60feec3bbb915c41ffbe417eeb32ce8f',
    vary: 'accept-encoding',
    'cf-cache-status': 'DYNAMIC',
    server: 'cloudflare tsa_b',
    'cf-ray': '968b5a453dde3940-IAD'
  },
  rateLimit: { limit: 1, remaining: 0, reset: 1754115302 },
  data: {
    title: 'Too Many Requests',
    detail: 'Too Many Requests',
    type: 'about:blank',
    status: 429
  }
}
Error fetching tweets: ApiResponseError: Request failed with code 429
    at RequestHandlerHelper.createResponseError (/home/ubuntu/apps/gotravel/node_modules/twitter-api-v2/dist/cjs/client-mixins/request-handler.helper.js:104:16)
    at RequestHandlerHelper.onResponseEndHandler (/home/ubuntu/apps/gotravel/node_modules/twitter-api-v2/dist/cjs/client-mixins/request-handler.helper.js:262:25)
    at Gunzip.emit (node:events:517:28)
    at endReadableNT (node:internal/streams/readable:1400:12)
    at process.processTicksAndRejections (node:internal/process/task_queues:82:21) {
  error: true,
  type: 'response',
  code: 429,
  headers: {
    date: 'Sun, 03 Aug 2025 06:00:02 GMT',
    'content-type': 'application/json; charset=utf-8',
    'content-length': '94',
    connection: 'close',
    perf: '7402827104',
    'set-cookie': [
      'guest_id=v1%3A175420080226014997; Max-Age=34214400; Expires=Thu, 03 Sep 2026 06:00:02 GMT; Path=/; Domain=.twitter.com; Secure; SameSite=None',
      '__cf_bm=GTT6a6qjRe.O5prOm_EUuKmnhaEWWl4kXslrSli2zDw-1754200802-1.0.1.1-VM9ni1EeFMea_KdvTr2eHMXyDOmd8s79KMitTVzvWFU8ZJRp61Fcjo08t8lHLRZsR7zXAMoDz7swg0sbletssDXKU6jUxoRlfZWq_5ljmlk; path=/; expires=Sun, 03-Aug-25 06:30:02 GMT; domain=.twitter.com; HttpOnly; Secure'
    ],
    'api-version': '2.146',
    'cache-control': 'no-cache, no-store, max-age=0',
    'x-access-level': 'read',
    'x-frame-options': 'SAMEORIGIN',
    'content-encoding': 'gzip',
    'x-transaction-id': 'c7b260c8cd8d6701',
    'x-xss-protection': '0',
    'x-rate-limit-limit': '1',
    'x-rate-limit-reset': '1754201702',
    'content-disposition': 'attachment; filename=json.json',
    'x-content-type-options': 'nosniff',
    'x-rate-limit-remaining': '0',
    'strict-transport-security': 'max-age=631138519; includeSubdomains',
    'x-response-time': '11',
    'x-connection-hash': '5cd4fad394574dbc4087255c194cf9b425029086dea1da683914590c727ee4e4',
    'cf-cache-status': 'DYNAMIC',
    vary: 'accept-encoding',
    server: 'cloudflare tsa_b',
    'cf-ray': '969397a5f8b7d8b4-IAD'
  },
  rateLimit: { limit: 1, remaining: 0, reset: 1754201702 },
  data: {
    title: 'Too Many Requests',
    detail: 'Too Many Requests',
    type: 'about:blank',
    status: 429
  }
}
Error fetching tweets: ApiResponseError: Request failed with code 429
    at RequestHandlerHelper.createResponseError (/home/ubuntu/apps/gotravel/node_modules/twitter-api-v2/dist/cjs/client-mixins/request-handler.helper.js:104:16)
    at RequestHandlerHelper.onResponseEndHandler (/home/ubuntu/apps/gotravel/node_modules/twitter-api-v2/dist/cjs/client-mixins/request-handler.helper.js:262:25)
    at Gunzip.emit (node:events:517:28)
    at endReadableNT (node:internal/streams/readable:1400:12)
    at process.processTicksAndRejections (node:internal/process/task_queues:82:21) {
  error: true,
  type: 'response',
  code: 429,
  headers: {
    date: 'Mon, 04 Aug 2025 06:00:02 GMT',
    'content-type': 'application/json; charset=utf-8',
    'content-length': '94',
    connection: 'close',
    perf: '7402827104',
    'set-cookie': [
      'guest_id=v1%3A175428720213319096; Max-Age=34214400; Expires=Fri, 04 Sep 2026 06:00:02 GMT; Path=/; Domain=.twitter.com; Secure; SameSite=None',
      '__cf_bm=MU5FmQsJvaJdSnOi.RrNz_enSUVOqLAl1YTiFL0Fymc-1754287202-1.0.1.1-nxqyo_RYZXbpNtUpbEWWaIMJKTl.gqb076CMnjm1rJXvY3pemi6PrOD2FdVXyZpyABDpkcZVhxoNGSS072y1Bgy9BqwgfnrjoSmhHwwOzhw; path=/; expires=Mon, 04-Aug-25 06:30:02 GMT; domain=.twitter.com; HttpOnly; Secure'
    ],
    'api-version': '2.146',
    'cache-control': 'no-cache, no-store, max-age=0',
    'x-access-level': 'read',
    'x-frame-options': 'SAMEORIGIN',
    'content-encoding': 'gzip',
    'x-transaction-id': 'ee2cfe7c94e9bc28',
    'x-xss-protection': '0',
    'x-rate-limit-limit': '1',
    'x-rate-limit-reset': '1754288102',
    'content-disposition': 'attachment; filename=json.json',
    'x-content-type-options': 'nosniff',
    'x-rate-limit-remaining': '0',
    'strict-transport-security': 'max-age=631138519; includeSubdomains',
    'x-response-time': '11',
    'x-connection-hash': 'a94b626ebe8e3ccafa4990eae38975d51c902bf7e7a1884d33d1854ebb810b16',
    vary: 'accept-encoding',
    'cf-cache-status': 'DYNAMIC',
    server: 'cloudflare tsa_b',
    'cf-ray': '969bd5052be5af78-IAD'
  },
  rateLimit: { limit: 1, remaining: 0, reset: 1754288102 },
  data: {
    title: 'Too Many Requests',
    detail: 'Too Many Requests',
    type: 'about:blank',
    status: 429
  }
}
Error fetching tweets: ApiResponseError: Request failed with code 429
    at RequestHandlerHelper.createResponseError (/home/ubuntu/apps/gotravel/node_modules/twitter-api-v2/dist/cjs/client-mixins/request-handler.helper.js:104:16)
    at RequestHandlerHelper.onResponseEndHandler (/home/ubuntu/apps/gotravel/node_modules/twitter-api-v2/dist/cjs/client-mixins/request-handler.helper.js:262:25)
    at Gunzip.emit (node:events:517:28)
    at endReadableNT (node:internal/streams/readable:1400:12)
    at process.processTicksAndRejections (node:internal/process/task_queues:82:21) {
  error: true,
  type: 'response',
  code: 429,
  headers: {
    date: 'Tue, 05 Aug 2025 06:00:03 GMT',
    'content-type': 'application/json; charset=utf-8',
    'content-length': '94',
    connection: 'close',
    perf: '7402827104',
    'set-cookie': [
      'guest_id=v1%3A175437360313014754; Max-Age=34214400; Expires=Sat, 05 Sep 2026 06:00:03 GMT; Path=/; Domain=.twitter.com; Secure; SameSite=None',
      '__cf_bm=hm745ehJ3PbeCpm8yCN1G7UyNTFWQeeOOKWZdNewOhg-1754373603-1.0.1.1-.bGKTSCsJzw8wGjW_ABt0BvOZRhgvjpgAasQ8.G5dVnwD8EfGbGK._tm.NING0SGsdI70noFdm5pSZ.tvunKeWqff4NSeOOMYFWmzHIToY8; path=/; expires=Tue, 05-Aug-25 06:30:03 GMT; domain=.twitter.com; HttpOnly; Secure'
    ],
    'api-version': '2.146',
    'cache-control': 'no-cache, no-store, max-age=0',
    'x-access-level': 'read',
    'x-frame-options': 'SAMEORIGIN',
    'content-encoding': 'gzip',
    'x-transaction-id': '5e7ea191a4ac7385',
    'x-xss-protection': '0',
    'x-rate-limit-limit': '1',
    'x-rate-limit-reset': '1754374503',
    'content-disposition': 'attachment; filename=json.json',
    'x-content-type-options': 'nosniff',
    'x-rate-limit-remaining': '0',
    'strict-transport-security': 'max-age=631138519; includeSubdomains',
    'x-response-time': '16',
    'x-connection-hash': '72127308dce0db591d72ebc6d01439fb431de4da3cff09b1cf463c071346ee44',
    'cf-cache-status': 'DYNAMIC',
    vary: 'accept-encoding',
    server: 'cloudflare tsa_b',
    'cf-ray': '96a4126b7826c984-IAD'
  },
  rateLimit: { limit: 1, remaining: 0, reset: 1754374503 },
  data: {
    title: 'Too Many Requests',
    detail: 'Too Many Requests',
    type: 'about:blank',
    status: 429
  }
}
Error fetching tweets: ApiResponseError: Request failed with code 429
    at RequestHandlerHelper.createResponseError (/home/ubuntu/apps/gotravel/node_modules/twitter-api-v2/dist/cjs/client-mixins/request-handler.helper.js:104:16)
    at RequestHandlerHelper.onResponseEndHandler (/home/ubuntu/apps/gotravel/node_modules/twitter-api-v2/dist/cjs/client-mixins/request-handler.helper.js:262:25)
    at Gunzip.emit (node:events:517:28)
    at endReadableNT (node:internal/streams/readable:1400:12)
    at process.processTicksAndRejections (node:internal/process/task_queues:82:21) {
  error: true,
  type: 'response',
  code: 429,
  headers: {
    date: 'Wed, 06 Aug 2025 06:00:02 GMT',
    'content-type': 'application/json; charset=utf-8',
    'content-length': '196',
    connection: 'close',
    perf: '7402827104',
    'set-cookie': [
      'guest_id=v1%3A175446000198573483; Max-Age=34214400; Expires=Sun, 06 Sep 2026 06:00:02 GMT; Path=/; Domain=.twitter.com; Secure; SameSite=None',
      '__cf_bm=eSG_O21yX2xIJk7qM76WyGeuIPpeLiscstIQdTZqMFU-1754460002-1.0.1.1-MZ3jusL51KnEkIuNflk7.6.hR_tzRq1uCGIeZUW3EcgTj9Gb.bio1S7OjkmFEoZ4eE8nCsAqlwMiG1dIaZDjI5VqaFJXPRY_B49qqQaG4pc; path=/; expires=Wed, 06-Aug-25 06:30:02 GMT; domain=.twitter.com; HttpOnly; Secure'
    ],
    'api-version': '2.146',
    'cache-control': 'no-cache, no-store, max-age=0',
    'x-access-level': 'read',
    'x-frame-options': 'SAMEORIGIN',
    'content-encoding': 'gzip',
    'x-transaction-id': '62252a5af0ceef16',
    'x-xss-protection': '0',
    'x-rate-limit-limit': '40000',
    'x-rate-limit-reset': '1754460901',
    'content-disposition': 'attachment; filename=json.json',
    'x-content-type-options': 'nosniff',
    'x-rate-limit-remaining': '39999',
    'strict-transport-security': 'max-age=631138519; includeSubdomains',
    'x-response-time': '20',
    'x-connection-hash': 'adc113c58b50ef45a94cb29ee7b7fd3fd384a3d405b68f8e509a5cfb15f0cc6b',
    'cf-cache-status': 'DYNAMIC',
    vary: 'accept-encoding',
    server: 'cloudflare tsa_b',
    'cf-ray': '96ac4fc44c9550e2-IAD'
  },
  rateLimit: { limit: 40000, remaining: 39999, reset: 1754460901 },
  data: {
    account_id: 1821227857097715700,
    product_name: 'standard-basic',
    title: 'UsageCapExceeded',
    period: 'Monthly',
    scope: 'Product',
    detail: 'Usage cap exceeded: Monthly product cap',
    type: 'https://api.twitter.com/2/problems/usage-capped'
  }
}
Error fetching tweets: ApiResponseError: Request failed with code 429
    at RequestHandlerHelper.createResponseError (/home/ubuntu/apps/gotravel/node_modules/twitter-api-v2/dist/cjs/client-mixins/request-handler.helper.js:104:16)
    at RequestHandlerHelper.onResponseEndHandler (/home/ubuntu/apps/gotravel/node_modules/twitter-api-v2/dist/cjs/client-mixins/request-handler.helper.js:262:25)
    at Gunzip.emit (node:events:517:28)
    at endReadableNT (node:internal/streams/readable:1400:12)
    at process.processTicksAndRejections (node:internal/process/task_queues:82:21) {
  error: true,
  type: 'response',
  code: 429,
  headers: {
    date: 'Thu, 07 Aug 2025 06:00:02 GMT',
    'content-type': 'application/json; charset=utf-8',
    'content-length': '94',
    connection: 'close',
    'cf-ray': '96b48d270f70d6c7-IAD',
    perf: '7402827104',
    'set-cookie': [
      'guest_id=v1%3A175454640242631343; Max-Age=34214400; Expires=Mon, 07 Sep 2026 06:00:02 GMT; Path=/; Domain=.twitter.com; Secure; SameSite=None',
      '__cf_bm=fGlPMPlakkLiNrrZgZzjrFxBU54r1nt3TWEUDfHTDuo-1754546402-1.0.1.1-oMPt10iRr9p6tSUpeIwWwZtGrTDeD5ndRqK2kjeMHoLj6T12dekv3T5b4MyF0d2m4IamDzTrrdLFZ.dsQmyStzxzidQLUxwuWDP5pTSpapY; path=/; expires=Thu, 07-Aug-25 06:30:02 GMT; domain=.twitter.com; HttpOnly; Secure'
    ],
    'api-version': '2.146',
    'cache-control': 'no-cache, no-store, max-age=0',
    'x-access-level': 'read',
    'x-frame-options': 'SAMEORIGIN',
    'content-encoding': 'gzip',
    'x-transaction-id': '6cbaa8eb2159adc9',
    'x-xss-protection': '0',
    'x-rate-limit-limit': '1',
    'x-rate-limit-reset': '1754547302',
    'content-disposition': 'attachment; filename=json.json',
    'x-content-type-options': 'nosniff',
    'x-rate-limit-remaining': '0',
    'strict-transport-security': 'max-age=631138519; includeSubdomains',
    'x-response-time': '10',
    'x-connection-hash': 'a48bf7882855abbe8b94f8befaeaff4a493c0b7c4f3a7b13672b2d887709b1e3',
    vary: 'accept-encoding',
    'cf-cache-status': 'DYNAMIC',
    server: 'cloudflare tsa_b'
  },
  rateLimit: { limit: 1, remaining: 0, reset: 1754547302 },
  data: {
    title: 'Too Many Requests',
    detail: 'Too Many Requests',
    type: 'about:blank',
    status: 429
  }
}
Error fetching tweets: ApiResponseError: Request failed with code 429
    at RequestHandlerHelper.createResponseError (/home/ubuntu/apps/gotravel/node_modules/twitter-api-v2/dist/cjs/client-mixins/request-handler.helper.js:104:16)
    at RequestHandlerHelper.onResponseEndHandler (/home/ubuntu/apps/gotravel/node_modules/twitter-api-v2/dist/cjs/client-mixins/request-handler.helper.js:262:25)
    at Gunzip.emit (node:events:517:28)
    at endReadableNT (node:internal/streams/readable:1400:12)
    at process.processTicksAndRejections (node:internal/process/task_queues:82:21) {
  error: true,
  type: 'response',
  code: 429,
  headers: {
    date: 'Fri, 08 Aug 2025 06:00:02 GMT',
    'content-type': 'application/json; charset=utf-8',
    'content-length': '94',
    connection: 'close',
    'cf-ray': '96bcca87eb0d05bf-IAD',
    perf: '7402827104',
    'set-cookie': [
      'guest_id=v1%3A175463280257654306; Max-Age=34214400; Expires=Tue, 08 Sep 2026 06:00:02 GMT; Path=/; Domain=.twitter.com; Secure; SameSite=None',
      '__cf_bm=LvvISChzmFjmZqoYKHkxHF1KEE_zz8Hz25Br0t4eJAk-1754632802-1.0.1.1-1LSKi1bUaAT9LXQc.YjgsB1QBEL4ciu68C9JnTAsnc2PGy4z8iHFPiXAws22NgkhuEa33DNZVYHtL2dh3JQ7XdjFoeuifs607LDzwnk_I2U; path=/; expires=Fri, 08-Aug-25 06:30:02 GMT; domain=.twitter.com; HttpOnly; Secure'
    ],
    'api-version': '2.146',
    'cache-control': 'no-cache, no-store, max-age=0',
    'x-access-level': 'read',
    'x-frame-options': 'SAMEORIGIN',
    'content-encoding': 'gzip',
    'x-transaction-id': '0a8d5ad694165e21',
    'x-xss-protection': '0',
    'x-rate-limit-limit': '1',
    'x-rate-limit-reset': '1754633702',
    'content-disposition': 'attachment; filename=json.json',
    'x-content-type-options': 'nosniff',
    'x-rate-limit-remaining': '0',
    'strict-transport-security': 'max-age=631138519; includeSubdomains',
    'x-response-time': '18',
    'x-connection-hash': '1c29680f2c158f2711fb62a94eaa67936c02cd66a0130b72122575447db815f5',
    vary: 'accept-encoding',
    'cf-cache-status': 'DYNAMIC',
    server: 'cloudflare tsa_b'
  },
  rateLimit: { limit: 1, remaining: 0, reset: 1754633702 },
  data: {
    title: 'Too Many Requests',
    detail: 'Too Many Requests',
    type: 'about:blank',
    status: 429
  }
}
Error fetching tweets: ApiResponseError: Request failed with code 429
    at RequestHandlerHelper.createResponseError (/home/ubuntu/apps/gotravel/node_modules/twitter-api-v2/dist/cjs/client-mixins/request-handler.helper.js:104:16)
    at RequestHandlerHelper.onResponseEndHandler (/home/ubuntu/apps/gotravel/node_modules/twitter-api-v2/dist/cjs/client-mixins/request-handler.helper.js:262:25)
    at Gunzip.emit (node:events:517:28)
    at endReadableNT (node:internal/streams/readable:1400:12)
    at process.processTicksAndRejections (node:internal/process/task_queues:82:21) {
  error: true,
  type: 'response',
  code: 429,
  headers: {
    date: 'Sat, 09 Aug 2025 06:00:03 GMT',
    'content-type': 'application/json; charset=utf-8',
    'content-length': '94',
    connection: 'close',
    'cf-ray': '96c507eb0b560597-IAD',
    perf: '7402827104',
    'set-cookie': [
      'guest_id=v1%3A175471920307684854; Max-Age=34214400; Expires=Wed, 09 Sep 2026 06:00:03 GMT; Path=/; Domain=.twitter.com; Secure; SameSite=None',
      '__cf_bm=ahJH28i.4I4QDmrvM9wNjIl2gT4p_2RWHaR2az.7jAg-1754719203-1.0.1.1-._EgJbs69A4hxz2M_r5dJEH8Fm4ePEOwPzwk8Ru6HxDPydBl4j6UlFGL87sT4WfuJMmzH_GJAci8xzDljNrLSsP0n5w1sItxh7oAYglPBUE; path=/; expires=Sat, 09-Aug-25 06:30:03 GMT; domain=.twitter.com; HttpOnly; Secure'
    ],
    'api-version': '2.146',
    'cache-control': 'no-cache, no-store, max-age=0',
    'x-access-level': 'read',
    'x-frame-options': 'SAMEORIGIN',
    'content-encoding': 'gzip',
    'x-transaction-id': 'fbe4db02bf9fd297',
    'x-xss-protection': '0',
    'x-rate-limit-limit': '1',
    'x-rate-limit-reset': '1754720103',
    'content-disposition': 'attachment; filename=json.json',
    'x-content-type-options': 'nosniff',
    'x-rate-limit-remaining': '0',
    'strict-transport-security': 'max-age=631138519; includeSubdomains',
    'x-response-time': '13',
    'x-connection-hash': '016f5d7bb8f18fb818eee61a9d6df1abcbd3be3df7e63a54c98af20a0896d03d',
    'cf-cache-status': 'DYNAMIC',
    vary: 'accept-encoding',
    server: 'cloudflare tsa_b'
  },
  rateLimit: { limit: 1, remaining: 0, reset: 1754720103 },
  data: {
    title: 'Too Many Requests',
    detail: 'Too Many Requests',
    type: 'about:blank',
    status: 429
  }
}
Fetched 20 tweets, added 6 unique tweets.
Updated tweets file with 20 tweets.
Tweets saved to public/tweets.json
Attempting to clear remote tweet cache...
Clear cache status: 200
Clear cache headers: {"connection":["close"],"content-type":["application/json"],"date":["Sun, 10 Aug 2025 06:00:02 GMT"],"server":["nginx/1.18.0 (Ubuntu)"],"transfer-encoding":["chunked"],"vary":["RSC, Next-Router-State-Tree, Next-Router-Prefetch"]}
Clear cache response: {"message":"Cache cleared successfully"}
Remote tweet cache cleared successfully
Updating local cache indicator...
Local cache version updated to 52
Error fetching tweets: ApiResponseError: Request failed with code 429
    at RequestHandlerHelper.createResponseError (/home/ubuntu/apps/gotravel/node_modules/twitter-api-v2/dist/cjs/client-mixins/request-handler.helper.js:104:16)
    at RequestHandlerHelper.onResponseEndHandler (/home/ubuntu/apps/gotravel/node_modules/twitter-api-v2/dist/cjs/client-mixins/request-handler.helper.js:262:25)
    at Gunzip.emit (node:events:517:28)
    at endReadableNT (node:internal/streams/readable:1400:12)
    at process.processTicksAndRejections (node:internal/process/task_queues:82:21) {
  error: true,
  type: 'response',
  code: 429,
  headers: {
    date: 'Mon, 11 Aug 2025 06:00:02 GMT',
    'content-type': 'application/json; charset=utf-8',
    'content-length': '94',
    connection: 'close',
    'cf-ray': '96d582aa2bf31737-IAD',
    perf: '7402827104',
    'set-cookie': [
      'guest_id=v1%3A175489200293879460; Max-Age=34214400; Expires=Fri, 11 Sep 2026 06:00:02 GMT; Path=/; Domain=.twitter.com; Secure; SameSite=None',
      '__cf_bm=GxOP3Z7vOXTcHvOegCZ4L0.Lx_74xkAvceviG0No7Gs-1754892002-1.0.1.1-Pe8uNngiiM.pktSJyoB.x5Mv9xY2iYYXwRe1jRDKVCpYJabFgKRmf.X3sZTTWAm3Mr7cSZcf4m6Wm0FHkkI_cF8SBKVz9E5J0WpH9lfRy.c; path=/; expires=Mon, 11-Aug-25 06:30:02 GMT; domain=.twitter.com; HttpOnly; Secure'
    ],
    'api-version': '2.146',
    'cache-control': 'no-cache, no-store, max-age=0',
    'x-access-level': 'read',
    'x-frame-options': 'SAMEORIGIN',
    'content-encoding': 'gzip',
    'x-transaction-id': '340a0268491046aa',
    'x-xss-protection': '0',
    'x-rate-limit-limit': '1',
    'x-rate-limit-reset': '1754892902',
    'content-disposition': 'attachment; filename=json.json',
    'x-content-type-options': 'nosniff',
    'x-rate-limit-remaining': '0',
    'strict-transport-security': 'max-age=631138519; includeSubdomains',
    'x-response-time': '17',
    'x-connection-hash': '4d7c66b42656e6defcb76c8adaeedbb6d239f46061fa23dea5d96dc13ebb32cb',
    vary: 'accept-encoding',
    'cf-cache-status': 'DYNAMIC',
    server: 'cloudflare tsa_b'
  },
  rateLimit: { limit: 1, remaining: 0, reset: 1754892902 },
  data: {
    title: 'Too Many Requests',
    detail: 'Too Many Requests',
    type: 'about:blank',
    status: 429
  }
}
Error fetching tweets: ApiResponseError: Request failed with code 429
    at RequestHandlerHelper.createResponseError (/home/ubuntu/apps/gotravel/node_modules/twitter-api-v2/dist/cjs/client-mixins/request-handler.helper.js:104:16)
    at RequestHandlerHelper.onResponseEndHandler (/home/ubuntu/apps/gotravel/node_modules/twitter-api-v2/dist/cjs/client-mixins/request-handler.helper.js:262:25)
    at Gunzip.emit (node:events:517:28)
    at endReadableNT (node:internal/streams/readable:1400:12)
    at process.processTicksAndRejections (node:internal/process/task_queues:82:21) {
  error: true,
  type: 'response',
  code: 429,
  headers: {
    date: 'Tue, 12 Aug 2025 06:00:02 GMT',
    'content-type': 'application/json; charset=utf-8',
    'content-length': '94',
    connection: 'close',
    'cf-ray': '96ddc009ab582f1e-IAD',
    perf: '7402827104',
    'set-cookie': [
      'guest_id=v1%3A175497840287205425; Max-Age=34214400; Expires=Sat, 12 Sep 2026 06:00:02 GMT; Path=/; Domain=.twitter.com; Secure; SameSite=None',
      '__cf_bm=TZZTGgoHtl0O_LJO.2.ggDCdsyG0KhkSWgvaWZCGZhs-1754978402-1.0.1.1-ghTEbVwEz8.qoJFDEBUp8n3QAgL6LMl4sRi.NmVfzGc4KEr3f7n_12cjpK6IApNbugW23CWPx7dvjrTIPUMsPakCep_OmRaFVMfV.Le.Yno; path=/; expires=Tue, 12-Aug-25 06:30:02 GMT; domain=.twitter.com; HttpOnly; Secure'
    ],
    'api-version': '2.146',
    'cache-control': 'no-cache, no-store, max-age=0',
    'x-access-level': 'read',
    'x-frame-options': 'SAMEORIGIN',
    'content-encoding': 'gzip',
    'x-transaction-id': '8682a09b293f8b69',
    'x-xss-protection': '0',
    'x-rate-limit-limit': '1',
    'x-rate-limit-reset': '1754979302',
    'content-disposition': 'attachment; filename=json.json',
    'x-content-type-options': 'nosniff',
    'x-rate-limit-remaining': '0',
    'strict-transport-security': 'max-age=631138519; includeSubdomains',
    'x-response-time': '10',
    'x-connection-hash': '33665b4d03eb14547639d8a1fd9b621182a04218d5e23ed7d86eed15ef39a55f',
    vary: 'accept-encoding',
    'cf-cache-status': 'DYNAMIC',
    server: 'cloudflare tsa_b'
  },
  rateLimit: { limit: 1, remaining: 0, reset: 1754979302 },
  data: {
    title: 'Too Many Requests',
    detail: 'Too Many Requests',
    type: 'about:blank',
    status: 429
  }
}
Error fetching tweets: ApiResponseError: Request failed with code 429
    at RequestHandlerHelper.createResponseError (/home/ubuntu/apps/gotravel/node_modules/twitter-api-v2/dist/cjs/client-mixins/request-handler.helper.js:104:16)
    at RequestHandlerHelper.onResponseEndHandler (/home/ubuntu/apps/gotravel/node_modules/twitter-api-v2/dist/cjs/client-mixins/request-handler.helper.js:262:25)
    at Gunzip.emit (node:events:517:28)
    at endReadableNT (node:internal/streams/readable:1400:12)
    at process.processTicksAndRejections (node:internal/process/task_queues:82:21) {
  error: true,
  type: 'response',
  code: 429,
  headers: {
    date: 'Wed, 13 Aug 2025 06:00:02 GMT',
    'content-type': 'application/json; charset=utf-8',
    'content-length': '196',
    connection: 'close',
    'cf-ray': '96e5fd676f255890-IAD',
    perf: '7402827104',
    'set-cookie': [
      'guest_id=v1%3A175506480249937304; Max-Age=34214400; Expires=Sun, 13 Sep 2026 06:00:02 GMT; Path=/; Domain=.twitter.com; Secure; SameSite=None'
    ],
    'api-version': '2.146',
    'cache-control': 'no-cache, no-store, max-age=0',
    'x-access-level': 'read',
    'x-frame-options': 'SAMEORIGIN',
    'content-encoding': 'gzip',
    'x-transaction-id': '7f33e9650e22ef94',
    'x-xss-protection': '0',
    'x-rate-limit-limit': '40000',
    'x-rate-limit-reset': '1755065702',
    'content-disposition': 'attachment; filename=json.json',
    'x-content-type-options': 'nosniff',
    'x-rate-limit-remaining': '39999',
    'strict-transport-security': 'max-age=631138519; includeSubdomains',
    'x-response-time': '28',
    'x-connection-hash': '28208fba88bd3e16133bd8c5b0d18723bf8a33623fad6058ab0c898cbace2a0f',
    'cf-cache-status': 'DYNAMIC',
    vary: 'accept-encoding',
    server: 'cloudflare tsa_b'
  },
  rateLimit: { limit: 40000, remaining: 39999, reset: 1755065702 },
  data: {
    account_id: 1821227857097715700,
    product_name: 'standard-basic',
    title: 'UsageCapExceeded',
    period: 'Monthly',
    scope: 'Product',
    detail: 'Usage cap exceeded: Monthly product cap',
    type: 'https://api.twitter.com/2/problems/usage-capped'
  }
}
Error fetching tweets: ApiResponseError: Request failed with code 429
    at RequestHandlerHelper.createResponseError (/home/ubuntu/apps/gotravel/node_modules/twitter-api-v2/dist/cjs/client-mixins/request-handler.helper.js:104:16)
    at RequestHandlerHelper.onResponseEndHandler (/home/ubuntu/apps/gotravel/node_modules/twitter-api-v2/dist/cjs/client-mixins/request-handler.helper.js:262:25)
    at Gunzip.emit (node:events:517:28)
    at endReadableNT (node:internal/streams/readable:1400:12)
    at process.processTicksAndRejections (node:internal/process/task_queues:82:21) {
  error: true,
  type: 'response',
  code: 429,
  headers: {
    date: 'Thu, 14 Aug 2025 06:00:01 GMT',
    'content-type': 'application/json; charset=utf-8',
    'content-length': '196',
    connection: 'close',
    'cf-ray': '96ee3ac3f921a9b4-IAD',
    perf: '7402827104',
    'set-cookie': [
      'guest_id=v1%3A175515120195040332; Max-Age=34214400; Expires=Mon, 14 Sep 2026 06:00:01 GMT; Path=/; Domain=.twitter.com; Secure; SameSite=None'
    ],
    'api-version': '2.146',
    'cache-control': 'no-cache, no-store, max-age=0',
    'x-access-level': 'read',
    'x-frame-options': 'SAMEORIGIN',
    'content-encoding': 'gzip',
    'x-transaction-id': 'de109c1608528a3e',
    'x-xss-protection': '0',
    'x-rate-limit-limit': '40000',
    'x-rate-limit-reset': '1755152101',
    'content-disposition': 'attachment; filename=json.json',
    'x-content-type-options': 'nosniff',
    'x-rate-limit-remaining': '39999',
    'strict-transport-security': 'max-age=631138519; includeSubdomains',
    'x-response-time': '22',
    'x-connection-hash': '16d49689d882fd820c4b9afe0fc1774a14f35382c795f5fc4644ed7f02874d73',
    'cf-cache-status': 'DYNAMIC',
    vary: 'accept-encoding',
    server: 'cloudflare tsa_b'
  },
  rateLimit: { limit: 40000, remaining: 39999, reset: 1755152101 },
  data: {
    account_id: 1821227857097715700,
    product_name: 'standard-basic',
    title: 'UsageCapExceeded',
    period: 'Monthly',
    scope: 'Product',
    detail: 'Usage cap exceeded: Monthly product cap',
    type: 'https://api.twitter.com/2/problems/usage-capped'
  }
}
Error fetching tweets: ApiResponseError: Request failed with code 429
    at RequestHandlerHelper.createResponseError (/home/ubuntu/apps/gotravel/node_modules/twitter-api-v2/dist/cjs/client-mixins/request-handler.helper.js:104:16)
    at RequestHandlerHelper.onResponseEndHandler (/home/ubuntu/apps/gotravel/node_modules/twitter-api-v2/dist/cjs/client-mixins/request-handler.helper.js:262:25)
    at Gunzip.emit (node:events:517:28)
    at endReadableNT (node:internal/streams/readable:1400:12)
    at process.processTicksAndRejections (node:internal/process/task_queues:82:21) {
  error: true,
  type: 'response',
  code: 429,
  headers: {
    date: 'Fri, 15 Aug 2025 06:00:02 GMT',
    'content-type': 'application/json; charset=utf-8',
    'content-length': '196',
    connection: 'close',
    server: 'cloudflare',
    'cf-ray': '96f678295edfd6b5-IAD',
    'cf-cache-status': 'DYNAMIC',
    'cache-control': 'no-cache, no-store, max-age=0',
    'content-disposition': 'attachment; filename=json.json',
    'content-encoding': 'gzip',
    'set-cookie': [
      'guest_id=v1%3A175523760280572629; Max-Age=34214400; Expires=Tue, 15 Sep 2026 06:00:02 GMT; Path=/; Domain=.twitter.com; Secure; SameSite=None',
      '__cf_bm=n4zojD9b.0urzLbvYnrdvPl9iHR4dgcaTR.S82lbKzQ-1755237602-1.0.1.1-R_NAzg1nj7tODkdDQp.pixAoeqCBKIhR4fZucPTYMyn7I4Cqdv5EcLdrHj860f5w1dwEDQ6s1vxte3FvFWhBkO.HQ8j2PkjZZCTPI9pEvRg; path=/; expires=Fri, 15-Aug-25 06:30:02 GMT; domain=.twitter.com; HttpOnly; Secure'
    ],
    'strict-transport-security': 'max-age=631138519; includeSubdomains',
    vary: 'accept-encoding',
    'api-version': '2.146',
    perf: '7402827104',
    'x-access-level': 'read',
    'x-connection-hash': 'e3f0b482697930f05605cf5f46564a191db9f912047c3a33597ed1c1d79cd60b',
    'x-content-type-options': 'nosniff',
    'x-frame-options': 'SAMEORIGIN',
    'x-rate-limit-limit': '40000',
    'x-rate-limit-remaining': '39999',
    'x-rate-limit-reset': '1755238502',
    'x-response-time': '16',
    'x-transaction-id': '38dba1ffc2135a7f',
    'x-xss-protection': '0'
  },
  rateLimit: { limit: 40000, remaining: 39999, reset: 1755238502 },
  data: {
    account_id: 1821227857097715700,
    product_name: 'standard-basic',
    title: 'UsageCapExceeded',
    period: 'Monthly',
    scope: 'Product',
    detail: 'Usage cap exceeded: Monthly product cap',
    type: 'https://api.twitter.com/2/problems/usage-capped'
  }
}
Error fetching tweets: ApiResponseError: Request failed with code 429
    at RequestHandlerHelper.createResponseError (/home/ubuntu/apps/gotravel/node_modules/twitter-api-v2/dist/cjs/client-mixins/request-handler.helper.js:104:16)
    at RequestHandlerHelper.onResponseEndHandler (/home/ubuntu/apps/gotravel/node_modules/twitter-api-v2/dist/cjs/client-mixins/request-handler.helper.js:262:25)
    at Gunzip.emit (node:events:517:28)
    at endReadableNT (node:internal/streams/readable:1400:12)
    at process.processTicksAndRejections (node:internal/process/task_queues:82:21) {
  error: true,
  type: 'response',
  code: 429,
  headers: {
    date: 'Sat, 16 Aug 2025 06:00:02 GMT',
    'content-type': 'application/json; charset=utf-8',
    'content-length': '196',
    connection: 'close',
    server: 'cloudflare',
    'cf-ray': '96feb588be882265-IAD',
    'cf-cache-status': 'DYNAMIC',
    'cache-control': 'no-cache, no-store, max-age=0',
    'content-disposition': 'attachment; filename=json.json',
    'content-encoding': 'gzip',
    'set-cookie': [
      'guest_id=v1%3A175532400270571836; Max-Age=34214400; Expires=Wed, 16 Sep 2026 06:00:02 GMT; Path=/; Domain=.twitter.com; Secure; SameSite=None',
      '__cf_bm=_JFe6zpOLVpu3OT82dpzBuuxxyL03dvoArTksExp1Qk-1755324002-1.0.1.1-kCBFtf8dnS6crnCyvcmu8LQBvjIKZZ2SyOq0wwJiCadP9XcMAZlVFV05ms_wfiUYoa.o6ubs6Z2EbG5H2VWpW_3e3K3eIwn84PQIj27y.gU; path=/; expires=Sat, 16-Aug-25 06:30:02 GMT; domain=.twitter.com; HttpOnly; Secure'
    ],
    'strict-transport-security': 'max-age=631138519; includeSubdomains',
    vary: 'accept-encoding',
    'api-version': '2.146',
    perf: '7402827104',
    'x-access-level': 'read',
    'x-connection-hash': '2b79d816bce57a88b78b3459438a81e422eb7fc727e19e6f586a00e0f6e29d57',
    'x-content-type-options': 'nosniff',
    'x-frame-options': 'SAMEORIGIN',
    'x-rate-limit-limit': '40000',
    'x-rate-limit-remaining': '39999',
    'x-rate-limit-reset': '1755324902',
    'x-response-time': '19',
    'x-transaction-id': 'fd1328764453d539',
    'x-xss-protection': '0'
  },
  rateLimit: { limit: 40000, remaining: 39999, reset: 1755324902 },
  data: {
    account_id: 1821227857097715700,
    product_name: 'standard-basic',
    title: 'UsageCapExceeded',
    period: 'Monthly',
    scope: 'Product',
    detail: 'Usage cap exceeded: Monthly product cap',
    type: 'https://api.twitter.com/2/problems/usage-capped'
  }
}
Error fetching tweets: ApiResponseError: Request failed with code 429
    at RequestHandlerHelper.createResponseError (/home/ubuntu/apps/gotravel/node_modules/twitter-api-v2/dist/cjs/client-mixins/request-handler.helper.js:104:16)
    at RequestHandlerHelper.onResponseEndHandler (/home/ubuntu/apps/gotravel/node_modules/twitter-api-v2/dist/cjs/client-mixins/request-handler.helper.js:262:25)
    at Gunzip.emit (node:events:517:28)
    at endReadableNT (node:internal/streams/readable:1400:12)
    at process.processTicksAndRejections (node:internal/process/task_queues:82:21) {
  error: true,
  type: 'response',
  code: 429,
  headers: {
    date: 'Sun, 17 Aug 2025 06:00:02 GMT',
    'content-type': 'application/json; charset=utf-8',
    'content-length': '196',
    connection: 'close',
    server: 'cloudflare',
    'cf-ray': '9706f2ea4db37608-IAD',
    'cf-cache-status': 'DYNAMIC',
    'cache-control': 'no-cache, no-store, max-age=0',
    'content-disposition': 'attachment; filename=json.json',
    'content-encoding': 'gzip',
    'set-cookie': [
      'guest_id=v1%3A175541040295049048; Max-Age=34214400; Expires=Thu, 17 Sep 2026 06:00:02 GMT; Path=/; Domain=.twitter.com; Secure; SameSite=None',
      '__cf_bm=w76yNRBPU23LQu7BBqNcodsPN2FBJpB3p2ucmLVeUQI-1755410402-1.0.1.1-8ZunBHOyAo.MSNyvF5IOSpzn4hjQt_AxGGkQqx_DtINP5e_ukuL1jntdOCrwH5Su8yyMqdThXRIq0oNYQ9rPyz6K.ui3Rd_90GbduJu5ZLA; path=/; expires=Sun, 17-Aug-25 06:30:02 GMT; domain=.twitter.com; HttpOnly; Secure'
    ],
    'strict-transport-security': 'max-age=631138519; includeSubdomains',
    vary: 'accept-encoding',
    'api-version': '2.146',
    perf: '7402827104',
    'x-access-level': 'read',
    'x-connection-hash': '48a0a3c1d211afaa186834aa77ef3e9bfebde6e92ce492ff59a7dc54127ffac3',
    'x-content-type-options': 'nosniff',
    'x-frame-options': 'SAMEORIGIN',
    'x-rate-limit-limit': '40000',
    'x-rate-limit-remaining': '39999',
    'x-rate-limit-reset': '1755411302',
    'x-response-time': '18',
    'x-transaction-id': '55996e197f0d860e',
    'x-xss-protection': '0'
  },
  rateLimit: { limit: 40000, remaining: 39999, reset: 1755411302 },
  data: {
    account_id: 1821227857097715700,
    product_name: 'standard-basic',
    title: 'UsageCapExceeded',
    period: 'Monthly',
    scope: 'Product',
    detail: 'Usage cap exceeded: Monthly product cap',
    type: 'https://api.twitter.com/2/problems/usage-capped'
  }
}
Error fetching tweets: ApiResponseError: Request failed with code 429
    at RequestHandlerHelper.createResponseError (/home/ubuntu/apps/gotravel/node_modules/twitter-api-v2/dist/cjs/client-mixins/request-handler.helper.js:104:16)
    at RequestHandlerHelper.onResponseEndHandler (/home/ubuntu/apps/gotravel/node_modules/twitter-api-v2/dist/cjs/client-mixins/request-handler.helper.js:262:25)
    at Gunzip.emit (node:events:517:28)
    at endReadableNT (node:internal/streams/readable:1400:12)
    at process.processTicksAndRejections (node:internal/process/task_queues:82:21) {
  error: true,
  type: 'response',
  code: 429,
  headers: {
    date: 'Mon, 18 Aug 2025 06:00:02 GMT',
    'content-type': 'application/json; charset=utf-8',
    'content-length': '94',
    connection: 'close',
    server: 'cloudflare',
    'cf-ray': '970f3046ee304a0b-IAD',
    'cf-cache-status': 'DYNAMIC',
    'cache-control': 'no-cache, no-store, max-age=0',
    'content-disposition': 'attachment; filename=json.json',
    'content-encoding': 'gzip',
    'set-cookie': [
      'guest_id=v1%3A175549680241144982; Max-Age=34214400; Expires=Fri, 18 Sep 2026 06:00:02 GMT; Path=/; Domain=.twitter.com; Secure; SameSite=None',
      '__cf_bm=YhIw8XTNFaINokZ6CsjIWhjL95hQ2H5KW3tBRGHqnPw-1755496802-1.0.1.1-VDq1lqemhs0OF6hr8mu0uffdd_ymzjk538onnTmFsbldaTUrfAmoYGhu1S5WCZT52CPrjqjjTkB_8OqBRI_XO1xPDJvbcfJekZ.f4yxdLWU; path=/; expires=Mon, 18-Aug-25 06:30:02 GMT; domain=.twitter.com; HttpOnly; Secure'
    ],
    'strict-transport-security': 'max-age=631138519; includeSubdomains',
    vary: 'accept-encoding',
    'api-version': '2.146',
    perf: '7402827104',
    'x-access-level': 'read',
    'x-connection-hash': 'd0c6f8ef72fd41c89ec6a54013f247de7691346db65adc4fc92452da1b3fb46a',
    'x-content-type-options': 'nosniff',
    'x-frame-options': 'SAMEORIGIN',
    'x-rate-limit-limit': '1',
    'x-rate-limit-remaining': '0',
    'x-rate-limit-reset': '1755497702',
    'x-response-time': '11',
    'x-transaction-id': 'dc198846eebb1cf2',
    'x-xss-protection': '0'
  },
  rateLimit: { limit: 1, remaining: 0, reset: 1755497702 },
  data: {
    title: 'Too Many Requests',
    detail: 'Too Many Requests',
    type: 'about:blank',
    status: 429
  }
}
Error fetching tweets: ApiResponseError: Request failed with code 429
    at RequestHandlerHelper.createResponseError (/home/ubuntu/apps/gotravel/node_modules/twitter-api-v2/dist/cjs/client-mixins/request-handler.helper.js:104:16)
    at RequestHandlerHelper.onResponseEndHandler (/home/ubuntu/apps/gotravel/node_modules/twitter-api-v2/dist/cjs/client-mixins/request-handler.helper.js:262:25)
    at Gunzip.emit (node:events:517:28)
    at endReadableNT (node:internal/streams/readable:1400:12)
    at process.processTicksAndRejections (node:internal/process/task_queues:82:21) {
  error: true,
  type: 'response',
  code: 429,
  headers: {
    date: 'Tue, 19 Aug 2025 06:00:02 GMT',
    'content-type': 'application/json; charset=utf-8',
    'content-length': '94',
    connection: 'close',
    server: 'cloudflare',
    'cf-ray': '97176da7beb497a6-IAD',
    'cf-cache-status': 'DYNAMIC',
    'cache-control': 'no-cache, no-store, max-age=0',
    'content-disposition': 'attachment; filename=json.json',
    'content-encoding': 'gzip',
    'set-cookie': [
      'guest_id=v1%3A175558320254584403; Max-Age=34214400; Expires=Sat, 19 Sep 2026 06:00:02 GMT; Path=/; Domain=.twitter.com; Secure; SameSite=None',
      '__cf_bm=y7dxFlnMaEnd5N7hUTiEVToXeFGtrRommERYbRbw5bU-1755583202-1.0.1.1-nNru.SEvQtQDztjX3QS64eSPrK2.sdXX04Gg8JgN2l26WnLYFADqDmOest_PTexvNc7pUuAOOVXcDxXN6xwieliLFGrFE2VkAEuuh9mzP00; path=/; expires=Tue, 19-Aug-25 06:30:02 GMT; domain=.twitter.com; HttpOnly; Secure'
    ],
    'strict-transport-security': 'max-age=631138519; includeSubdomains',
    vary: 'accept-encoding',
    'api-version': '2.146',
    perf: '7402827104',
    'x-access-level': 'read',
    'x-connection-hash': 'b059c2679a975091d5b94a5de63032b8a686a3f02011e1d988fb5226482cadf2',
    'x-content-type-options': 'nosniff',
    'x-frame-options': 'SAMEORIGIN',
    'x-rate-limit-limit': '1',
    'x-rate-limit-remaining': '0',
    'x-rate-limit-reset': '1755584102',
    'x-response-time': '11',
    'x-transaction-id': '34fe0a3b7f0f8f73',
    'x-xss-protection': '0'
  },
  rateLimit: { limit: 1, remaining: 0, reset: 1755584102 },
  data: {
    title: 'Too Many Requests',
    detail: 'Too Many Requests',
    type: 'about:blank',
    status: 429
  }
}
Error fetching tweets: ApiResponseError: Request failed with code 429
    at RequestHandlerHelper.createResponseError (/home/ubuntu/apps/gotravel/node_modules/twitter-api-v2/dist/cjs/client-mixins/request-handler.helper.js:104:16)
    at RequestHandlerHelper.onResponseEndHandler (/home/ubuntu/apps/gotravel/node_modules/twitter-api-v2/dist/cjs/client-mixins/request-handler.helper.js:262:25)
    at Gunzip.emit (node:events:517:28)
    at endReadableNT (node:internal/streams/readable:1400:12)
    at process.processTicksAndRejections (node:internal/process/task_queues:82:21) {
  error: true,
  type: 'response',
  code: 429,
  headers: {
    date: 'Wed, 20 Aug 2025 06:00:02 GMT',
    'content-type': 'application/json; charset=utf-8',
    'content-length': '196',
    connection: 'close',
    server: 'cloudflare',
    'cf-ray': '971fab05eae75b35-IAD',
    'cf-cache-status': 'DYNAMIC',
    'cache-control': 'no-cache, no-store, max-age=0',
    'content-disposition': 'attachment; filename=json.json',
    'content-encoding': 'gzip',
    'set-cookie': [
      'guest_id=v1%3A175566960225651962; Max-Age=34214400; Expires=Sun, 20 Sep 2026 06:00:02 GMT; Path=/; Domain=.twitter.com; Secure; SameSite=None',
      '__cf_bm=IWYw5HFJjA25ChIi28UocDVy67i3vS0pXH.M5aOEyvg-1755669602-1.0.1.1-iJoeYcfdv1DIoQeI36kgzSu2YUHArb6TmKHnFwsjPnXvckU.AysiS7irpU.SQyOXuW7ZCCDkrFfjj7JR.T4zIjxYjIQ7Ysi09tZbt15hhCs; path=/; expires=Wed, 20-Aug-25 06:30:02 GMT; domain=.twitter.com; HttpOnly; Secure'
    ],
    'strict-transport-security': 'max-age=631138519; includeSubdomains',
    vary: 'accept-encoding',
    'api-version': '2.146',
    perf: '7402827104',
    'x-access-level': 'read',
    'x-connection-hash': '9e781fbfa68a9cf456ae76af27adc1381a4fd9f7cecb000f683c602813fb03ba',
    'x-content-type-options': 'nosniff',
    'x-frame-options': 'SAMEORIGIN',
    'x-rate-limit-limit': '40000',
    'x-rate-limit-remaining': '39998',
    'x-rate-limit-reset': '1755670502',
    'x-response-time': '14',
    'x-transaction-id': 'c6792a4b0cb514fb',
    'x-xss-protection': '0'
  },
  rateLimit: { limit: 40000, remaining: 39998, reset: 1755670502 },
  data: {
    account_id: 1821227857097715700,
    product_name: 'standard-basic',
    title: 'UsageCapExceeded',
    period: 'Monthly',
    scope: 'Product',
    detail: 'Usage cap exceeded: Monthly product cap',
    type: 'https://api.twitter.com/2/problems/usage-capped'
  }
}
Error fetching tweets: ApiResponseError: Request failed with code 429
    at RequestHandlerHelper.createResponseError (/home/ubuntu/apps/gotravel/node_modules/twitter-api-v2/dist/cjs/client-mixins/request-handler.helper.js:104:16)
    at RequestHandlerHelper.onResponseEndHandler (/home/ubuntu/apps/gotravel/node_modules/twitter-api-v2/dist/cjs/client-mixins/request-handler.helper.js:262:25)
    at Gunzip.emit (node:events:517:28)
    at endReadableNT (node:internal/streams/readable:1400:12)
    at process.processTicksAndRejections (node:internal/process/task_queues:82:21) {
  error: true,
  type: 'response',
  code: 429,
  headers: {
    date: 'Thu, 21 Aug 2025 06:00:02 GMT',
    'content-type': 'application/json; charset=utf-8',
    'content-length': '94',
    connection: 'close',
    server: 'cloudflare',
    'cf-ray': '9727e8690eeb5668-IAD',
    'cf-cache-status': 'DYNAMIC',
    'cache-control': 'no-cache, no-store, max-age=0',
    'content-disposition': 'attachment; filename=json.json',
    'content-encoding': 'gzip',
    'set-cookie': [
      'guest_id=v1%3A175575600276585434; Max-Age=34214400; Expires=Mon, 21 Sep 2026 06:00:02 GMT; Path=/; Domain=.twitter.com; Secure; SameSite=None',
      '__cf_bm=xWfl3dnsJsSnOPrNYNgAZxvW64JjhabdtE.hoLPXXhM-1755756002-1.0.1.1-BvtwLo0aQpYHuDVgXpG04uM8FSLmnoIHTYp9d6k_xjqTTWS8j3L9BZtblsxjyJlgmQEJ0uoa40YYyPONIK6t6hAsXVfQ0tQjlOpdyG9erUQ; path=/; expires=Thu, 21-Aug-25 06:30:02 GMT; domain=.twitter.com; HttpOnly; Secure'
    ],
    'strict-transport-security': 'max-age=631138519; includeSubdomains',
    vary: 'accept-encoding',
    'api-version': '2.146',
    perf: '7402827104',
    'x-access-level': 'read',
    'x-connection-hash': 'c8e82bafa3479b56d573e92e05d59a4f7f9bdaa104d06c0d06a20968f8dd73ed',
    'x-content-type-options': 'nosniff',
    'x-frame-options': 'SAMEORIGIN',
    'x-rate-limit-limit': '1',
    'x-rate-limit-remaining': '0',
    'x-rate-limit-reset': '1755756902',
    'x-response-time': '28',
    'x-transaction-id': 'b1cfa1419ee09448',
    'x-xss-protection': '0'
  },
  rateLimit: { limit: 1, remaining: 0, reset: 1755756902 },
  data: {
    title: 'Too Many Requests',
    detail: 'Too Many Requests',
    type: 'about:blank',
    status: 429
  }
}
Error fetching tweets: ApiResponseError: Request failed with code 429
    at RequestHandlerHelper.createResponseError (/home/ubuntu/apps/gotravel/node_modules/twitter-api-v2/dist/cjs/client-mixins/request-handler.helper.js:104:16)
    at RequestHandlerHelper.onResponseEndHandler (/home/ubuntu/apps/gotravel/node_modules/twitter-api-v2/dist/cjs/client-mixins/request-handler.helper.js:262:25)
    at Gunzip.emit (node:events:517:28)
    at endReadableNT (node:internal/streams/readable:1400:12)
    at process.processTicksAndRejections (node:internal/process/task_queues:82:21) {
  error: true,
  type: 'response',
  code: 429,
  headers: {
    date: 'Fri, 22 Aug 2025 06:00:02 GMT',
    'content-type': 'application/json; charset=utf-8',
    'content-length': '196',
    connection: 'close',
    server: 'cloudflare',
    'cf-ray': '973025c8c8ebdb71-IAD',
    'cf-cache-status': 'DYNAMIC',
    'cache-control': 'no-cache, no-store, max-age=0',
    'content-disposition': 'attachment; filename=json.json',
    'content-encoding': 'gzip',
    'set-cookie': [
      'guest_id=v1%3A175584240271101608; Max-Age=34214400; Expires=Tue, 22 Sep 2026 06:00:02 GMT; Path=/; Domain=.twitter.com; Secure; SameSite=None',
      '__cf_bm=LEoEW9HuaYvf4Hfkcnl60k8rh6ppYz8sHaGDv7BeKaM-1755842402-1.0.1.1-f8U1xJ59Jto4Z5EAlLEGGPb99GqJyN9fnAqQdyv6g3baTfi_AzwMi7617aFpW3vAXkDqNGEb6o.Pw5EtiDmxdZGNq0wPt30YaQ4ufa__Xdc; path=/; expires=Fri, 22-Aug-25 06:30:02 GMT; domain=.twitter.com; HttpOnly; Secure'
    ],
    'strict-transport-security': 'max-age=631138519; includeSubdomains',
    vary: 'accept-encoding',
    'api-version': '2.146',
    perf: '7402827104',
    'x-access-level': 'read',
    'x-connection-hash': '5b72f242a4762505faf63f62009c702b89dc7e47f8501db8bf7d6ae986caafd4',
    'x-content-type-options': 'nosniff',
    'x-frame-options': 'SAMEORIGIN',
    'x-rate-limit-limit': '40000',
    'x-rate-limit-remaining': '39999',
    'x-rate-limit-reset': '1755843302',
    'x-response-time': '20',
    'x-transaction-id': '833b557e16cdb0dd',
    'x-xss-protection': '0'
  },
  rateLimit: { limit: 40000, remaining: 39999, reset: 1755843302 },
  data: {
    account_id: 1821227857097715700,
    product_name: 'standard-basic',
    title: 'UsageCapExceeded',
    period: 'Monthly',
    scope: 'Product',
    detail: 'Usage cap exceeded: Monthly product cap',
    type: 'https://api.twitter.com/2/problems/usage-capped'
  }
}
Error fetching tweets: ApiResponseError: Request failed with code 429
    at RequestHandlerHelper.createResponseError (/home/ubuntu/apps/gotravel/node_modules/twitter-api-v2/dist/cjs/client-mixins/request-handler.helper.js:104:16)
    at RequestHandlerHelper.onResponseEndHandler (/home/ubuntu/apps/gotravel/node_modules/twitter-api-v2/dist/cjs/client-mixins/request-handler.helper.js:262:25)
    at Gunzip.emit (node:events:517:28)
    at endReadableNT (node:internal/streams/readable:1400:12)
    at process.processTicksAndRejections (node:internal/process/task_queues:82:21) {
  error: true,
  type: 'response',
  code: 429,
  headers: {
    date: 'Sat, 23 Aug 2025 06:00:02 GMT',
    'content-type': 'application/json; charset=utf-8',
    'content-length': '196',
    connection: 'close',
    server: 'cloudflare',
    'cf-ray': '973863256d731877-IAD',
    'cf-cache-status': 'DYNAMIC',
    'cache-control': 'no-cache, no-store, max-age=0',
    'content-disposition': 'attachment; filename=json.json',
    'content-encoding': 'gzip',
    'set-cookie': [
      'guest_id=v1%3A175592880217078910; Max-Age=34214400; Expires=Wed, 23 Sep 2026 06:00:02 GMT; Path=/; Domain=.twitter.com; Secure; SameSite=None',
      '__cf_bm=OOs8GqaTfxbTFFbm.QE0wmbkP.yekritrIU.nXmgbTA-1755928802-1.0.1.1-cwoJYPax4fUlWbEmvXM86cnUh8iAsu99KTm7gFVl8XW5RUeU98C3_sedt6OhnvDouZVEs9gxByffQksZxK6bkqj5PFCezWtKBnZVidLyke0; path=/; expires=Sat, 23-Aug-25 06:30:02 GMT; domain=.twitter.com; HttpOnly; Secure'
    ],
    'strict-transport-security': 'max-age=631138519; includeSubdomains',
    vary: 'accept-encoding',
    'api-version': '2.146',
    perf: '7402827104',
    'x-access-level': 'read',
    'x-connection-hash': '6e074a2265b4f626437e3955f28d54f6f44992d1f309fdd174c9734d237dc380',
    'x-content-type-options': 'nosniff',
    'x-frame-options': 'SAMEORIGIN',
    'x-rate-limit-limit': '40000',
    'x-rate-limit-remaining': '39999',
    'x-rate-limit-reset': '1755929702',
    'x-response-time': '19',
    'x-transaction-id': '404233b85a034628',
    'x-xss-protection': '0'
  },
  rateLimit: { limit: 40000, remaining: 39999, reset: 1755929702 },
  data: {
    account_id: 1821227857097715700,
    product_name: 'standard-basic',
    title: 'UsageCapExceeded',
    period: 'Monthly',
    scope: 'Product',
    detail: 'Usage cap exceeded: Monthly product cap',
    type: 'https://api.twitter.com/2/problems/usage-capped'
  }
}
Error fetching tweets: ApiResponseError: Request failed with code 429
    at RequestHandlerHelper.createResponseError (/home/ubuntu/apps/gotravel/node_modules/twitter-api-v2/dist/cjs/client-mixins/request-handler.helper.js:104:16)
    at RequestHandlerHelper.onResponseEndHandler (/home/ubuntu/apps/gotravel/node_modules/twitter-api-v2/dist/cjs/client-mixins/request-handler.helper.js:262:25)
    at Gunzip.emit (node:events:517:28)
    at endReadableNT (node:internal/streams/readable:1400:12)
    at process.processTicksAndRejections (node:internal/process/task_queues:82:21) {
  error: true,
  type: 'response',
  code: 429,
  headers: {
    date: 'Sun, 24 Aug 2025 06:00:02 GMT',
    'content-type': 'application/json; charset=utf-8',
    'content-length': '94',
    connection: 'close',
    server: 'cloudflare',
    'cf-ray': '9740a0873fdfd699-IAD',
    'cf-cache-status': 'DYNAMIC',
    'cache-control': 'no-cache, no-store, max-age=0',
    'content-disposition': 'attachment; filename=json.json',
    'content-encoding': 'gzip',
    'set-cookie': [
      'guest_id=v1%3A175601520247413998; Max-Age=34214400; Expires=Thu, 24 Sep 2026 06:00:02 GMT; Path=/; Domain=.twitter.com; Secure; SameSite=None',
      '__cf_bm=w6s8q3ZIMN6LkBhHvYaqunI6h4d.ZsuTkp39_BV82w0-1756015202-1.0.1.1-_H7chOiWNKEYQV87m4ApmFkVTdVTqF5s0X.KFLMNQRyY2zZKCuChhYfD3.oiYdo9qbeWDrXVIPkYfZKYjmLthJuqy.bJe6WR6WecafQmRKM; path=/; expires=Sun, 24-Aug-25 06:30:02 GMT; domain=.twitter.com; HttpOnly; Secure'
    ],
    'strict-transport-security': 'max-age=631138519; includeSubdomains',
    vary: 'accept-encoding',
    'api-version': '2.146',
    perf: '7402827104',
    'x-access-level': 'read',
    'x-connection-hash': '05e784aaacc3ee72033dc7b21d47de4f41240b15ed4d00e182a264300f95dd36',
    'x-content-type-options': 'nosniff',
    'x-frame-options': 'SAMEORIGIN',
    'x-rate-limit-limit': '1',
    'x-rate-limit-remaining': '0',
    'x-rate-limit-reset': '1756016102',
    'x-response-time': '16',
    'x-transaction-id': '154924ddfb5e0268',
    'x-xss-protection': '0'
  },
  rateLimit: { limit: 1, remaining: 0, reset: 1756016102 },
  data: {
    title: 'Too Many Requests',
    detail: 'Too Many Requests',
    type: 'about:blank',
    status: 429
  }
}
Error fetching tweets: ApiResponseError: Request failed with code 429
    at RequestHandlerHelper.createResponseError (/home/ubuntu/apps/gotravel/node_modules/twitter-api-v2/dist/cjs/client-mixins/request-handler.helper.js:104:16)
    at RequestHandlerHelper.onResponseEndHandler (/home/ubuntu/apps/gotravel/node_modules/twitter-api-v2/dist/cjs/client-mixins/request-handler.helper.js:262:25)
    at Gunzip.emit (node:events:517:28)
    at endReadableNT (node:internal/streams/readable:1400:12)
    at process.processTicksAndRejections (node:internal/process/task_queues:82:21) {
  error: true,
  type: 'response',
  code: 429,
  headers: {
    date: 'Mon, 25 Aug 2025 06:00:02 GMT',
    'content-type': 'application/json; charset=utf-8',
    'content-length': '196',
    connection: 'close',
    server: 'cloudflare',
    'cf-ray': '9748dde9eaaf9837-IAD',
    'cf-cache-status': 'DYNAMIC',
    'cache-control': 'no-cache, no-store, max-age=0',
    'content-disposition': 'attachment; filename=json.json',
    'content-encoding': 'gzip',
    'set-cookie': [
      'guest_id=v1%3A175610160290406001; Max-Age=34214400; Expires=Fri, 25 Sep 2026 06:00:02 GMT; Path=/; Domain=.twitter.com; Secure; SameSite=None',
      '__cf_bm=N3UZt_D3WlGj8IWyTQyFqwC_Abz0q.XUZASFviRjVgg-1756101602-1.0.1.1-JIjahjdvSLSYSMZTU7OvN1zWuHa_QfymtVhBBzQuwf028NtxBnKJkL5YBbn2efIvbIA66eYI0CGaAyo6O4lFjxHNOcNCUqwHMF3xYiW8Ugw; path=/; expires=Mon, 25-Aug-25 06:30:02 GMT; domain=.twitter.com; HttpOnly; Secure'
    ],
    'strict-transport-security': 'max-age=631138519; includeSubdomains',
    vary: 'accept-encoding',
    'api-version': '2.146',
    perf: '7402827104',
    'x-access-level': 'read',
    'x-connection-hash': '2d359e85af7c813d87b499f41b58e737159cb7fc442870d2997b1458ddd991ac',
    'x-content-type-options': 'nosniff',
    'x-frame-options': 'SAMEORIGIN',
    'x-rate-limit-limit': '40000',
    'x-rate-limit-remaining': '39999',
    'x-rate-limit-reset': '1756102502',
    'x-response-time': '19',
    'x-transaction-id': 'bf050c8fce7e538f',
    'x-xss-protection': '0'
  },
  rateLimit: { limit: 40000, remaining: 39999, reset: 1756102502 },
  data: {
    account_id: 1821227857097715700,
    product_name: 'standard-basic',
    title: 'UsageCapExceeded',
    period: 'Monthly',
    scope: 'Product',
    detail: 'Usage cap exceeded: Monthly product cap',
    type: 'https://api.twitter.com/2/problems/usage-capped'
  }
}
Error fetching tweets: ApiResponseError: Request failed with code 429
    at RequestHandlerHelper.createResponseError (/home/ubuntu/apps/gotravel/node_modules/twitter-api-v2/dist/cjs/client-mixins/request-handler.helper.js:104:16)
    at RequestHandlerHelper.onResponseEndHandler (/home/ubuntu/apps/gotravel/node_modules/twitter-api-v2/dist/cjs/client-mixins/request-handler.helper.js:262:25)
    at Gunzip.emit (node:events:517:28)
    at endReadableNT (node:internal/streams/readable:1400:12)
    at process.processTicksAndRejections (node:internal/process/task_queues:82:21) {
  error: true,
  type: 'response',
  code: 429,
  headers: {
    date: 'Tue, 26 Aug 2025 06:00:03 GMT',
    'content-type': 'application/json; charset=utf-8',
    'content-length': '196',
    connection: 'close',
    server: 'cloudflare',
    'cf-ray': '97511b4bb9366fc8-IAD',
    'cf-cache-status': 'DYNAMIC',
    'cache-control': 'no-cache, no-store, max-age=0',
    'content-disposition': 'attachment; filename=json.json',
    'content-encoding': 'gzip',
    'set-cookie': [
      'guest_id=v1%3A175618800318726814; Max-Age=34214400; Expires=Sat, 26 Sep 2026 06:00:03 GMT; Path=/; Domain=.twitter.com; Secure; SameSite=None',
      '__cf_bm=cjoHpGYB.GGxfNlHJyjs_1ZbDWz12OVd3q69tTlPt.Q-1756188003-1.0.1.1-AsAP6s_yX0EdpYHLc3PdYCwjKJAaEq.YAwfisiaXs0cut8C86UFzqbKsTNyMsNdK1vF0Xt1_mfL9sqkTStS.Ne4GH_0aKpg0BDj0jdvY4R4; path=/; expires=Tue, 26-Aug-25 06:30:03 GMT; domain=.twitter.com; HttpOnly; Secure'
    ],
    'strict-transport-security': 'max-age=631138519; includeSubdomains',
    vary: 'accept-encoding',
    'api-version': '2.147',
    perf: '7402827104',
    'x-access-level': 'read',
    'x-connection-hash': 'b526b224388719fb1afe0ee1652aba27d8e5a6c0fe99113dc354b78d2de41c3f',
    'x-content-type-options': 'nosniff',
    'x-frame-options': 'SAMEORIGIN',
    'x-rate-limit-limit': '40000',
    'x-rate-limit-remaining': '39998',
    'x-rate-limit-reset': '1756188903',
    'x-response-time': '20',
    'x-transaction-id': '22601991a8610e59',
    'x-xss-protection': '0'
  },
  rateLimit: { limit: 40000, remaining: 39998, reset: 1756188903 },
  data: {
    account_id: 1821227857097715700,
    product_name: 'standard-basic',
    title: 'UsageCapExceeded',
    period: 'Monthly',
    scope: 'Product',
    detail: 'Usage cap exceeded: Monthly product cap',
    type: 'https://api.twitter.com/2/problems/usage-capped'
  }
}
Error fetching tweets: ApiResponseError: Request failed with code 429
    at RequestHandlerHelper.createResponseError (/home/ubuntu/apps/gotravel/node_modules/twitter-api-v2/dist/cjs/client-mixins/request-handler.helper.js:104:16)
    at RequestHandlerHelper.onResponseEndHandler (/home/ubuntu/apps/gotravel/node_modules/twitter-api-v2/dist/cjs/client-mixins/request-handler.helper.js:262:25)
    at Gunzip.emit (node:events:517:28)
    at endReadableNT (node:internal/streams/readable:1400:12)
    at process.processTicksAndRejections (node:internal/process/task_queues:82:21) {
  error: true,
  type: 'response',
  code: 429,
  headers: {
    date: 'Wed, 27 Aug 2025 06:00:03 GMT',
    'content-type': 'application/json; charset=utf-8',
    'content-length': '94',
    connection: 'close',
    server: 'cloudflare',
    'cf-ray': '975958ac3f5039ac-IAD',
    'cf-cache-status': 'DYNAMIC',
    'cache-control': 'no-cache, no-store, max-age=0',
    'content-disposition': 'attachment; filename=json.json',
    'content-encoding': 'gzip',
    'set-cookie': [
      'guest_id=v1%3A175627440327051856; Max-Age=34214400; Expires=Sun, 27 Sep 2026 06:00:03 GMT; Path=/; Domain=.twitter.com; Secure; SameSite=None',
      '__cf_bm=bkjCUa6XwJImYWampcPE_kZABXvxTcvzPbSqoV.g_Y8-1756274403-1.0.1.1-13YCZ2T3ezxw0G4SsOnzQzUjFKlHnPecAp_xyqHqLqG2rWe85WMKkqgwqSX1DkRqeWZEznRY_O2GopguGZ1uleBltQuDOQ.8QDmz8BwAVs4; path=/; expires=Wed, 27-Aug-25 06:30:03 GMT; domain=.twitter.com; HttpOnly; Secure'
    ],
    'strict-transport-security': 'max-age=631138519; includeSubdomains',
    vary: 'accept-encoding',
    'api-version': '2.147',
    perf: '7402827104',
    'x-access-level': 'read',
    'x-connection-hash': '9a80ce16c1ad375761c31ffa13d733520dd6d6691d25e9f0e837422815ea9bce',
    'x-content-type-options': 'nosniff',
    'x-frame-options': 'SAMEORIGIN',
    'x-rate-limit-limit': '1',
    'x-rate-limit-remaining': '0',
    'x-rate-limit-reset': '1756275303',
    'x-response-time': '10',
    'x-transaction-id': 'ab8428dd1576e832',
    'x-xss-protection': '0'
  },
  rateLimit: { limit: 1, remaining: 0, reset: 1756275303 },
  data: {
    title: 'Too Many Requests',
    detail: 'Too Many Requests',
    type: 'about:blank',
    status: 429
  }
}
Error fetching tweets: ApiResponseError: Request failed with code 429
    at RequestHandlerHelper.createResponseError (/home/ubuntu/apps/gotravel/node_modules/twitter-api-v2/dist/cjs/client-mixins/request-handler.helper.js:104:16)
    at RequestHandlerHelper.onResponseEndHandler (/home/ubuntu/apps/gotravel/node_modules/twitter-api-v2/dist/cjs/client-mixins/request-handler.helper.js:262:25)
    at Gunzip.emit (node:events:517:28)
    at endReadableNT (node:internal/streams/readable:1400:12)
    at process.processTicksAndRejections (node:internal/process/task_queues:82:21) {
  error: true,
  type: 'response',
  code: 429,
  headers: {
    date: 'Thu, 28 Aug 2025 06:00:03 GMT',
    'content-type': 'application/json; charset=utf-8',
    'content-length': '94',
    connection: 'close',
    server: 'cloudflare',
    'cf-ray': '9761960abafa56fe-IAD',
    'cf-cache-status': 'DYNAMIC',
    'cache-control': 'no-cache, no-store, max-age=0',
    'content-disposition': 'attachment; filename=json.json',
    'content-encoding': 'gzip',
    'set-cookie': [
      'guest_id=v1%3A175636080304402449; Max-Age=34214400; Expires=Mon, 28 Sep 2026 06:00:03 GMT; Path=/; Domain=.twitter.com; Secure; SameSite=None',
      '__cf_bm=F.JYLtmQQqWhfi.3SYKw8Kwaf6ryvHClk8XlhpzhMbo-1756360803-1.0.1.1-xTlcAmJcrq.goCfFAcyIzwqFfpf2Qtdj22GaIar7RTfDa3yY70Qy1PZgyXuxYGBGsLzAN.mNYKinaBrVreF5cmcuL45fumS6ElVIHQ296to; path=/; expires=Thu, 28-Aug-25 06:30:03 GMT; domain=.twitter.com; HttpOnly; Secure'
    ],
    'strict-transport-security': 'max-age=631138519; includeSubdomains',
    vary: 'accept-encoding',
    'api-version': '2.147',
    perf: '7402827104',
    'x-access-level': 'read',
    'x-connection-hash': '1b047c402dc785894a5f6f6519c5bde29e877da20a82579eebab0320d74f7c1b',
    'x-content-type-options': 'nosniff',
    'x-frame-options': 'SAMEORIGIN',
    'x-rate-limit-limit': '1',
    'x-rate-limit-remaining': '0',
    'x-rate-limit-reset': '1756361703',
    'x-response-time': '82',
    'x-transaction-id': '39acb0744ef4432c',
    'x-xss-protection': '0'
  },
  rateLimit: { limit: 1, remaining: 0, reset: 1756361703 },
  data: {
    title: 'Too Many Requests',
    detail: 'Too Many Requests',
    type: 'about:blank',
    status: 429
  }
}
Error fetching tweets: ApiResponseError: Request failed with code 429
    at RequestHandlerHelper.createResponseError (/home/ubuntu/apps/gotravel/node_modules/twitter-api-v2/dist/cjs/client-mixins/request-handler.helper.js:104:16)
    at RequestHandlerHelper.onResponseEndHandler (/home/ubuntu/apps/gotravel/node_modules/twitter-api-v2/dist/cjs/client-mixins/request-handler.helper.js:262:25)
    at Gunzip.emit (node:events:517:28)
    at endReadableNT (node:internal/streams/readable:1400:12)
    at process.processTicksAndRejections (node:internal/process/task_queues:82:21) {
  error: true,
  type: 'response',
  code: 429,
  headers: {
    date: 'Fri, 29 Aug 2025 06:00:01 GMT',
    'content-type': 'application/json; charset=utf-8',
    'content-length': '94',
    connection: 'close',
    server: 'cloudflare',
    'cf-ray': '9769d3600dd58192-IAD',
    'cf-cache-status': 'DYNAMIC',
    'cache-control': 'no-cache, no-store, max-age=0',
    'content-disposition': 'attachment; filename=json.json',
    'content-encoding': 'gzip',
    'set-cookie': [
      'guest_id=v1%3A175644720133447281; Max-Age=34214400; Expires=Tue, 29 Sep 2026 06:00:01 GMT; Path=/; Domain=.twitter.com; Secure; SameSite=None',
      '__cf_bm=0DcbtsyL0RiDbrlakk6xS7JcELAXd84fL1Adwv0UZCs-1756447201-1.0.1.1-O2_m7aygUShK1z1DYfDbaZtZeaa8qtZjxQuUtDlGszwv5ng8AKbG.4WpWRVwraXvNGTcoca0L4hRup_K7D7Gr6aN79OMjaS2F6WNaNo1Ge8; path=/; expires=Fri, 29-Aug-25 06:30:01 GMT; domain=.twitter.com; HttpOnly; Secure'
    ],
    'strict-transport-security': 'max-age=631138519; includeSubdomains',
    vary: 'accept-encoding',
    'api-version': '2.147',
    'origin-cf-ray': '9769d36025098192-IAD',
    perf: '7402827104',
    'x-access-level': 'read',
    'x-connection-hash': 'd8ce164584b03e31041b764f988f014de7ca4e044b75e675529a53bc1ea8105c',
    'x-content-type-options': 'nosniff',
    'x-frame-options': 'SAMEORIGIN',
    'x-rate-limit-limit': '1',
    'x-rate-limit-remaining': '0',
    'x-rate-limit-reset': '1756448101',
    'x-response-time': '9',
    'x-transaction-id': '89d43b3120f33dc9',
    'x-xss-protection': '0'
  },
  rateLimit: { limit: 1, remaining: 0, reset: 1756448101 },
  data: {
    title: 'Too Many Requests',
    detail: 'Too Many Requests',
    type: 'about:blank',
    status: 429
  }
}
Error fetching tweets: ApiResponseError: Request failed with code 429
    at RequestHandlerHelper.createResponseError (/home/ubuntu/apps/gotravel/node_modules/twitter-api-v2/dist/cjs/client-mixins/request-handler.helper.js:104:16)
    at RequestHandlerHelper.onResponseEndHandler (/home/ubuntu/apps/gotravel/node_modules/twitter-api-v2/dist/cjs/client-mixins/request-handler.helper.js:262:25)
    at Gunzip.emit (node:events:517:28)
    at endReadableNT (node:internal/streams/readable:1400:12)
    at process.processTicksAndRejections (node:internal/process/task_queues:82:21) {
  error: true,
  type: 'response',
  code: 429,
  headers: {
    date: 'Sat, 30 Aug 2025 06:00:01 GMT',
    'content-type': 'application/json; charset=utf-8',
    'content-length': '94',
    connection: 'close',
    server: 'cloudflare',
    'cf-ray': '977210c0f9bd1781-IAD',
    'cf-cache-status': 'DYNAMIC',
    'cache-control': 'no-cache, no-store, max-age=0',
    'content-disposition': 'attachment; filename=json.json',
    'content-encoding': 'gzip',
    'set-cookie': [
      'guest_id=v1%3A175653360148565121; Max-Age=34214400; Expires=Wed, 30 Sep 2026 06:00:01 GMT; Path=/; Domain=.twitter.com; Secure; SameSite=None',
      '__cf_bm=S0DqhlzAyIjPaSYTiZ9cJDpgHBUitB528eCR_nhgkys-1756533601-1.0.1.1-BSg_igPCrEgvxeTW.O0EFqSB9i5A7z4tJ9mBhfD3I9L2T1sYdbT8aXnKfl1t7oWOrZJY3x9d6hQdCbiqez_MjFLgk4w_GZGBpfoca60wO_M; path=/; expires=Sat, 30-Aug-25 06:30:01 GMT; domain=.twitter.com; HttpOnly; Secure'
    ],
    'strict-transport-security': 'max-age=631138519; includeSubdomains',
    vary: 'accept-encoding',
    'api-version': '2.147',
    'origin-cf-ray': '977210c121bf1781-ATL',
    perf: '7402827104',
    'x-access-level': 'read',
    'x-connection-hash': '7d44db8e4cf1a527b78942367f7dc8c656a7aedbf3c60ee068674f71b9f18768',
    'x-content-type-options': 'nosniff',
    'x-frame-options': 'SAMEORIGIN',
    'x-rate-limit-limit': '1',
    'x-rate-limit-remaining': '0',
    'x-rate-limit-reset': '1756534501',
    'x-response-time': '15',
    'x-transaction-id': 'e06524f77c8f6100',
    'x-xss-protection': '0'
  },
  rateLimit: { limit: 1, remaining: 0, reset: 1756534501 },
  data: {
    title: 'Too Many Requests',
    detail: 'Too Many Requests',
    type: 'about:blank',
    status: 429
  }
}
Error fetching tweets: ApiResponseError: Request failed with code 429
    at RequestHandlerHelper.createResponseError (/home/ubuntu/apps/gotravel/node_modules/twitter-api-v2/dist/cjs/client-mixins/request-handler.helper.js:104:16)
    at RequestHandlerHelper.onResponseEndHandler (/home/ubuntu/apps/gotravel/node_modules/twitter-api-v2/dist/cjs/client-mixins/request-handler.helper.js:262:25)
    at Gunzip.emit (node:events:517:28)
    at endReadableNT (node:internal/streams/readable:1400:12)
    at process.processTicksAndRejections (node:internal/process/task_queues:82:21) {
  error: true,
  type: 'response',
  code: 429,
  headers: {
    date: 'Sun, 31 Aug 2025 06:00:02 GMT',
    'content-type': 'application/json; charset=utf-8',
    'content-length': '196',
    connection: 'close',
    server: 'cloudflare',
    'cf-ray': '977a4e2a4ff0d69b-IAD',
    'cf-cache-status': 'DYNAMIC',
    'cache-control': 'no-cache, no-store, max-age=0',
    'content-disposition': 'attachment; filename=json.json',
    'content-encoding': 'gzip',
    'set-cookie': [
      'guest_id=v1%3A175662000295550244; Max-Age=34214400; Expires=Thu, 01 Oct 2026 06:00:02 GMT; Path=/; Domain=.twitter.com; Secure; SameSite=None',
      '__cf_bm=vCN6hQm9yIPkaH4vmTMDIXjSQxintZ6s39wVLI4Vb6c-1756620002-1.0.1.1-52lTDBzDiO1OKvKtJCRTbwc9IoccCGK6DnRce4RMyU7OCkBUaPU.jU9CtqhPE4wmfxbAx1eTWbq39YXA_olJOV9JX9bvaGmHKxpRfOEmwag; path=/; expires=Sun, 31-Aug-25 06:30:02 GMT; domain=.twitter.com; HttpOnly; Secure'
    ],
    'strict-transport-security': 'max-age=631138519; includeSubdomains',
    vary: 'accept-encoding',
    'api-version': '2.147',
    'origin-cf-ray': '977a4e2a543bd69b-IAD',
    perf: '7402827104',
    'x-access-level': 'read',
    'x-connection-hash': 'e7ee74380a4ee5d0e380fd5b1e07998705b02885b93a63027ba369062de87415',
    'x-content-type-options': 'nosniff',
    'x-frame-options': 'SAMEORIGIN',
    'x-rate-limit-limit': '40000',
    'x-rate-limit-remaining': '39999',
    'x-rate-limit-reset': '1756620902',
    'x-response-time': '22',
    'x-transaction-id': '4e8d6862ba618326',
    'x-xss-protection': '0'
  },
  rateLimit: { limit: 40000, remaining: 39999, reset: 1756620902 },
  data: {
    account_id: 1821227857097715700,
    product_name: 'standard-basic',
    title: 'UsageCapExceeded',
    period: 'Monthly',
    scope: 'Product',
    detail: 'Usage cap exceeded: Monthly product cap',
    type: 'https://api.twitter.com/2/problems/usage-capped'
  }
}
Error fetching tweets: ApiResponseError: Request failed with code 429
    at RequestHandlerHelper.createResponseError (/home/ubuntu/apps/gotravel/node_modules/twitter-api-v2/dist/cjs/client-mixins/request-handler.helper.js:104:16)
    at RequestHandlerHelper.onResponseEndHandler (/home/ubuntu/apps/gotravel/node_modules/twitter-api-v2/dist/cjs/client-mixins/request-handler.helper.js:262:25)
    at Gunzip.emit (node:events:517:28)
    at endReadableNT (node:internal/streams/readable:1400:12)
    at process.processTicksAndRejections (node:internal/process/task_queues:82:21) {
  error: true,
  type: 'response',
  code: 429,
  headers: {
    date: 'Mon, 01 Sep 2025 06:00:02 GMT',
    'content-type': 'application/json; charset=utf-8',
    'content-length': '196',
    connection: 'close',
    server: 'cloudflare',
    'cf-ray': '97828b8a1bdfe615-IAD',
    'cf-cache-status': 'DYNAMIC',
    'cache-control': 'no-cache, no-store, max-age=0',
    'content-disposition': 'attachment; filename=json.json',
    'content-encoding': 'gzip',
    'set-cookie': [
      'guest_id=v1%3A175670640292249088; Max-Age=34214400; Expires=Fri, 02 Oct 2026 06:00:02 GMT; Path=/; Domain=.twitter.com; Secure; SameSite=None',
      '__cf_bm=CA1oImc61hNum81zjzegNIpRjVanHN474vHi2Bqwi6o-1756706402-1.0.1.1-1EetRphmFCjn1rdmZoJxqi2fuSoqcDVaMIXVHDI17x2YvqlwLizeq0BbA.PXC7IfCe.yombo93NDkZ8Q_bL3OmoZjlwvr5nWVdsfsDzvwa8; path=/; expires=Mon, 01-Sep-25 06:30:02 GMT; domain=.twitter.com; HttpOnly; Secure'
    ],
    'strict-transport-security': 'max-age=631138519; includeSubdomains',
    vary: 'accept-encoding',
    'api-version': '2.147',
    'origin-cf-ray': '97828b8a26e1e615-IAD',
    perf: '7402827104',
    'x-access-level': 'read',
    'x-connection-hash': 'f26ae10ba06e5a6408ba57b20e34b2a264e52fb74ad0956ba5e2dced9d50d37d',
    'x-content-type-options': 'nosniff',
    'x-frame-options': 'SAMEORIGIN',
    'x-rate-limit-limit': '40000',
    'x-rate-limit-remaining': '39999',
    'x-rate-limit-reset': '1756707302',
    'x-response-time': '22',
    'x-transaction-id': 'f1f47a3df03094bd',
    'x-xss-protection': '0'
  },
  rateLimit: { limit: 40000, remaining: 39999, reset: 1756707302 },
  data: {
    account_id: 1821227857097715700,
    product_name: 'standard-basic',
    title: 'UsageCapExceeded',
    period: 'Monthly',
    scope: 'Product',
    detail: 'Usage cap exceeded: Monthly product cap',
    type: 'https://api.twitter.com/2/problems/usage-capped'
  }
}
Error fetching tweets: ApiResponseError: Request failed with code 429
    at RequestHandlerHelper.createResponseError (/home/ubuntu/apps/gotravel/node_modules/twitter-api-v2/dist/cjs/client-mixins/request-handler.helper.js:104:16)
    at RequestHandlerHelper.onResponseEndHandler (/home/ubuntu/apps/gotravel/node_modules/twitter-api-v2/dist/cjs/client-mixins/request-handler.helper.js:262:25)
    at Gunzip.emit (node:events:517:28)
    at endReadableNT (node:internal/streams/readable:1400:12)
    at process.processTicksAndRejections (node:internal/process/task_queues:82:21) {
  error: true,
  type: 'response',
  code: 429,
  headers: {
    date: 'Tue, 02 Sep 2025 06:00:02 GMT',
    'content-type': 'application/json; charset=utf-8',
    'content-length': '196',
    connection: 'close',
    server: 'cloudflare',
    'cf-ray': '978ac8e67e8ad637-IAD',
    'cf-cache-status': 'DYNAMIC',
    'cache-control': 'no-cache, no-store, max-age=0',
    'content-disposition': 'attachment; filename=json.json',
    'content-encoding': 'gzip',
    'set-cookie': [
      'guest_id=v1%3A175679280234729202; Max-Age=34214400; Expires=Sat, 03 Oct 2026 06:00:02 GMT; Path=/; Domain=.twitter.com; Secure; SameSite=None',
      '__cf_bm=pHujen7w50A58sT0rHl4sCf5Df1a2wc8ffms6Sl7iAs-1756792802-1.0.1.1-bUlhOcYOvu0IpZaORYbBjni9f6WjpUB77UTyk6S5ru_KfvIq3HFv93IzK2yISmP3Zh0_L2eQi_6hxlQc0zwAk9JXLsNEK_HaJu8Wv.FGvq8; path=/; expires=Tue, 02-Sep-25 06:30:02 GMT; domain=.twitter.com; HttpOnly; Secure'
    ],
    'strict-transport-security': 'max-age=631138519; includeSubdomains',
    vary: 'accept-encoding',
    'api-version': '2.147',
    'origin-cf-ray': '978ac8e682ffd637-IAD',
    perf: '7402827104',
    'x-access-level': 'read',
    'x-connection-hash': '029d49b2362c27b14d903c81d54b9168907b3d68dc75c0477663bd1bb3f96da4',
    'x-content-type-options': 'nosniff',
    'x-frame-options': 'SAMEORIGIN',
    'x-rate-limit-limit': '40000',
    'x-rate-limit-remaining': '39999',
    'x-rate-limit-reset': '1756793702',
    'x-response-time': '18',
    'x-transaction-id': '77efacb008b2b4d5',
    'x-xss-protection': '0'
  },
  rateLimit: { limit: 40000, remaining: 39999, reset: 1756793702 },
  data: {
    account_id: 1821227857097715700,
    product_name: 'standard-basic',
    title: 'UsageCapExceeded',
    period: 'Monthly',
    scope: 'Product',
    detail: 'Usage cap exceeded: Monthly product cap',
    type: 'https://api.twitter.com/2/problems/usage-capped'
  }
}
Error fetching tweets: ApiResponseError: Request failed with code 429
    at RequestHandlerHelper.createResponseError (/home/ubuntu/apps/gotravel/node_modules/twitter-api-v2/dist/cjs/client-mixins/request-handler.helper.js:104:16)
    at RequestHandlerHelper.onResponseEndHandler (/home/ubuntu/apps/gotravel/node_modules/twitter-api-v2/dist/cjs/client-mixins/request-handler.helper.js:262:25)
    at Gunzip.emit (node:events:517:28)
    at endReadableNT (node:internal/streams/readable:1400:12)
    at process.processTicksAndRejections (node:internal/process/task_queues:82:21) {
  error: true,
  type: 'response',
  code: 429,
  headers: {
    date: 'Wed, 03 Sep 2025 06:00:02 GMT',
    'content-type': 'application/json; charset=utf-8',
    'content-length': '196',
    connection: 'close',
    server: 'cloudflare',
    'cf-ray': '979306497a800610-IAD',
    'cf-cache-status': 'DYNAMIC',
    'cache-control': 'no-cache, no-store, max-age=0',
    'content-disposition': 'attachment; filename=json.json',
    'content-encoding': 'gzip',
    'set-cookie': [
      'guest_id=v1%3A175687920283345194; Max-Age=34214400; Expires=Sun, 04 Oct 2026 06:00:02 GMT; Path=/; Domain=.twitter.com; Secure; SameSite=None',
      '__cf_bm=._sZKyyrO8uCSZzeZWnahNS3WE_6ie1uAIRs3IyDCDE-1756879202-1.0.1.1-qdoAdhUdVRPo5UDldPDmyUeeeGtylm22nWHVaZLajfY2FATDL57.395HbZM9vNtidtfc4uJv.DkCX9AfiOwlEy6cIGlrdQZ7OTOVmbTKbzY; path=/; expires=Wed, 03-Sep-25 06:30:02 GMT; domain=.twitter.com; HttpOnly; Secure'
    ],
    'strict-transport-security': 'max-age=631138519; includeSubdomains',
    vary: 'accept-encoding',
    'api-version': '2.147',
    'origin-cf-ray': '9793064980340610-IAD',
    perf: '7402827104',
    'x-access-level': 'read',
    'x-connection-hash': '2808f676cc3aaaf78e2e30ed91f6f7320f0f4c80001bee74598053fcdfc625bd',
    'x-content-type-options': 'nosniff',
    'x-frame-options': 'SAMEORIGIN',
    'x-rate-limit-limit': '40000',
    'x-rate-limit-remaining': '39999',
    'x-rate-limit-reset': '1756880102',
    'x-response-time': '18',
    'x-transaction-id': 'c4c36c063db374ce',
    'x-xss-protection': '0'
  },
  rateLimit: { limit: 40000, remaining: 39999, reset: 1756880102 },
  data: {
    account_id: 1821227857097715700,
    product_name: 'standard-basic',
    title: 'UsageCapExceeded',
    period: 'Monthly',
    scope: 'Product',
    detail: 'Usage cap exceeded: Monthly product cap',
    type: 'https://api.twitter.com/2/problems/usage-capped'
  }
}
Error fetching tweets: ApiResponseError: Request failed with code 429
    at RequestHandlerHelper.createResponseError (/home/ubuntu/apps/gotravel/node_modules/twitter-api-v2/dist/cjs/client-mixins/request-handler.helper.js:104:16)
    at RequestHandlerHelper.onResponseEndHandler (/home/ubuntu/apps/gotravel/node_modules/twitter-api-v2/dist/cjs/client-mixins/request-handler.helper.js:262:25)
    at Gunzip.emit (node:events:517:28)
    at endReadableNT (node:internal/streams/readable:1400:12)
    at process.processTicksAndRejections (node:internal/process/task_queues:82:21) {
  error: true,
  type: 'response',
  code: 429,
  headers: {
    date: 'Thu, 04 Sep 2025 06:00:02 GMT',
    'content-type': 'application/json; charset=utf-8',
    'content-length': '196',
    connection: 'close',
    server: 'cloudflare',
    'cf-ray': '979b43a9cc22d6eb-IAD',
    'cf-cache-status': 'DYNAMIC',
    'cache-control': 'no-cache, no-store, max-age=0',
    'content-disposition': 'attachment; filename=json.json',
    'content-encoding': 'gzip',
    'set-cookie': [
      'guest_id=v1%3A175696560287386292; Max-Age=34214400; Expires=Mon, 05 Oct 2026 06:00:02 GMT; Path=/; Domain=.twitter.com; Secure; SameSite=None',
      '__cf_bm=_Q1kz_twvnxSXkjs134qsj1mN_WBDCai4FrTkrgGo_c-1756965602-1.0.1.1-uTnqe0SStJOQtcdGPSSC5fZsfc66ozvulEk0xbqqI2OCbRGpAy5wyFPvAzxCGR1LhGzT7RPv_hWcPQpBflvh4VXZAOfKYKAvvtyQChu4PbU; path=/; expires=Thu, 04-Sep-25 06:30:02 GMT; domain=.twitter.com; HttpOnly; Secure'
    ],
    'strict-transport-security': 'max-age=631138519; includeSubdomains',
    vary: 'accept-encoding',
    'api-version': '2.147',
    'origin-cf-ray': '979b43a9d307d6eb-IAD',
    perf: '7402827104',
    'x-access-level': 'read',
    'x-connection-hash': 'fa6343d288c9dc164cc81603c1be78166a0fb15815ddd94e685127e24d67b074',
    'x-content-type-options': 'nosniff',
    'x-frame-options': 'SAMEORIGIN',
    'x-rate-limit-limit': '40000',
    'x-rate-limit-remaining': '39999',
    'x-rate-limit-reset': '1756966502',
    'x-response-time': '18',
    'x-transaction-id': '5280a6c319035cba',
    'x-xss-protection': '0'
  },
  rateLimit: { limit: 40000, remaining: 39999, reset: 1756966502 },
  data: {
    account_id: 1821227857097715700,
    product_name: 'standard-basic',
    title: 'UsageCapExceeded',
    period: 'Monthly',
    scope: 'Product',
    detail: 'Usage cap exceeded: Monthly product cap',
    type: 'https://api.twitter.com/2/problems/usage-capped'
  }
}
Error fetching tweets: ApiResponseError: Request failed with code 429
    at RequestHandlerHelper.createResponseError (/home/ubuntu/apps/gotravel/node_modules/twitter-api-v2/dist/cjs/client-mixins/request-handler.helper.js:104:16)
    at RequestHandlerHelper.onResponseEndHandler (/home/ubuntu/apps/gotravel/node_modules/twitter-api-v2/dist/cjs/client-mixins/request-handler.helper.js:262:25)
    at Gunzip.emit (node:events:517:28)
    at endReadableNT (node:internal/streams/readable:1400:12)
    at process.processTicksAndRejections (node:internal/process/task_queues:82:21) {
  error: true,
  type: 'response',
  code: 429,
  headers: {
    date: 'Fri, 05 Sep 2025 06:00:02 GMT',
    'content-type': 'application/json; charset=utf-8',
    'content-length': '196',
    connection: 'close',
    server: 'cloudflare',
    'cf-ray': '97a3810a1e8f1b39-IAD',
    'cf-cache-status': 'DYNAMIC',
    'cache-control': 'no-cache, no-store, max-age=0',
    'content-disposition': 'attachment; filename=json.json',
    'content-encoding': 'gzip',
    'set-cookie': [
      'guest_id=v1%3A175705200292916918; Max-Age=34214400; Expires=Tue, 06 Oct 2026 06:00:02 GMT; Path=/; Domain=.twitter.com; Secure; SameSite=None',
      '__cf_bm=9MuC0.KqtR_LiTRNmqH87EcqanF8qH9_v1ZzZPayquE-1757052002-1.0.1.1-31kq_B03hwqgsYRDrxELf9fYgs32xMawmHBrxlvBOjx87rzgcswv2T17LZpyQ2ukILe3ULQUnvm3tJnLZzspBmnczOIMrnHAnr52Cv6Rli0; path=/; expires=Fri, 05-Sep-25 06:30:02 GMT; domain=.twitter.com; HttpOnly; Secure'
    ],
    'strict-transport-security': 'max-age=631138519; includeSubdomains',
    vary: 'accept-encoding',
    'api-version': '2.148',
    'origin-cf-ray': '97a3810a22eb1b39-IAD',
    perf: '7402827104',
    'x-access-level': 'read',
    'x-connection-hash': '3bdc10dfa03b6b0f8b1eb0c89d4ddefa8f9d377a9afdad8f25977d25a298c9b9',
    'x-content-type-options': 'nosniff',
    'x-frame-options': 'SAMEORIGIN',
    'x-rate-limit-limit': '40000',
    'x-rate-limit-remaining': '39999',
    'x-rate-limit-reset': '1757052902',
    'x-response-time': '17',
    'x-transaction-id': '4ccad38ce472cfbd',
    'x-xss-protection': '0'
  },
  rateLimit: { limit: 40000, remaining: 39999, reset: 1757052902 },
  data: {
    account_id: 1821227857097715700,
    product_name: 'standard-basic',
    title: 'UsageCapExceeded',
    period: 'Monthly',
    scope: 'Product',
    detail: 'Usage cap exceeded: Monthly product cap',
    type: 'https://api.twitter.com/2/problems/usage-capped'
  }
}
Error fetching tweets: ApiResponseError: Request failed with code 429
    at RequestHandlerHelper.createResponseError (/home/ubuntu/apps/gotravel/node_modules/twitter-api-v2/dist/cjs/client-mixins/request-handler.helper.js:104:16)
    at RequestHandlerHelper.onResponseEndHandler (/home/ubuntu/apps/gotravel/node_modules/twitter-api-v2/dist/cjs/client-mixins/request-handler.helper.js:262:25)
    at Gunzip.emit (node:events:517:28)
    at endReadableNT (node:internal/streams/readable:1400:12)
    at process.processTicksAndRejections (node:internal/process/task_queues:82:21) {
  error: true,
  type: 'response',
  code: 429,
  headers: {
    date: 'Sat, 06 Sep 2025 06:00:01 GMT',
    'content-type': 'application/json; charset=utf-8',
    'content-length': '94',
    connection: 'close',
    server: 'cloudflare',
    'cf-ray': '97abbe60fd9ed653-IAD',
    'cf-cache-status': 'DYNAMIC',
    'cache-control': 'no-cache, no-store, max-age=0',
    'content-disposition': 'attachment; filename=json.json',
    'content-encoding': 'gzip',
    'set-cookie': [
      'guest_id=v1%3A175713840147412159; Max-Age=34214400; Expires=Wed, 07 Oct 2026 06:00:01 GMT; Path=/; Domain=.twitter.com; Secure; SameSite=None',
      '__cf_bm=vdgQkAvWIU3Iv4CoGvh6cSZO5VPP1JDb6bvRcBZekWg-1757138401-1.0.1.1-FZYo_vj5Lc3aPApyuzv55b3rJHePU45AaD8pPTRFClT.3y3EQjtbAnIijFV.p4CP5tXyozX4Tf7.fBKM4TRCEqkPRi3lYTaMjT3MnIl7tQQ; path=/; expires=Sat, 06-Sep-25 06:30:01 GMT; domain=.twitter.com; HttpOnly; Secure'
    ],
    'strict-transport-security': 'max-age=631138519; includeSubdomains',
    vary: 'accept-encoding',
    'api-version': '2.148',
    'origin-cf-ray': '97abbe61062ad653-IAD',
    perf: '7402827104',
    'x-access-level': 'read',
    'x-connection-hash': 'a043920f13b36799cf6757a5e083e6257368a28b07629ca8148dda84a98324a1',
    'x-content-type-options': 'nosniff',
    'x-frame-options': 'SAMEORIGIN',
    'x-rate-limit-limit': '1',
    'x-rate-limit-remaining': '0',
    'x-rate-limit-reset': '1757139301',
    'x-response-time': '10',
    'x-transaction-id': '97f9fe7ee29537f4',
    'x-xss-protection': '0'
  },
  rateLimit: { limit: 1, remaining: 0, reset: 1757139301 },
  data: {
    title: 'Too Many Requests',
    detail: 'Too Many Requests',
    type: 'about:blank',
    status: 429
  }
}
Error fetching tweets: ApiResponseError: Request failed with code 429
    at RequestHandlerHelper.createResponseError (/home/ubuntu/apps/gotravel/node_modules/twitter-api-v2/dist/cjs/client-mixins/request-handler.helper.js:104:16)
    at RequestHandlerHelper.onResponseEndHandler (/home/ubuntu/apps/gotravel/node_modules/twitter-api-v2/dist/cjs/client-mixins/request-handler.helper.js:262:25)
    at Gunzip.emit (node:events:517:28)
    at endReadableNT (node:internal/streams/readable:1400:12)
    at process.processTicksAndRejections (node:internal/process/task_queues:82:21) {
  error: true,
  type: 'response',
  code: 429,
  headers: {
    date: 'Sun, 07 Sep 2025 06:00:02 GMT',
    'content-type': 'application/json; charset=utf-8',
    'content-length': '94',
    connection: 'close',
    server: 'cloudflare',
    'cf-ray': '97b3fbc64a3f82d4-IAD',
    'cf-cache-status': 'DYNAMIC',
    'cache-control': 'no-cache, no-store, max-age=0',
    'content-disposition': 'attachment; filename=json.json',
    'content-encoding': 'gzip',
    'set-cookie': [
      'guest_id=v1%3A175722480231893278; Max-Age=34214400; Expires=Thu, 08 Oct 2026 06:00:02 GMT; Path=/; Domain=.twitter.com; Secure; SameSite=None',
      '__cf_bm=MBpEouqjaX51o6VQxcAjQhUhfqR_Wig8v.T2kmg.MdI-1757224802-1.0.1.1-a20v4yfslBGUBth65yCZRy9t2B1UX5BfGVBpucSfq21NQtoXWAZvkHlkWhfG9s5o4RcX69QseCUxZ8ZRZ7j6QS.UHrHE579kkFpuWgi8fAk; path=/; expires=Sun, 07-Sep-25 06:30:02 GMT; domain=.twitter.com; HttpOnly; Secure'
    ],
    'strict-transport-security': 'max-age=631138519; includeSubdomains',
    vary: 'accept-encoding',
    'api-version': '2.148',
    'origin-cf-ray': '97b3fbc6522682d4-ATL',
    perf: '7402827104',
    'x-access-level': 'read',
    'x-connection-hash': '5de1f0acf8560c935d31da84b2e0f3c8212ff2b818eaa229cefa57815603371f',
    'x-content-type-options': 'nosniff',
    'x-frame-options': 'SAMEORIGIN',
    'x-rate-limit-limit': '1',
    'x-rate-limit-remaining': '0',
    'x-rate-limit-reset': '1757225702',
    'x-response-time': '17',
    'x-transaction-id': 'dc476d4fbba9c6f7',
    'x-xss-protection': '0'
  },
  rateLimit: { limit: 1, remaining: 0, reset: 1757225702 },
  data: {
    title: 'Too Many Requests',
    detail: 'Too Many Requests',
    type: 'about:blank',
    status: 429
  }
}
Fetched 20 tweets, added 2 unique tweets.
Updated tweets file with 20 tweets.
Tweets saved to public/tweets.json
Attempting to clear remote tweet cache...
Clear cache status: 200
Clear cache headers: {"connection":["close"],"content-type":["application/json"],"date":["Mon, 08 Sep 2025 06:00:02 GMT"],"server":["nginx/1.18.0 (Ubuntu)"],"transfer-encoding":["chunked"],"vary":["RSC, Next-Router-State-Tree, Next-Router-Prefetch"]}
Clear cache response: {"message":"Cache cleared successfully"}
Remote tweet cache cleared successfully
Updating local cache indicator...
Local cache version updated to 56
Error fetching tweets: ApiResponseError: Request failed with code 429
    at RequestHandlerHelper.createResponseError (/home/ubuntu/apps/gotravel/node_modules/twitter-api-v2/dist/cjs/client-mixins/request-handler.helper.js:104:16)
    at RequestHandlerHelper.onResponseEndHandler (/home/ubuntu/apps/gotravel/node_modules/twitter-api-v2/dist/cjs/client-mixins/request-handler.helper.js:262:25)
    at Gunzip.emit (node:events:517:28)
    at endReadableNT (node:internal/streams/readable:1400:12)
    at process.processTicksAndRejections (node:internal/process/task_queues:82:21) {
  error: true,
  type: 'response',
  code: 429,
  headers: {
    date: 'Tue, 09 Sep 2025 06:00:01 GMT',
    'content-type': 'application/json; charset=utf-8',
    'content-length': '94',
    connection: 'close',
    server: 'cloudflare',
    'cf-ray': '97c47683aa7f1fdd-IAD',
    'cf-cache-status': 'DYNAMIC',
    'cache-control': 'no-cache, no-store, max-age=0',
    'content-disposition': 'attachment; filename=json.json',
    'content-encoding': 'gzip',
    'set-cookie': [
      'guest_id=v1%3A175739760191668080; Max-Age=34214400; Expires=Sat, 10 Oct 2026 06:00:01 GMT; Path=/; Domain=.twitter.com; Secure; SameSite=None',
      '__cf_bm=zFk8Q5Cx5a_BuZkkEGJl7PqIkbZvy5ZzwqbQTGcG4RU-1757397601-1.0.1.1-qSNwEddCn29kQY2kQMLAMLXFofcuwtaTmR9SvtBxYMrC6P2oSf2aWZulxknJN3uJbjiTvNXC0iUGtAR9RvN8UmJDm_krjksxUYWdia0TctI; path=/; expires=Tue, 09-Sep-25 06:30:01 GMT; domain=.twitter.com; HttpOnly; Secure'
    ],
    'strict-transport-security': 'max-age=631138519; includeSubdomains',
    vary: 'accept-encoding',
    'api-version': '2.149',
    'origin-cf-ray': '97c47683d6531fdd-ATL',
    perf: '7402827104',
    'x-access-level': 'read',
    'x-connection-hash': 'c9c33275f88abcaec32090d0133b8b4bd27b43246608879fe3821534fbaea868',
    'x-content-type-options': 'nosniff',
    'x-frame-options': 'SAMEORIGIN',
    'x-rate-limit-limit': '1',
    'x-rate-limit-remaining': '0',
    'x-rate-limit-reset': '1757398501',
    'x-response-time': '10',
    'x-transaction-id': '39c39b2f721dd705',
    'x-xss-protection': '0'
  },
  rateLimit: { limit: 1, remaining: 0, reset: 1757398501 },
  data: {
    title: 'Too Many Requests',
    detail: 'Too Many Requests',
    type: 'about:blank',
    status: 429
  }
}
Fetched 20 tweets, added 13 unique tweets.
Updated tweets file with 20 tweets.
Tweets saved to public/tweets.json
Attempting to clear remote tweet cache...
Clear cache status: 200
Clear cache headers: {"connection":["close"],"content-type":["application/json"],"date":["Wed, 10 Sep 2025 06:00:03 GMT"],"server":["nginx/1.18.0 (Ubuntu)"],"transfer-encoding":["chunked"],"vary":["RSC, Next-Router-State-Tree, Next-Router-Prefetch"]}
Clear cache response: {"message":"Cache cleared successfully"}
Remote tweet cache cleared successfully
Updating local cache indicator...
Local cache version updated to 58
Error fetching tweets: ApiResponseError: Request failed with code 429
    at RequestHandlerHelper.createResponseError (/home/ubuntu/apps/gotravel/node_modules/twitter-api-v2/dist/cjs/client-mixins/request-handler.helper.js:104:16)
    at RequestHandlerHelper.onResponseEndHandler (/home/ubuntu/apps/gotravel/node_modules/twitter-api-v2/dist/cjs/client-mixins/request-handler.helper.js:262:25)
    at Gunzip.emit (node:events:517:28)
    at endReadableNT (node:internal/streams/readable:1400:12)
    at process.processTicksAndRejections (node:internal/process/task_queues:82:21) {
  error: true,
  type: 'response',
  code: 429,
  headers: {
    date: 'Thu, 11 Sep 2025 06:00:02 GMT',
    'content-type': 'application/json; charset=utf-8',
    'content-length': '94',
    connection: 'close',
    server: 'cloudflare',
    'cf-ray': '97d4f147d81c68f4-IAD',
    'cf-cache-status': 'DYNAMIC',
    'cache-control': 'no-cache, no-store, max-age=0',
    'content-disposition': 'attachment; filename=json.json',
    'content-encoding': 'gzip',
    'set-cookie': [
      'guest_id=v1%3A175757040257407072; Max-Age=34214400; Expires=Mon, 12 Oct 2026 06:00:02 GMT; Path=/; Domain=.twitter.com; Secure; SameSite=None',
      '__cf_bm=gA3ccxMS05WlpQLD9j5FkEFp2XWBrelqR3.F3t683rM-1757570402-1.0.1.1-br.EYI3l.DgY6HPPUeO0yk3fxHJZJesGNvCjOx6jWhViKiP9uW.5gkUHvl3W2gMthnx2qPWtz4CUy_NZE93v82OG_CBWE.hZdgHBRLSQFfQ; path=/; expires=Thu, 11-Sep-25 06:30:02 GMT; domain=.twitter.com; HttpOnly; Secure'
    ],
    'strict-transport-security': 'max-age=631138519; includeSubdomains',
    vary: 'accept-encoding',
    'api-version': '2.149',
    'origin-cf-ray': '97d4f147f5d468f4-ATL',
    perf: '7402827104',
    'x-access-level': 'read',
    'x-connection-hash': '89834c9ee2d04d62c5ed87b98fda6136dd47541b3fbab2fe88d4c86150feffe0',
    'x-content-type-options': 'nosniff',
    'x-frame-options': 'SAMEORIGIN',
    'x-rate-limit-limit': '1',
    'x-rate-limit-remaining': '0',
    'x-rate-limit-reset': '1757571302',
    'x-response-time': '11',
    'x-transaction-id': '8a96504b82a88434',
    'x-xss-protection': '0'
  },
  rateLimit: { limit: 1, remaining: 0, reset: 1757571302 },
  data: {
    title: 'Too Many Requests',
    detail: 'Too Many Requests',
    type: 'about:blank',
    status: 429
  }
}
Error fetching tweets: ApiResponseError: Request failed with code 429
    at RequestHandlerHelper.createResponseError (/home/ubuntu/apps/gotravel/node_modules/twitter-api-v2/dist/cjs/client-mixins/request-handler.helper.js:104:16)
    at RequestHandlerHelper.onResponseEndHandler (/home/ubuntu/apps/gotravel/node_modules/twitter-api-v2/dist/cjs/client-mixins/request-handler.helper.js:262:25)
    at Gunzip.emit (node:events:517:28)
    at endReadableNT (node:internal/streams/readable:1400:12)
    at process.processTicksAndRejections (node:internal/process/task_queues:82:21) {
  error: true,
  type: 'response',
  code: 429,
  headers: {
    date: 'Fri, 12 Sep 2025 06:00:02 GMT',
    'content-type': 'application/json; charset=utf-8',
    'content-length': '94',
    connection: 'close',
    server: 'cloudflare',
    'cf-ray': '97dd2ea9eafc1fce-IAD',
    'cf-cache-status': 'DYNAMIC',
    'cache-control': 'no-cache, no-store, max-age=0',
    'content-disposition': 'attachment; filename=json.json',
    'content-encoding': 'gzip',
    'set-cookie': [
      'guest_id=v1%3A175765680290186294; Max-Age=34214400; Expires=Tue, 13 Oct 2026 06:00:02 GMT; Path=/; Domain=.twitter.com; Secure; SameSite=None',
      '__cf_bm=hZq630k1g4SWmV9FDKLCl.CpKUJPIwfpqXiBDagw.eY-1757656802-1.0.1.1-Mj7mUWWtQXnBkiCVPFE3tZQ_ssEE_mvqzxeDLWI9GHYmHm9gyb0vrU.59GU0G6lXOISBsX7rJvBz7ECVrKmuCKz0198ggM3iTSRcknQpFkM; path=/; expires=Fri, 12-Sep-25 06:30:02 GMT; domain=.twitter.com; HttpOnly; Secure'
    ],
    'strict-transport-security': 'max-age=631138519; includeSubdomains',
    vary: 'accept-encoding',
    'api-version': '2.149',
    'origin-cf-ray': '97dd2eaa05611fce-IAD',
    perf: '7402827104',
    'x-access-level': 'read',
    'x-connection-hash': '25b6e0ae3b36995cf510d8f924456fe6114549df5149956d68a5ea2ccbea6616',
    'x-content-type-options': 'nosniff',
    'x-frame-options': 'SAMEORIGIN',
    'x-rate-limit-limit': '1',
    'x-rate-limit-remaining': '0',
    'x-rate-limit-reset': '1757657702',
    'x-response-time': '10',
    'x-transaction-id': 'a8b001a2fa862ff0',
    'x-xss-protection': '0'
  },
  rateLimit: { limit: 1, remaining: 0, reset: 1757657702 },
  data: {
    title: 'Too Many Requests',
    detail: 'Too Many Requests',
    type: 'about:blank',
    status: 429
  }
}
Error fetching tweets: ApiResponseError: Request failed with code 429
    at RequestHandlerHelper.createResponseError (/home/ubuntu/apps/gotravel/node_modules/twitter-api-v2/dist/cjs/client-mixins/request-handler.helper.js:104:16)
    at RequestHandlerHelper.onResponseEndHandler (/home/ubuntu/apps/gotravel/node_modules/twitter-api-v2/dist/cjs/client-mixins/request-handler.helper.js:262:25)
    at Gunzip.emit (node:events:517:28)
    at endReadableNT (node:internal/streams/readable:1400:12)
    at process.processTicksAndRejections (node:internal/process/task_queues:82:21) {
  error: true,
  type: 'response',
  code: 429,
  headers: {
    date: 'Sat, 13 Sep 2025 06:00:01 GMT',
    'content-type': 'application/json; charset=utf-8',
    'content-length': '196',
    connection: 'close',
    server: 'cloudflare',
    'cf-ray': '97e56c040e33e5c9-IAD',
    'cf-cache-status': 'DYNAMIC',
    'cache-control': 'no-cache, no-store, max-age=0',
    'content-disposition': 'attachment; filename=json.json',
    'content-encoding': 'gzip',
    'set-cookie': [
      'guest_id=v1%3A175774320195051575; Max-Age=34214400; Expires=Wed, 14 Oct 2026 06:00:01 GMT; Path=/; Domain=.twitter.com; Secure; SameSite=None',
      '__cf_bm=VB2adMuREdMGr0ibNeW2Chx0QcTpZT1b3wbHcjwM5vk-1757743201-1.0.1.1-SPM3tHVt4fvTezNY_iEYLU5xPQApoQKfaNWi1PmZw5VJabsnNShBjcrV_6O0kjRUvpWVdk_qHC3fFSAzzL6krV5XEOpHHJDcdOG8_axMKE8; path=/; expires=Sat, 13-Sep-25 06:30:01 GMT; domain=.twitter.com; HttpOnly; Secure'
    ],
    'strict-transport-security': 'max-age=631138519; includeSubdomains',
    vary: 'accept-encoding',
    'api-version': '2.149',
    'origin-cf-ray': '97e56c0415bbe5c9-IAD',
    perf: '7402827104',
    'x-access-level': 'read',
    'x-connection-hash': 'b2ac9b94cb7801e9f11f51095849b8c611aaac46865cab391c115888b982ddf2',
    'x-content-type-options': 'nosniff',
    'x-frame-options': 'SAMEORIGIN',
    'x-rate-limit-limit': '40000',
    'x-rate-limit-remaining': '39999',
    'x-rate-limit-reset': '1757744101',
    'x-response-time': '20',
    'x-transaction-id': 'c84ee1b1e1eb5ae6',
    'x-xss-protection': '0'
  },
  rateLimit: { limit: 40000, remaining: 39999, reset: 1757744101 },
  data: {
    account_id: 1821227857097715700,
    product_name: 'standard-basic',
    title: 'UsageCapExceeded',
    period: 'Monthly',
    scope: 'Product',
    detail: 'Usage cap exceeded: Monthly product cap',
    type: 'https://api.twitter.com/2/problems/usage-capped'
  }
}
Error fetching tweets: ApiResponseError: Request failed with code 429
    at RequestHandlerHelper.createResponseError (/home/ubuntu/apps/gotravel/node_modules/twitter-api-v2/dist/cjs/client-mixins/request-handler.helper.js:104:16)
    at RequestHandlerHelper.onResponseEndHandler (/home/ubuntu/apps/gotravel/node_modules/twitter-api-v2/dist/cjs/client-mixins/request-handler.helper.js:262:25)
    at Gunzip.emit (node:events:517:28)
    at endReadableNT (node:internal/streams/readable:1400:12)
    at process.processTicksAndRejections (node:internal/process/task_queues:82:21) {
  error: true,
  type: 'response',
  code: 429,
  headers: {
    date: 'Sun, 14 Sep 2025 06:00:02 GMT',
    'content-type': 'application/json; charset=utf-8',
    'content-length': '94',
    connection: 'close',
    server: 'cloudflare',
    'cf-ray': '97eda96a0b46d46e-IAD',
    'cf-cache-status': 'DYNAMIC',
    'cache-control': 'no-cache, no-store, max-age=0',
    'content-disposition': 'attachment; filename=json.json',
    'content-encoding': 'gzip',
    'set-cookie': [
      'guest_id=v1%3A175782960292126924; Max-Age=34214400; Expires=Thu, 15 Oct 2026 06:00:02 GMT; Path=/; Domain=.twitter.com; Secure; SameSite=None',
      '__cf_bm=kvmm2fK4Zof1emdnLF3el1UEoSaSru6lHXevwlUCSo4-1757829602-1.0.1.1-dZ.xR.Kh1erugMlMtMjIBenVn.KsMfRzi8kNPHQvPD4JoJm0bOV.ewODvyE8gJjgND1ovRLQCxwxztfnf3gg.pLJGXZzPiwsiw3C7eAsVos; path=/; expires=Sun, 14-Sep-25 06:30:02 GMT; domain=.twitter.com; HttpOnly; Secure'
    ],
    'strict-transport-security': 'max-age=631138519; includeSubdomains',
    vary: 'accept-encoding',
    'api-version': '2.149',
    'origin-cf-ray': '97eda96a20cdd46e-ATL',
    perf: '7402827104',
    'x-access-level': 'read',
    'x-connection-hash': '9dc98af02bfb760bc372270e41caeeb12a8868baa6d40d7283af81c46ac90db0',
    'x-content-type-options': 'nosniff',
    'x-frame-options': 'SAMEORIGIN',
    'x-rate-limit-limit': '1',
    'x-rate-limit-remaining': '0',
    'x-rate-limit-reset': '1757830502',
    'x-response-time': '18',
    'x-transaction-id': '987177793c959703',
    'x-xss-protection': '0'
  },
  rateLimit: { limit: 1, remaining: 0, reset: 1757830502 },
  data: {
    title: 'Too Many Requests',
    detail: 'Too Many Requests',
    type: 'about:blank',
    status: 429
  }
}
Error fetching tweets: ApiResponseError: Request failed with code 429
    at RequestHandlerHelper.createResponseError (/home/ubuntu/apps/gotravel/node_modules/twitter-api-v2/dist/cjs/client-mixins/request-handler.helper.js:104:16)
    at RequestHandlerHelper.onResponseEndHandler (/home/ubuntu/apps/gotravel/node_modules/twitter-api-v2/dist/cjs/client-mixins/request-handler.helper.js:262:25)
    at Gunzip.emit (node:events:517:28)
    at endReadableNT (node:internal/streams/readable:1400:12)
    at process.processTicksAndRejections (node:internal/process/task_queues:82:21) {
  error: true,
  type: 'response',
  code: 429,
  headers: {
    date: 'Mon, 15 Sep 2025 06:00:02 GMT',
    'content-type': 'application/json; charset=utf-8',
    'content-length': '196',
    connection: 'close',
    server: 'cloudflare',
    'cf-ray': '97f5e6c62eb65187-IAD',
    'cf-cache-status': 'DYNAMIC',
    'cache-control': 'no-cache, no-store, max-age=0',
    'content-disposition': 'attachment; filename=json.json',
    'content-encoding': 'gzip',
    'set-cookie': [
      'guest_id=v1%3A175791600228867679; Max-Age=34214400; Expires=Fri, 16 Oct 2026 06:00:02 GMT; Path=/; Domain=.twitter.com; Secure; SameSite=None',
      '__cf_bm=5nDCqxkl3Y66L9KJrGDDhpjjQvbfT_9sbtdLGpTTniw-1757916002-1.0.1.1-jvVHFeAChjavZaxVaQ.P0pUi06JcLMau3HY.HLLnbi2Vxpzg3XO8zO_leFYoX0MTlda62yvFzKDQuzG0XFwya0kyy6NXExT0VpBH0b7d8tY; path=/; expires=Mon, 15-Sep-25 06:30:02 GMT; domain=.twitter.com; HttpOnly; Secure'
    ],
    'strict-transport-security': 'max-age=631138519; includeSubdomains',
    vary: 'accept-encoding',
    'api-version': '2.149',
    'origin-cf-ray': '97f5e6c6237f5187-IAD',
    perf: '7402827104',
    'x-access-level': 'read',
    'x-connection-hash': '13b62e26937b1249b81ee1e5c28c562965a7f472f01853497b8b54f5533d19c6',
    'x-content-type-options': 'nosniff',
    'x-frame-options': 'SAMEORIGIN',
    'x-rate-limit-limit': '40000',
    'x-rate-limit-remaining': '39999',
    'x-rate-limit-reset': '1757916902',
    'x-response-time': '21',
    'x-transaction-id': '0855f62038fc9fb9',
    'x-xss-protection': '0'
  },
  rateLimit: { limit: 40000, remaining: 39999, reset: 1757916902 },
  data: {
    account_id: 1821227857097715700,
    product_name: 'standard-basic',
    title: 'UsageCapExceeded',
    period: 'Monthly',
    scope: 'Product',
    detail: 'Usage cap exceeded: Monthly product cap',
    type: 'https://api.twitter.com/2/problems/usage-capped'
  }
}
Error fetching tweets: ApiResponseError: Request failed with code 429
    at RequestHandlerHelper.createResponseError (/home/ubuntu/apps/gotravel/node_modules/twitter-api-v2/dist/cjs/client-mixins/request-handler.helper.js:104:16)
    at RequestHandlerHelper.onResponseEndHandler (/home/ubuntu/apps/gotravel/node_modules/twitter-api-v2/dist/cjs/client-mixins/request-handler.helper.js:262:25)
    at Gunzip.emit (node:events:517:28)
    at endReadableNT (node:internal/streams/readable:1400:12)
    at process.processTicksAndRejections (node:internal/process/task_queues:82:21) {
  error: true,
  type: 'response',
  code: 429,
  headers: {
    date: 'Tue, 16 Sep 2025 06:00:03 GMT',
    'content-type': 'application/json; charset=utf-8',
    'content-length': '196',
    connection: 'close',
    server: 'cloudflare',
    'cf-ray': '97fe242a7837c9a9-IAD',
    'cf-cache-status': 'DYNAMIC',
    'cache-control': 'no-cache, no-store, max-age=0',
    'content-disposition': 'attachment; filename=json.json',
    'content-encoding': 'gzip',
    'set-cookie': [
      'guest_id=v1%3A175800240298441117; Max-Age=34214400; Expires=Sat, 17 Oct 2026 06:00:02 GMT; Path=/; Domain=.twitter.com; Secure; SameSite=None',
      '__cf_bm=fgttdFyfmDnryhjyuZqdPTW1Wb4BB16X0AsFAdCDzwE-1758002403-1.0.1.1-AUiCAG.mT3q8r247vswS4wPxrBuFF6FH38WyGt_kZoM3dl6DxRLuvx8UuoOiZ2kzkX0BWdACVPhOMxSCNhcukf3tLtaK4ZOJJsJPI.lLY2c; path=/; expires=Tue, 16-Sep-25 06:30:03 GMT; domain=.twitter.com; HttpOnly; Secure'
    ],
    'strict-transport-security': 'max-age=631138519; includeSubdomains',
    vary: 'accept-encoding',
    'api-version': '2.149',
    'origin-cf-ray': '97fe242a8382c9a9-IAD',
    perf: '7402827104',
    'x-access-level': 'read',
    'x-connection-hash': '0a8fd940a385413ee9650fef539cd6928456568233c9275a66e08bd48acb8e9b',
    'x-content-type-options': 'nosniff',
    'x-frame-options': 'SAMEORIGIN',
    'x-rate-limit-limit': '40000',
    'x-rate-limit-remaining': '39999',
    'x-rate-limit-reset': '1758003302',
    'x-response-time': '19',
    'x-transaction-id': '5c67aa778397705d',
    'x-xss-protection': '0'
  },
  rateLimit: { limit: 40000, remaining: 39999, reset: 1758003302 },
  data: {
    account_id: 1821227857097715700,
    product_name: 'standard-basic',
    title: 'UsageCapExceeded',
    period: 'Monthly',
    scope: 'Product',
    detail: 'Usage cap exceeded: Monthly product cap',
    type: 'https://api.twitter.com/2/problems/usage-capped'
  }
}
Error fetching tweets: ApiResponseError: Request failed with code 429
    at RequestHandlerHelper.createResponseError (/home/ubuntu/apps/gotravel/node_modules/twitter-api-v2/dist/cjs/client-mixins/request-handler.helper.js:104:16)
    at RequestHandlerHelper.onResponseEndHandler (/home/ubuntu/apps/gotravel/node_modules/twitter-api-v2/dist/cjs/client-mixins/request-handler.helper.js:262:25)
    at Gunzip.emit (node:events:517:28)
    at endReadableNT (node:internal/streams/readable:1400:12)
    at process.processTicksAndRejections (node:internal/process/task_queues:82:21) {
  error: true,
  type: 'response',
  code: 429,
  headers: {
    date: 'Wed, 17 Sep 2025 06:00:02 GMT',
    'content-type': 'application/json; charset=utf-8',
    'content-length': '94',
    connection: 'close',
    server: 'cloudflare',
    'cf-ray': '98066189db0605a9-IAD',
    'cf-cache-status': 'DYNAMIC',
    'cache-control': 'no-cache, no-store, max-age=0',
    'content-disposition': 'attachment; filename=json.json',
    'content-encoding': 'gzip',
    'set-cookie': [
      'guest_id=v1%3A175808880288877557; Max-Age=34214400; Expires=Sun, 18 Oct 2026 06:00:02 GMT; Path=/; Domain=.twitter.com; Secure; SameSite=None',
      '__cf_bm=j9rhgzZJYGwzW4tUO9RBYsYchAhOOrrJti2Mo943XjE-1758088802-1.0.1.1-fjSurhzx_sIr_525jhYWQnm7Bd71ZqYryJHPvXcjD9YYJjc1016mElvVRd43dSkbScb.uTzAhl5h_.2kVisV6T1Hxu1nNNaOBQO_MD7mmMA; path=/; expires=Wed, 17-Sep-25 06:30:02 GMT; domain=.twitter.com; HttpOnly; Secure'
    ],
    'strict-transport-security': 'max-age=631138519; includeSubdomains',
    vary: 'accept-encoding',
    'api-version': '2.149',
    'origin-cf-ray': '98066189e78705a9-IAD',
    perf: '7402827104',
    'x-access-level': 'read',
    'x-connection-hash': 'c2393fc65d3a0ab35f717da24ea3e362932a94e5cf0fc8753c7963e989cc9298',
    'x-content-type-options': 'nosniff',
    'x-frame-options': 'SAMEORIGIN',
    'x-rate-limit-limit': '1',
    'x-rate-limit-remaining': '0',
    'x-rate-limit-reset': '1758089702',
    'x-response-time': '15',
    'x-transaction-id': 'a6c6d0ba502ca36d',
    'x-xss-protection': '0'
  },
  rateLimit: { limit: 1, remaining: 0, reset: 1758089702 },
  data: {
    title: 'Too Many Requests',
    detail: 'Too Many Requests',
    type: 'about:blank',
    status: 429
  }
}
Error fetching tweets: ApiResponseError: Request failed with code 429
    at RequestHandlerHelper.createResponseError (/home/ubuntu/apps/gotravel/node_modules/twitter-api-v2/dist/cjs/client-mixins/request-handler.helper.js:104:16)
    at RequestHandlerHelper.onResponseEndHandler (/home/ubuntu/apps/gotravel/node_modules/twitter-api-v2/dist/cjs/client-mixins/request-handler.helper.js:262:25)
    at Gunzip.emit (node:events:517:28)
    at endReadableNT (node:internal/streams/readable:1400:12)
    at process.processTicksAndRejections (node:internal/process/task_queues:82:21) {
  error: true,
  type: 'response',
  code: 429,
  headers: {
    date: 'Thu, 18 Sep 2025 06:00:02 GMT',
    'content-type': 'application/json; charset=utf-8',
    'content-length': '94',
    connection: 'close',
    server: 'cloudflare',
    'cf-ray': '980e9ee94a362ac2-IAD',
    'cf-cache-status': 'DYNAMIC',
    'cache-control': 'no-cache, no-store, max-age=0',
    'content-disposition': 'attachment; filename=json.json',
    'content-encoding': 'gzip',
    'set-cookie': [
      'guest_id=v1%3A175817520279380560; Max-Age=34214400; Expires=Mon, 19 Oct 2026 06:00:02 GMT; Path=/; Domain=.twitter.com; Secure; SameSite=None',
      '__cf_bm=i_pPcn_rSAP.cfa73csjdFoJ5K3.EDGLmfl7GDEqCUs-1758175202-1.0.1.1-rn_284jOTRDN7QCL4Vpytg9Fnad2YUckT_0TQXXgY27_c7H9RLaqulyF.vMTZkUzxxoYsgIH0RNZB4.DbxACuhHNCmi7RE2ivvcyJybSUGk; path=/; expires=Thu, 18-Sep-25 06:30:02 GMT; domain=.twitter.com; HttpOnly; Secure'
    ],
    'strict-transport-security': 'max-age=631138519; includeSubdomains',
    vary: 'accept-encoding',
    'api-version': '2.149',
    'origin-cf-ray': '980e9ee951452ac2-IAD',
    perf: '7402827104',
    'x-access-level': 'read',
    'x-connection-hash': 'cf7b1976250af72bb07cddad8e5c7c244e230e8fd0096cad53b2cc1e73aae250',
    'x-content-type-options': 'nosniff',
    'x-frame-options': 'SAMEORIGIN',
    'x-rate-limit-limit': '1',
    'x-rate-limit-remaining': '0',
    'x-rate-limit-reset': '1758176102',
    'x-response-time': '12',
    'x-transaction-id': '247a38c37027c3b0',
    'x-xss-protection': '0'
  },
  rateLimit: { limit: 1, remaining: 0, reset: 1758176102 },
  data: {
    title: 'Too Many Requests',
    detail: 'Too Many Requests',
    type: 'about:blank',
    status: 429
  }
}
Error fetching tweets: ApiResponseError: Request failed with code 429
    at RequestHandlerHelper.createResponseError (/home/ubuntu/apps/gotravel/node_modules/twitter-api-v2/dist/cjs/client-mixins/request-handler.helper.js:104:16)
    at RequestHandlerHelper.onResponseEndHandler (/home/ubuntu/apps/gotravel/node_modules/twitter-api-v2/dist/cjs/client-mixins/request-handler.helper.js:262:25)
    at Gunzip.emit (node:events:517:28)
    at endReadableNT (node:internal/streams/readable:1400:12)
    at process.processTicksAndRejections (node:internal/process/task_queues:82:21) {
  error: true,
  type: 'response',
  code: 429,
  headers: {
    date: 'Fri, 19 Sep 2025 06:00:02 GMT',
    'content-type': 'application/json; charset=utf-8',
    'content-length': '196',
    connection: 'close',
    server: 'cloudflare',
    'cf-ray': '9816dc492b222a30-IAD',
    'cf-cache-status': 'DYNAMIC',
    'cache-control': 'no-cache, no-store, max-age=0',
    'content-disposition': 'attachment; filename=json.json',
    'content-encoding': 'gzip',
    'set-cookie': [
      'guest_id=v1%3A175826160277766332; Max-Age=34214400; Expires=Tue, 20 Oct 2026 06:00:02 GMT; Path=/; Domain=.twitter.com; Secure; SameSite=None',
      '__cf_bm=QaR9AJyzrWf2WZtlbgVbFfHlWUjJ4vRBoPh21wTX7zY-1758261602-1.0.1.1-IX9cczQwCU0C6Ka.oHdlNQjjRh8xsPvLJUoCYH54AXLlJDjJxg_tf3XMtvN9UrF.Pspsm1.DFljY7sPwLbml2.1TP3uco6wYDxPC1k9x_Jk; path=/; expires=Fri, 19-Sep-25 06:30:02 GMT; domain=.twitter.com; HttpOnly; Secure'
    ],
    'strict-transport-security': 'max-age=631138519; includeSubdomains',
    vary: 'accept-encoding',
    'api-version': '2.149',
    'origin-cf-ray': '9816dc4931602a30-ATL',
    perf: '7402827104',
    'x-access-level': 'read',
    'x-connection-hash': '8869aa222573c3dc579bc92a0fb4d920004fb4b5b4e4653c6f5213e94d1d1d7b',
    'x-content-type-options': 'nosniff',
    'x-frame-options': 'SAMEORIGIN',
    'x-rate-limit-limit': '40000',
    'x-rate-limit-remaining': '39999',
    'x-rate-limit-reset': '1758262502',
    'x-response-time': '17',
    'x-transaction-id': 'a45155f38b9cb6ea',
    'x-xss-protection': '0'
  },
  rateLimit: { limit: 40000, remaining: 39999, reset: 1758262502 },
  data: {
    account_id: 1821227857097715700,
    product_name: 'standard-basic',
    title: 'UsageCapExceeded',
    period: 'Monthly',
    scope: 'Product',
    detail: 'Usage cap exceeded: Monthly product cap',
    type: 'https://api.twitter.com/2/problems/usage-capped'
  }
}
Error fetching tweets: ApiResponseError: Request failed with code 429
    at RequestHandlerHelper.createResponseError (/home/ubuntu/apps/gotravel/node_modules/twitter-api-v2/dist/cjs/client-mixins/request-handler.helper.js:104:16)
    at RequestHandlerHelper.onResponseEndHandler (/home/ubuntu/apps/gotravel/node_modules/twitter-api-v2/dist/cjs/client-mixins/request-handler.helper.js:262:25)
    at Gunzip.emit (node:events:517:28)
    at endReadableNT (node:internal/streams/readable:1400:12)
    at process.processTicksAndRejections (node:internal/process/task_queues:82:21) {
  error: true,
  type: 'response',
  code: 429,
  headers: {
    date: 'Sat, 20 Sep 2025 06:00:02 GMT',
    'content-type': 'application/json; charset=utf-8',
    'content-length': '196',
    connection: 'close',
    server: 'cloudflare',
    'cf-ray': '981f19a4cf3157f3-IAD',
    'cf-cache-status': 'DYNAMIC',
    'cache-control': 'no-cache, no-store, max-age=0',
    'content-disposition': 'attachment; filename=json.json',
    'content-encoding': 'gzip',
    'set-cookie': [
      'guest_id=v1%3A175834800207254681; Max-Age=34214400; Expires=Wed, 21 Oct 2026 06:00:02 GMT; Path=/; Domain=.twitter.com; Secure; SameSite=None',
      '__cf_bm=FUBn7tgWtto4W2SgIL_mG1XwX6Gle_m5DaNEAqGqQ_s-1758348002-1.0.1.1-0yKzwP_gAN.65ex2GxSbx7tgPQ5qzGnunm4v2O_gvSEgJsBDEcs2LPbyGbN7FXSsinF8Nxn2L1iLtz7Hlb5A4bVYN2crvDKh_GqqeZ5733U; path=/; expires=Sat, 20-Sep-25 06:30:02 GMT; domain=.twitter.com; HttpOnly; Secure'
    ],
    'strict-transport-security': 'max-age=631138519; includeSubdomains',
    vary: 'accept-encoding',
    'api-version': '2.149',
    'origin-cf-ray': '981f19a4d44c57f3-IAD',
    perf: '7402827104',
    'x-access-level': 'read',
    'x-connection-hash': '5f68dd592adfe687cddd90baba8458b2e9b61a7db770aa6c576d6b229c611e19',
    'x-content-type-options': 'nosniff',
    'x-frame-options': 'SAMEORIGIN',
    'x-rate-limit-limit': '40000',
    'x-rate-limit-remaining': '39999',
    'x-rate-limit-reset': '1758348902',
    'x-response-time': '27',
    'x-transaction-id': '92adaa60e72a93bc',
    'x-xss-protection': '0'
  },
  rateLimit: { limit: 40000, remaining: 39999, reset: 1758348902 },
  data: {
    account_id: 1821227857097715700,
    product_name: 'standard-basic',
    title: 'UsageCapExceeded',
    period: 'Monthly',
    scope: 'Product',
    detail: 'Usage cap exceeded: Monthly product cap',
    type: 'https://api.twitter.com/2/problems/usage-capped'
  }
}
Error fetching tweets: ApiResponseError: Request failed with code 429
    at RequestHandlerHelper.createResponseError (/home/ubuntu/apps/gotravel/node_modules/twitter-api-v2/dist/cjs/client-mixins/request-handler.helper.js:104:16)
    at RequestHandlerHelper.onResponseEndHandler (/home/ubuntu/apps/gotravel/node_modules/twitter-api-v2/dist/cjs/client-mixins/request-handler.helper.js:262:25)
    at Gunzip.emit (node:events:517:28)
    at endReadableNT (node:internal/streams/readable:1400:12)
    at process.processTicksAndRejections (node:internal/process/task_queues:82:21) {
  error: true,
  type: 'response',
  code: 429,
  headers: {
    date: 'Sun, 21 Sep 2025 06:00:03 GMT',
    'content-type': 'application/json; charset=utf-8',
    'content-length': '94',
    connection: 'close',
    server: 'cloudflare',
    'cf-ray': '9827570b0950d6c8-IAD',
    'cf-cache-status': 'DYNAMIC',
    'cache-control': 'no-cache, no-store, max-age=0',
    'content-disposition': 'attachment; filename=json.json',
    'content-encoding': 'gzip',
    'set-cookie': [
      'guest_id=v1%3A175843440306490207; Max-Age=34214400; Expires=Thu, 22 Oct 2026 06:00:03 GMT; Path=/; Domain=.twitter.com; Secure; SameSite=None',
      '__cf_bm=2pZU8z0xpJNIkUw9dQR9d9_UIUad1Sw7TeMOUWCxeSM-1758434403-1.0.1.1-gRABscqY1WbYEhenNdzsMZ0USfe3nG4twdV8iBzLvh7xom0STZh7rSHOUz35oqa54FgSRl4cIq12KenlKFT3e5clye2vKHB9zJYXA8kVWjg; path=/; expires=Sun, 21-Sep-25 06:30:03 GMT; domain=.twitter.com; HttpOnly; Secure'
    ],
    'strict-transport-security': 'max-age=631138519; includeSubdomains',
    vary: 'accept-encoding',
    'api-version': '2.149',
    'origin-cf-ray': '9827570b1387d6c8-IAD',
    perf: '7402827104',
    'x-access-level': 'read',
    'x-connection-hash': 'dacf16b48fb26abb441ba7cb2a37d93629dda07b1fdaaf843e47e57ad9a6fab3',
    'x-content-type-options': 'nosniff',
    'x-frame-options': 'SAMEORIGIN',
    'x-rate-limit-limit': '1',
    'x-rate-limit-remaining': '0',
    'x-rate-limit-reset': '1758435303',
    'x-response-time': '11',
    'x-transaction-id': 'beafcc77908b04ae',
    'x-xss-protection': '0'
  },
  rateLimit: { limit: 1, remaining: 0, reset: 1758435303 },
  data: {
    title: 'Too Many Requests',
    detail: 'Too Many Requests',
    type: 'about:blank',
    status: 429
  }
}
Error fetching tweets: ApiResponseError: Request failed with code 429
    at RequestHandlerHelper.createResponseError (/home/ubuntu/apps/gotravel/node_modules/twitter-api-v2/dist/cjs/client-mixins/request-handler.helper.js:104:16)
    at RequestHandlerHelper.onResponseEndHandler (/home/ubuntu/apps/gotravel/node_modules/twitter-api-v2/dist/cjs/client-mixins/request-handler.helper.js:262:25)
    at Gunzip.emit (node:events:517:28)
    at endReadableNT (node:internal/streams/readable:1400:12)
    at process.processTicksAndRejections (node:internal/process/task_queues:82:21) {
  error: true,
  type: 'response',
  code: 429,
  headers: {
    date: 'Mon, 22 Sep 2025 06:00:02 GMT',
    'content-type': 'application/json; charset=utf-8',
    'content-length': '94',
    connection: 'close',
    server: 'cloudflare',
    'cf-ray': '982f9465fac19c34-IAD',
    'cf-cache-status': 'DYNAMIC',
    'cache-control': 'no-cache, no-store, max-age=0',
    'content-disposition': 'attachment; filename=json.json',
    'content-encoding': 'gzip',
    'set-cookie': [
      'guest_id=v1%3A175852080227375948; Max-Age=34214400; Expires=Fri, 23 Oct 2026 06:00:02 GMT; Path=/; Domain=.twitter.com; Secure; SameSite=None',
      '__cf_bm=qYWYKovv3vr8opNaHfYv79niq4JJquobmTtLiP1XZxk-1758520802-1.0.1.1-g8iyPFdhh0XKENTWlROosQnGoujhXN35EnOEPn3.6XG7iQxw5P06YrKz4MTJaEk31ZjlUQhNAaZHUQu1Nc82VVFM4RhexjAi2PU3NEzzYBs; path=/; expires=Mon, 22-Sep-25 06:30:02 GMT; domain=.twitter.com; HttpOnly; Secure'
    ],
    'strict-transport-security': 'max-age=631138519; includeSubdomains',
    vary: 'accept-encoding',
    'api-version': '2.149',
    'origin-cf-ray': '982f946605779c34-IAD',
    perf: '7402827104',
    'x-access-level': 'read',
    'x-connection-hash': '69c77a22190d24b05a71b77a308d1f0091dbbca50226a44add289adaaef9a0a7',
    'x-content-type-options': 'nosniff',
    'x-frame-options': 'SAMEORIGIN',
    'x-rate-limit-limit': '1',
    'x-rate-limit-remaining': '0',
    'x-rate-limit-reset': '1758521702',
    'x-response-time': '12',
    'x-transaction-id': '5b9d0cfe2b11fdab',
    'x-xss-protection': '0'
  },
  rateLimit: { limit: 1, remaining: 0, reset: 1758521702 },
  data: {
    title: 'Too Many Requests',
    detail: 'Too Many Requests',
    type: 'about:blank',
    status: 429
  }
}
Error fetching tweets: ApiResponseError: Request failed with code 429
    at RequestHandlerHelper.createResponseError (/home/ubuntu/apps/gotravel/node_modules/twitter-api-v2/dist/cjs/client-mixins/request-handler.helper.js:104:16)
    at RequestHandlerHelper.onResponseEndHandler (/home/ubuntu/apps/gotravel/node_modules/twitter-api-v2/dist/cjs/client-mixins/request-handler.helper.js:262:25)
    at Gunzip.emit (node:events:517:28)
    at endReadableNT (node:internal/streams/readable:1400:12)
    at process.processTicksAndRejections (node:internal/process/task_queues:82:21) {
  error: true,
  type: 'response',
  code: 429,
  headers: {
    date: 'Tue, 23 Sep 2025 06:00:02 GMT',
    'content-type': 'application/json; charset=utf-8',
    'content-length': '94',
    connection: 'close',
    server: 'cloudflare',
    'cf-ray': '9837d1c91c6cc9a1-IAD',
    'cf-cache-status': 'DYNAMIC',
    'cache-control': 'no-cache, no-store, max-age=0',
    'content-disposition': 'attachment; filename=json.json',
    'content-encoding': 'gzip',
    'set-cookie': [
      'guest_id=v1%3A175860720277393639; Max-Age=34214400; Expires=Sat, 24 Oct 2026 06:00:02 GMT; Path=/; Domain=.twitter.com; Secure; SameSite=None',
      '__cf_bm=4b7wm.MWhHlbkNX1ceOfaScUyFvduGAruBOKe2fbQm8-1758607202-1.0.1.1-vuKwN0g95203ML99Vhz9WXpwlhixWMeXLKXvm6nsW3admyiY1q2HRcDn1xhQm0lofDrh.CUxWIcrYn5ECqgikCQgEwWoRvVLyq32C54Ndj0; path=/; expires=Tue, 23-Sep-25 06:30:02 GMT; domain=.twitter.com; HttpOnly; Secure'
    ],
    'strict-transport-security': 'max-age=631138519; includeSubdomains',
    vary: 'accept-encoding',
    'api-version': '2.150',
    'origin-cf-ray': '9837d1c931c4c9a1-IAD',
    perf: '7402827104',
    'x-access-level': 'read',
    'x-connection-hash': '7d7525decf801459c0df23f2c6daf4121e372a91ec723a1d43aefb8b3c5a2683',
    'x-content-type-options': 'nosniff',
    'x-frame-options': 'SAMEORIGIN',
    'x-rate-limit-limit': '1',
    'x-rate-limit-remaining': '0',
    'x-rate-limit-reset': '1758608102',
    'x-response-time': '17',
    'x-transaction-id': '913c09970e41a552',
    'x-xss-protection': '0'
  },
  rateLimit: { limit: 1, remaining: 0, reset: 1758608102 },
  data: {
    title: 'Too Many Requests',
    detail: 'Too Many Requests',
    type: 'about:blank',
    status: 429
  }
}
Error fetching tweets: ApiResponseError: Request failed with code 429
    at RequestHandlerHelper.createResponseError (/home/ubuntu/apps/gotravel/node_modules/twitter-api-v2/dist/cjs/client-mixins/request-handler.helper.js:104:16)
    at RequestHandlerHelper.onResponseEndHandler (/home/ubuntu/apps/gotravel/node_modules/twitter-api-v2/dist/cjs/client-mixins/request-handler.helper.js:262:25)
    at Gunzip.emit (node:events:517:28)
    at endReadableNT (node:internal/streams/readable:1400:12)
    at process.processTicksAndRejections (node:internal/process/task_queues:82:21) {
  error: true,
  type: 'response',
  code: 429,
  headers: {
    date: 'Wed, 24 Sep 2025 06:00:02 GMT',
    'content-type': 'application/json; charset=utf-8',
    'content-length': '196',
    connection: 'close',
    'cf-ray': '98400f25998c20d8-IAD',
    'cf-cache-status': 'DYNAMIC',
    'cache-control': 'no-cache, no-store, max-age=0',
    'content-disposition': 'attachment; filename=json.json',
    'content-encoding': 'gzip',
    server: 'cloudflare',
    'x-xss-protection': '0',
    'strict-transport-security': 'max-age=631138519; includeSubdomains',
    vary: 'accept-encoding',
    'api-version': '2.150',
    'origin-cf-ray': '98400f25a6fe20d8-IAD',
    perf: '7402827104',
    'x-access-level': 'read',
    'x-connection-hash': '1a20d3f5319aa03ea5b06efce9fcc3dc35b0ad182fe3d012c6b65c7e8b55b427',
    'x-content-type-options': 'nosniff',
    'x-frame-options': 'SAMEORIGIN',
    'x-rate-limit-limit': '40000',
    'x-rate-limit-remaining': '39999',
    'x-rate-limit-reset': '1758694502',
    'x-response-time': '16',
    'x-transaction-id': '83c58d38f6016f7f',
    'set-cookie': [
      'guest_id=v1%3A175869360220613134; SameSite=None; Secure; Path=/; Domain=twitter.com; Max-Age=34214400; Expires=Sun, 25 Oct 2026 06:00:02 GMT'
    ]
  },
  rateLimit: { limit: 40000, remaining: 39999, reset: 1758694502 },
  data: {
    account_id: 1821227857097715700,
    product_name: 'standard-basic',
    title: 'UsageCapExceeded',
    period: 'Monthly',
    scope: 'Product',
    detail: 'Usage cap exceeded: Monthly product cap',
    type: 'https://api.twitter.com/2/problems/usage-capped'
  }
}
Error fetching tweets: ApiResponseError: Request failed with code 429
    at RequestHandlerHelper.createResponseError (/home/ubuntu/apps/gotravel/node_modules/twitter-api-v2/dist/cjs/client-mixins/request-handler.helper.js:104:16)
    at RequestHandlerHelper.onResponseEndHandler (/home/ubuntu/apps/gotravel/node_modules/twitter-api-v2/dist/cjs/client-mixins/request-handler.helper.js:262:25)
    at Gunzip.emit (node:events:517:28)
    at endReadableNT (node:internal/streams/readable:1400:12)
    at process.processTicksAndRejections (node:internal/process/task_queues:82:21) {
  error: true,
  type: 'response',
  code: 429,
  headers: {
    date: 'Thu, 25 Sep 2025 06:00:03 GMT',
    'content-type': 'application/json; charset=utf-8',
    'content-length': '94',
    connection: 'close',
    'cf-ray': '98484c8baa71c563-IAD',
    'cf-cache-status': 'DYNAMIC',
    'cache-control': 'no-cache, no-store, max-age=0',
    'content-disposition': 'attachment; filename=json.json',
    'content-encoding': 'gzip',
    server: 'cloudflare',
    'x-xss-protection': '0',
    'strict-transport-security': 'max-age=631138519; includeSubdomains',
    vary: 'accept-encoding',
    'api-version': '2.150',
    'origin-cf-ray': '98484c8ba1a1c563-IAD',
    perf: '7402827104',
    'x-access-level': 'read',
    'x-connection-hash': '6be90dcd972fced86c9f36522bd537b1adaf1ed2c25623d1aa2f272ccff65309',
    'x-content-type-options': 'nosniff',
    'x-frame-options': 'SAMEORIGIN',
    'x-rate-limit-limit': '1',
    'x-rate-limit-remaining': '0',
    'x-rate-limit-reset': '1758780903',
    'x-response-time': '11',
    'x-served-by': 'tsa_b',
    'x-transaction-id': '2271e8eeb9e7e96b',
    'set-cookie': [
      'guest_id=v1%3A175878000318159393; SameSite=None; Secure; Path=/; Domain=twitter.com; Max-Age=34214400; Expires=Mon, 26 Oct 2026 06:00:03 GMT'
    ]
  },
  rateLimit: { limit: 1, remaining: 0, reset: 1758780903 },
  data: {
    title: 'Too Many Requests',
    detail: 'Too Many Requests',
    type: 'about:blank',
    status: 429
  }
}
Error fetching tweets: ApiResponseError: Request failed with code 429
    at RequestHandlerHelper.createResponseError (/home/ubuntu/apps/gotravel/node_modules/twitter-api-v2/dist/cjs/client-mixins/request-handler.helper.js:104:16)
    at RequestHandlerHelper.onResponseEndHandler (/home/ubuntu/apps/gotravel/node_modules/twitter-api-v2/dist/cjs/client-mixins/request-handler.helper.js:262:25)
    at Gunzip.emit (node:events:517:28)
    at endReadableNT (node:internal/streams/readable:1400:12)
    at process.processTicksAndRejections (node:internal/process/task_queues:82:21) {
  error: true,
  type: 'response',
  code: 429,
  headers: {
    date: 'Fri, 26 Sep 2025 06:00:02 GMT',
    'content-type': 'application/json; charset=utf-8',
    'content-length': '94',
    connection: 'close',
    'cf-ray': '985089e62c15b4ba-IAD',
    'cf-cache-status': 'DYNAMIC',
    'cache-control': 'no-cache, no-store, max-age=0',
    'content-disposition': 'attachment; filename=json.json',
    'content-encoding': 'gzip',
    server: 'cloudflare',
    'x-xss-protection': '0',
    'strict-transport-security': 'max-age=631138519; includeSubdomains',
    vary: 'accept-encoding',
    'api-version': '2.150',
    'origin-cf-ray': '985089e630ddb4ba-ATL',
    perf: '7402827104',
    'x-access-level': 'read',
    'x-connection-hash': '9aa7740597d553d3e96a964c758181b366443a07b45b778ece7eb3069f7c0b9f',
    'x-content-type-options': 'nosniff',
    'x-frame-options': 'SAMEORIGIN',
    'x-rate-limit-limit': '1',
    'x-rate-limit-remaining': '0',
    'x-rate-limit-reset': '1758867302',
    'x-response-time': '10',
    'x-served-by': 'tsa_b',
    'x-transaction-id': 'ad156c6b8a4526b8',
    'set-cookie': [
      'guest_id=v1%3A175886640229368543; SameSite=None; Secure; Path=/; Domain=twitter.com; Max-Age=34214400; Expires=Tue, 27 Oct 2026 06:00:02 GMT'
    ]
  },
  rateLimit: { limit: 1, remaining: 0, reset: 1758867302 },
  data: {
    title: 'Too Many Requests',
    detail: 'Too Many Requests',
    type: 'about:blank',
    status: 429
  }
}
Error fetching tweets: ApiResponseError: Request failed with code 429
    at RequestHandlerHelper.createResponseError (/home/ubuntu/apps/gotravel/node_modules/twitter-api-v2/dist/cjs/client-mixins/request-handler.helper.js:104:16)
    at RequestHandlerHelper.onResponseEndHandler (/home/ubuntu/apps/gotravel/node_modules/twitter-api-v2/dist/cjs/client-mixins/request-handler.helper.js:262:25)
    at Gunzip.emit (node:events:517:28)
    at endReadableNT (node:internal/streams/readable:1400:12)
    at process.processTicksAndRejections (node:internal/process/task_queues:82:21) {
  error: true,
  type: 'response',
  code: 429,
  headers: {
    date: 'Sat, 27 Sep 2025 06:00:03 GMT',
    'content-type': 'application/json; charset=utf-8',
    'content-length': '196',
    connection: 'close',
    'cf-ray': '9858c74afa25c977-IAD',
    'cf-cache-status': 'DYNAMIC',
    'cache-control': 'no-cache, no-store, max-age=0',
    'content-disposition': 'attachment; filename=json.json',
    'content-encoding': 'gzip',
    server: 'cloudflare',
    'x-xss-protection': '0',
    'strict-transport-security': 'max-age=631138519; includeSubdomains',
    vary: 'accept-encoding',
    'api-version': '2.150',
    'origin-cf-ray': '9858c74af409c977-ATL',
    perf: '7402827104',
    'x-access-level': 'read',
    'x-connection-hash': '6a501023549008862314155b18e751a2ab7f607921311b15752c344275b33ee9',
    'x-content-type-options': 'nosniff',
    'x-frame-options': 'SAMEORIGIN',
    'x-rate-limit-limit': '40000',
    'x-rate-limit-remaining': '39999',
    'x-rate-limit-reset': '1758953703',
    'x-response-time': '18',
    'x-served-by': 'tsa_b',
    'x-transaction-id': '9e76db2ea661f454',
    'set-cookie': [
      'guest_id=v1%3A175895280305617976; SameSite=None; Secure; Path=/; Domain=twitter.com; Max-Age=34214400; Expires=Wed, 28 Oct 2026 06:00:03 GMT'
    ]
  },
  rateLimit: { limit: 40000, remaining: 39999, reset: 1758953703 },
  data: {
    account_id: 1821227857097715700,
    product_name: 'standard-basic',
    title: 'UsageCapExceeded',
    period: 'Monthly',
    scope: 'Product',
    detail: 'Usage cap exceeded: Monthly product cap',
    type: 'https://api.twitter.com/2/problems/usage-capped'
  }
}
Error fetching tweets: ApiResponseError: Request failed with code 429
    at RequestHandlerHelper.createResponseError (/home/ubuntu/apps/gotravel/node_modules/twitter-api-v2/dist/cjs/client-mixins/request-handler.helper.js:104:16)
    at RequestHandlerHelper.onResponseEndHandler (/home/ubuntu/apps/gotravel/node_modules/twitter-api-v2/dist/cjs/client-mixins/request-handler.helper.js:262:25)
    at Gunzip.emit (node:events:517:28)
    at endReadableNT (node:internal/streams/readable:1400:12)
    at process.processTicksAndRejections (node:internal/process/task_queues:82:21) {
  error: true,
  type: 'response',
  code: 429,
  headers: {
    date: 'Sun, 28 Sep 2025 06:00:02 GMT',
    'content-type': 'application/json; charset=utf-8',
    'content-length': '94',
    connection: 'close',
    'cf-ray': '986104a8480d4e70-IAD',
    'cf-cache-status': 'DYNAMIC',
    'cache-control': 'no-cache, no-store, max-age=0',
    'content-disposition': 'attachment; filename=json.json',
    'content-encoding': 'gzip',
    server: 'cloudflare',
    'x-xss-protection': '0',
    'strict-transport-security': 'max-age=631138519; includeSubdomains',
    vary: 'accept-encoding',
    'api-version': '2.150',
    'origin-cf-ray': '986104a850384e70-IAD',
    perf: '7402827104',
    'x-access-level': 'read',
    'x-connection-hash': '7f36f77bb7eeafd5ecdb76e4199de48a19970c14e06ee6c395ce9c9a6344950c',
    'x-content-type-options': 'nosniff',
    'x-frame-options': 'SAMEORIGIN',
    'x-rate-limit-limit': '1',
    'x-rate-limit-remaining': '0',
    'x-rate-limit-reset': '1759040102',
    'x-response-time': '10',
    'x-served-by': 'tsa_b',
    'x-transaction-id': '662dafc280a96206',
    'set-cookie': [
      'guest_id=v1%3A175903920263631831; SameSite=None; Secure; Path=/; Domain=twitter.com; Max-Age=34214400; Expires=Thu, 29 Oct 2026 06:00:02 GMT'
    ]
  },
  rateLimit: { limit: 1, remaining: 0, reset: 1759040102 },
  data: {
    title: 'Too Many Requests',
    detail: 'Too Many Requests',
    type: 'about:blank',
    status: 429
  }
}
Error fetching tweets: ApiResponseError: Request failed with code 429
    at RequestHandlerHelper.createResponseError (/home/ubuntu/apps/gotravel/node_modules/twitter-api-v2/dist/cjs/client-mixins/request-handler.helper.js:104:16)
    at RequestHandlerHelper.onResponseEndHandler (/home/ubuntu/apps/gotravel/node_modules/twitter-api-v2/dist/cjs/client-mixins/request-handler.helper.js:262:25)
    at Gunzip.emit (node:events:517:28)
    at endReadableNT (node:internal/streams/readable:1400:12)
    at process.processTicksAndRejections (node:internal/process/task_queues:82:21) {
  error: true,
  type: 'response',
  code: 429,
  headers: {
    date: 'Mon, 29 Sep 2025 06:00:02 GMT',
    'content-type': 'application/json; charset=utf-8',
    'content-length': '94',
    connection: 'close',
    'cf-ray': '98694208a8f144a6-IAD',
    'cf-cache-status': 'DYNAMIC',
    'cache-control': 'no-cache, no-store, max-age=0',
    'content-disposition': 'attachment; filename=json.json',
    'content-encoding': 'gzip',
    server: 'cloudflare',
    'x-xss-protection': '0',
    'strict-transport-security': 'max-age=631138519; includeSubdomains',
    vary: 'accept-encoding',
    'api-version': '2.150',
    'origin-cf-ray': '98694208b76f44a6-ATL',
    perf: '7402827104',
    'x-access-level': 'read',
    'x-connection-hash': 'da0058ed0ba4a1a2a13a0453b6f33c9df589ac2f6fdd2487c12f20dcb7537115',
    'x-content-type-options': 'nosniff',
    'x-frame-options': 'SAMEORIGIN',
    'x-rate-limit-limit': '1',
    'x-rate-limit-remaining': '0',
    'x-rate-limit-reset': '1759126502',
    'x-response-time': '14',
    'x-served-by': 'tsa_b',
    'x-transaction-id': '31fcad74e89ca4ba',
    'set-cookie': [
      'guest_id=v1%3A175912560269339605; SameSite=None; Secure; Path=/; Domain=twitter.com; Max-Age=34214400; Expires=Fri, 30 Oct 2026 06:00:02 GMT'
    ]
  },
  rateLimit: { limit: 1, remaining: 0, reset: 1759126502 },
  data: {
    title: 'Too Many Requests',
    detail: 'Too Many Requests',
    type: 'about:blank',
    status: 429
  }
}
Error fetching tweets: ApiResponseError: Request failed with code 429
    at RequestHandlerHelper.createResponseError (/home/ubuntu/apps/gotravel/node_modules/twitter-api-v2/dist/cjs/client-mixins/request-handler.helper.js:104:16)
    at RequestHandlerHelper.onResponseEndHandler (/home/ubuntu/apps/gotravel/node_modules/twitter-api-v2/dist/cjs/client-mixins/request-handler.helper.js:262:25)
    at Gunzip.emit (node:events:517:28)
    at endReadableNT (node:internal/streams/readable:1400:12)
    at process.processTicksAndRejections (node:internal/process/task_queues:82:21) {
  error: true,
  type: 'response',
  code: 429,
  headers: {
    date: 'Tue, 30 Sep 2025 06:00:01 GMT',
    'content-type': 'application/json; charset=utf-8',
    'content-length': '196',
    connection: 'close',
    perf: '7402827104',
    server: 'cloudflare tsa_b',
    'api-version': '2.150',
    'cache-control': 'no-cache, no-store, max-age=0',
    'x-access-level': 'read',
    'x-frame-options': 'SAMEORIGIN',
    'content-encoding': 'gzip',
    'x-transaction-id': '990a7090bb291dbf',
    'x-xss-protection': '0',
    'x-rate-limit-limit': '40000',
    'x-rate-limit-reset': '1759212901',
    'content-disposition': 'attachment; filename=json.json',
    'x-content-type-options': 'nosniff',
    'x-rate-limit-remaining': '39999',
    'strict-transport-security': 'max-age=631138519; includeSubdomains',
    'origin-cf-ray': '98717f61bcedd6cd-ATL',
    'x-served-by': 'tsa_b',
    'x-response-time': '19',
    'x-connection-hash': '5bf85a3db0cdcebff3531aadcfae8aa6378446ccde26a9adf9295016e469843b',
    vary: 'accept-encoding',
    'cf-cache-status': 'DYNAMIC',
    'set-cookie': [
      'guest_id=v1%3A175921200157585637; SameSite=None; Secure; Path=/; Domain=twitter.com; Max-Age=34214400; Expires=Sat, 31 Oct 2026 06:00:01 GMT'
    ],
    'cf-ray': '98717f61bcedd6cd-IAD'
  },
  rateLimit: { limit: 40000, remaining: 39999, reset: 1759212901 },
  data: {
    account_id: 1821227857097715700,
    product_name: 'standard-basic',
    title: 'UsageCapExceeded',
    period: 'Monthly',
    scope: 'Product',
    detail: 'Usage cap exceeded: Monthly product cap',
    type: 'https://api.twitter.com/2/problems/usage-capped'
  }
}
Error fetching tweets: ApiResponseError: Request failed with code 429
    at RequestHandlerHelper.createResponseError (/home/ubuntu/apps/gotravel/node_modules/twitter-api-v2/dist/cjs/client-mixins/request-handler.helper.js:104:16)
    at RequestHandlerHelper.onResponseEndHandler (/home/ubuntu/apps/gotravel/node_modules/twitter-api-v2/dist/cjs/client-mixins/request-handler.helper.js:262:25)
    at Gunzip.emit (node:events:517:28)
    at endReadableNT (node:internal/streams/readable:1400:12)
    at process.processTicksAndRejections (node:internal/process/task_queues:82:21) {
  error: true,
  type: 'response',
  code: 429,
  headers: {
    date: 'Wed, 01 Oct 2025 06:00:02 GMT',
    'content-type': 'application/json; charset=utf-8',
    'content-length': '94',
    connection: 'close',
    perf: '7402827104',
    server: 'cloudflare tsa_b',
    vary: 'accept-encoding',
    'api-version': '2.150',
    'cache-control': 'no-cache, no-store, max-age=0',
    'x-access-level': 'read',
    'x-frame-options': 'SAMEORIGIN',
    'content-encoding': 'gzip',
    'x-transaction-id': '50a1560d2a633522',
    'x-xss-protection': '0',
    'x-rate-limit-limit': '1',
    'x-rate-limit-reset': '1759299302',
    'content-disposition': 'attachment; filename=json.json',
    'x-content-type-options': 'nosniff',
    'x-rate-limit-remaining': '0',
    'strict-transport-security': 'max-age=631138519; includeSubdomains',
    'origin-cf-ray': '9879bcc5cf18c93f-IAD',
    'x-served-by': 'tsa_b',
    'x-response-time': '9',
    'x-connection-hash': '72a162fc3309e20738797722b5bc3bac68cd2d5dc867057557442714c5152e92',
    'cf-cache-status': 'DYNAMIC',
    'set-cookie': [
      'guest_id=v1%3A175929840222022049; SameSite=None; Secure; Path=/; Domain=twitter.com; Max-Age=34214400; Expires=Sun, 01 Nov 2026 06:00:02 GMT'
    ],
    'cf-ray': '9879bcc5cf18c93f-IAD'
  },
  rateLimit: { limit: 1, remaining: 0, reset: 1759299302 },
  data: {
    title: 'Too Many Requests',
    detail: 'Too Many Requests',
    type: 'about:blank',
    status: 429
  }
}
Error fetching tweets: ApiResponseError: Request failed with code 429
    at RequestHandlerHelper.createResponseError (/home/ubuntu/apps/gotravel/node_modules/twitter-api-v2/dist/cjs/client-mixins/request-handler.helper.js:104:16)
    at RequestHandlerHelper.onResponseEndHandler (/home/ubuntu/apps/gotravel/node_modules/twitter-api-v2/dist/cjs/client-mixins/request-handler.helper.js:262:25)
    at Gunzip.emit (node:events:517:28)
    at endReadableNT (node:internal/streams/readable:1400:12)
    at process.processTicksAndRejections (node:internal/process/task_queues:82:21) {
  error: true,
  type: 'response',
  code: 429,
  headers: {
    date: 'Thu, 02 Oct 2025 06:00:02 GMT',
    'content-type': 'application/json; charset=utf-8',
    'content-length': '94',
    connection: 'close',
    perf: '7402827104',
    server: 'cloudflare tsa_b',
    'api-version': '2.150',
    'cache-control': 'no-cache, no-store, max-age=0',
    'x-access-level': 'read',
    'x-frame-options': 'SAMEORIGIN',
    'content-encoding': 'gzip',
    'x-transaction-id': 'aed415c52a08b84e',
    'x-xss-protection': '0',
    'x-rate-limit-limit': '1',
    'x-rate-limit-reset': '1759385702',
    'content-disposition': 'attachment; filename=json.json',
    'x-content-type-options': 'nosniff',
    'x-rate-limit-remaining': '0',
    'strict-transport-security': 'max-age=631138519; includeSubdomains',
    'origin-cf-ray': '9881fa28ce1e7608-ATL',
    'x-served-by': 'tsa_b',
    'x-response-time': '11',
    'x-connection-hash': 'd0120116b4c7d09438d06f489e8841794db2877730ef9a1344fd518b03a64497',
    vary: 'accept-encoding',
    'cf-cache-status': 'DYNAMIC',
    'set-cookie': [
      'guest_id=v1%3A175938480270066758; SameSite=None; Secure; Path=/; Domain=twitter.com; Max-Age=34214400; Expires=Mon, 02 Nov 2026 06:00:02 GMT'
    ],
    'cf-ray': '9881fa28ce1e7608-IAD'
  },
  rateLimit: { limit: 1, remaining: 0, reset: 1759385702 },
  data: {
    title: 'Too Many Requests',
    detail: 'Too Many Requests',
    type: 'about:blank',
    status: 429
  }
}
Error fetching tweets: ApiResponseError: Request failed with code 429
    at RequestHandlerHelper.createResponseError (/home/ubuntu/apps/gotravel/node_modules/twitter-api-v2/dist/cjs/client-mixins/request-handler.helper.js:104:16)
    at RequestHandlerHelper.onResponseEndHandler (/home/ubuntu/apps/gotravel/node_modules/twitter-api-v2/dist/cjs/client-mixins/request-handler.helper.js:262:25)
    at Gunzip.emit (node:events:517:28)
    at endReadableNT (node:internal/streams/readable:1400:12)
    at process.processTicksAndRejections (node:internal/process/task_queues:82:21) {
  error: true,
  type: 'response',
  code: 429,
  headers: {
    date: 'Fri, 03 Oct 2025 06:00:02 GMT',
    'content-type': 'application/json; charset=utf-8',
    'content-length': '196',
    connection: 'close',
    perf: '7402827104',
    server: 'cloudflare tsa_b',
    'api-version': '2.150',
    'cache-control': 'no-cache, no-store, max-age=0',
    'x-access-level': 'read',
    'x-frame-options': 'SAMEORIGIN',
    'content-encoding': 'gzip',
    'x-transaction-id': '75c6ceaa55b11406',
    'x-xss-protection': '0',
    'x-rate-limit-limit': '40000',
    'x-rate-limit-reset': '1759472102',
    'content-disposition': 'attachment; filename=json.json',
    'x-content-type-options': 'nosniff',
    'x-rate-limit-remaining': '39999',
    'strict-transport-security': 'max-age=631138519; includeSubdomains',
    'origin-cf-ray': '988a3787df1407f5-ATL',
    'x-served-by': 'tsa_b',
    'x-response-time': '18',
    'x-connection-hash': '4d111a9b88080e2ef83804e3e6a5e66d7744a83869dd16e0e5f30d93eef4a0bc',
    vary: 'accept-encoding',
    'cf-cache-status': 'DYNAMIC',
    'set-cookie': [
      'guest_id=v1%3A175947120255334987; SameSite=None; Secure; Path=/; Domain=twitter.com; Max-Age=34214400; Expires=Tue, 03 Nov 2026 06:00:02 GMT'
    ],
    'cf-ray': '988a3787df1407f5-IAD'
  },
  rateLimit: { limit: 40000, remaining: 39999, reset: 1759472102 },
  data: {
    account_id: 1821227857097715700,
    product_name: 'standard-basic',
    title: 'UsageCapExceeded',
    period: 'Monthly',
    scope: 'Product',
    detail: 'Usage cap exceeded: Monthly product cap',
    type: 'https://api.twitter.com/2/problems/usage-capped'
  }
}
Error fetching tweets: ApiResponseError: Request failed with code 429
    at RequestHandlerHelper.createResponseError (/home/ubuntu/apps/gotravel/node_modules/twitter-api-v2/dist/cjs/client-mixins/request-handler.helper.js:104:16)
    at RequestHandlerHelper.onResponseEndHandler (/home/ubuntu/apps/gotravel/node_modules/twitter-api-v2/dist/cjs/client-mixins/request-handler.helper.js:262:25)
    at Gunzip.emit (node:events:517:28)
    at endReadableNT (node:internal/streams/readable:1400:12)
    at process.processTicksAndRejections (node:internal/process/task_queues:82:21) {
  error: true,
  type: 'response',
  code: 429,
  headers: {
    date: 'Sat, 04 Oct 2025 06:00:02 GMT',
    'content-type': 'application/json; charset=utf-8',
    'content-length': '94',
    connection: 'close',
    perf: '7402827104',
    server: 'cloudflare tsa_b',
    'api-version': '2.151',
    'cache-control': 'no-cache, no-store, max-age=0',
    'x-access-level': 'read',
    'x-frame-options': 'SAMEORIGIN',
    'content-encoding': 'gzip',
    'x-transaction-id': 'cc9279d4e3ab85b9',
    'x-xss-protection': '0',
    'x-rate-limit-limit': '1',
    'x-rate-limit-reset': '1759558502',
    'content-disposition': 'attachment; filename=json.json',
    'x-content-type-options': 'nosniff',
    'x-rate-limit-remaining': '0',
    'strict-transport-security': 'max-age=631138519; includeSubdomains',
    'origin-cf-ray': '989274e7fbffc97b-ATL',
    'x-served-by': 'tsa_b',
    'x-response-time': '10',
    'x-connection-hash': '7531c5b123fbe66abccb421049c764414dc88868ccb62c8a755017b245b68a24',
    vary: 'accept-encoding',
    'cf-cache-status': 'DYNAMIC',
    'set-cookie': [
      'guest_id=v1%3A175955760257401024; SameSite=None; Secure; Path=/; Domain=twitter.com; Max-Age=34214400; Expires=Wed, 04 Nov 2026 06:00:02 GMT'
    ],
    'cf-ray': '989274e7fbffc97b-IAD'
  },
  rateLimit: { limit: 1, remaining: 0, reset: 1759558502 },
  data: {
    title: 'Too Many Requests',
    detail: 'Too Many Requests',
    type: 'about:blank',
    status: 429
  }
}
Error fetching tweets: ApiResponseError: Request failed with code 429
    at RequestHandlerHelper.createResponseError (/home/ubuntu/apps/gotravel/node_modules/twitter-api-v2/dist/cjs/client-mixins/request-handler.helper.js:104:16)
    at RequestHandlerHelper.onResponseEndHandler (/home/ubuntu/apps/gotravel/node_modules/twitter-api-v2/dist/cjs/client-mixins/request-handler.helper.js:262:25)
    at Gunzip.emit (node:events:517:28)
    at endReadableNT (node:internal/streams/readable:1400:12)
    at process.processTicksAndRejections (node:internal/process/task_queues:82:21) {
  error: true,
  type: 'response',
  code: 429,
  headers: {
    date: 'Sun, 05 Oct 2025 06:00:03 GMT',
    'content-type': 'application/json; charset=utf-8',
    'content-length': '196',
    connection: 'close',
    perf: '7402827104',
    server: 'cloudflare tsa_b',
    'api-version': '2.151',
    'cache-control': 'no-cache, no-store, max-age=0',
    'x-access-level': 'read',
    'x-frame-options': 'SAMEORIGIN',
    'content-encoding': 'gzip',
    'x-transaction-id': 'af1b124c87304b2d',
    'x-xss-protection': '0',
    'x-rate-limit-limit': '40000',
    'x-rate-limit-reset': '1759644903',
    'content-disposition': 'attachment; filename=json.json',
    'x-content-type-options': 'nosniff',
    'x-rate-limit-remaining': '39999',
    'strict-transport-security': 'max-age=631138519; includeSubdomains',
    'origin-cf-ray': '989ab24fba03c130-ATL',
    'x-served-by': 'tsa_b',
    'x-response-time': '17',
    'x-connection-hash': '524696ebafa710a8c6c52e17129168f7b181bc093d9c09eafa52cc1566f46b48',
    vary: 'accept-encoding',
    'cf-cache-status': 'DYNAMIC',
    'set-cookie': [
      'guest_id=v1%3A175964400381457328; SameSite=None; Secure; Path=/; Domain=twitter.com; Max-Age=34214400; Expires=Thu, 05 Nov 2026 06:00:03 GMT'
    ],
    'cf-ray': '989ab24fba03c130-IAD'
  },
  rateLimit: { limit: 40000, remaining: 39999, reset: 1759644903 },
  data: {
    account_id: 1821227857097715700,
    product_name: 'standard-basic',
    title: 'UsageCapExceeded',
    period: 'Monthly',
    scope: 'Product',
    detail: 'Usage cap exceeded: Monthly product cap',
    type: 'https://api.twitter.com/2/problems/usage-capped'
  }
}
Error fetching tweets: ApiResponseError: Request failed with code 429
    at RequestHandlerHelper.createResponseError (/home/ubuntu/apps/gotravel/node_modules/twitter-api-v2/dist/cjs/client-mixins/request-handler.helper.js:104:16)
    at RequestHandlerHelper.onResponseEndHandler (/home/ubuntu/apps/gotravel/node_modules/twitter-api-v2/dist/cjs/client-mixins/request-handler.helper.js:262:25)
    at Gunzip.emit (node:events:517:28)
    at endReadableNT (node:internal/streams/readable:1400:12)
    at process.processTicksAndRejections (node:internal/process/task_queues:82:21) {
  error: true,
  type: 'response',
  code: 429,
  headers: {
    date: 'Mon, 06 Oct 2025 06:00:02 GMT',
    'content-type': 'application/json; charset=utf-8',
    'content-length': '196',
    connection: 'close',
    perf: '7402827104',
    server: 'cloudflare tsa_b',
    'api-version': '2.151',
    'cache-control': 'no-cache, no-store, max-age=0',
    'x-access-level': 'read',
    'x-frame-options': 'SAMEORIGIN',
    'content-encoding': 'gzip',
    'x-transaction-id': '498d731a41d066bf',
    'x-xss-protection': '0',
    'x-rate-limit-limit': '40000',
    'x-rate-limit-reset': '1759731302',
    'content-disposition': 'attachment; filename=json.json',
    'x-content-type-options': 'nosniff',
    'x-rate-limit-remaining': '39999',
    'strict-transport-security': 'max-age=631138519; includeSubdomains',
    'origin-cf-ray': '98a2efa689b1e5f8-ATL',
    'x-served-by': 'tsa_b',
    'x-response-time': '18',
    'x-connection-hash': '4d16eb94f748b10939b9c0f77e3b3243ad8683c44bd3a7807c5e523bd930df3d',
    vary: 'accept-encoding',
    'cf-cache-status': 'DYNAMIC',
    'set-cookie': [
      'guest_id=v1%3A175973040233906955; SameSite=None; Secure; Path=/; Domain=twitter.com; Max-Age=34214400; Expires=Fri, 06 Nov 2026 06:00:02 GMT'
    ],
    'cf-ray': '98a2efa689b1e5f8-IAD'
  },
  rateLimit: { limit: 40000, remaining: 39999, reset: 1759731302 },
  data: {
    account_id: 1821227857097715700,
    product_name: 'standard-basic',
    title: 'UsageCapExceeded',
    period: 'Monthly',
    scope: 'Product',
    detail: 'Usage cap exceeded: Monthly product cap',
    type: 'https://api.twitter.com/2/problems/usage-capped'
  }
}
Fetched 20 tweets, added 20 unique tweets.
Updated tweets file with 20 tweets.
Tweets saved to public/tweets.json
Attempting to clear remote tweet cache...
Clear cache status: 200
Clear cache headers: {"connection":["close"],"content-type":["application/json"],"date":["Tue, 07 Oct 2025 06:00:04 GMT"],"server":["nginx/1.18.0 (Ubuntu)"],"transfer-encoding":["chunked"],"vary":["RSC, Next-Router-State-Tree, Next-Router-Prefetch"]}
Clear cache response: {"message":"Cache cleared successfully"}
Remote tweet cache cleared successfully
Updating local cache indicator...
Local cache version updated to 61
Fetched 20 tweets, added 5 unique tweets.
Updated tweets file with 20 tweets.
Tweets saved to public/tweets.json
Attempting to clear remote tweet cache...
Clear cache status: 200
Clear cache headers: {"connection":["close"],"content-type":["application/json"],"date":["Wed, 08 Oct 2025 06:00:02 GMT"],"server":["nginx/1.18.0 (Ubuntu)"],"transfer-encoding":["chunked"],"vary":["RSC, Next-Router-State-Tree, Next-Router-Prefetch"]}
Clear cache response: {"message":"Cache cleared successfully"}
Remote tweet cache cleared successfully
Updating local cache indicator...
Local cache version updated to 62
Fetched 20 tweets, added 4 unique tweets.
Updated tweets file with 20 tweets.
Tweets saved to public/tweets.json
Attempting to clear remote tweet cache...
Clear cache status: 200
Clear cache headers: {"connection":["close"],"content-type":["application/json"],"date":["Thu, 09 Oct 2025 06:00:03 GMT"],"server":["nginx/1.18.0 (Ubuntu)"],"transfer-encoding":["chunked"],"vary":["RSC, Next-Router-State-Tree, Next-Router-Prefetch"]}
Clear cache response: {"message":"Cache cleared successfully"}
Remote tweet cache cleared successfully
Updating local cache indicator...
Local cache version updated to 63
Error fetching tweets: ApiResponseError: Request failed with code 429
    at RequestHandlerHelper.createResponseError (/home/ubuntu/apps/gotravel/node_modules/twitter-api-v2/dist/cjs/client-mixins/request-handler.helper.js:104:16)
    at RequestHandlerHelper.onResponseEndHandler (/home/ubuntu/apps/gotravel/node_modules/twitter-api-v2/dist/cjs/client-mixins/request-handler.helper.js:262:25)
    at Gunzip.emit (node:events:517:28)
    at endReadableNT (node:internal/streams/readable:1400:12)
    at process.processTicksAndRejections (node:internal/process/task_queues:82:21) {
  error: true,
  type: 'response',
  code: 429,
  headers: {
    date: 'Fri, 10 Oct 2025 06:00:03 GMT',
    'content-type': 'application/json; charset=utf-8',
    'content-length': '94',
    connection: 'close',
    perf: '7402827104',
    server: 'cloudflare tsa_b',
    'api-version': '2.151',
    'cache-control': 'no-cache, no-store, max-age=0',
    'x-access-level': 'read',
    'x-frame-options': 'SAMEORIGIN',
    'content-encoding': 'gzip',
    'x-transaction-id': 'e864975e1d0bf5ef',
    'x-xss-protection': '0',
    'x-rate-limit-limit': '1',
    'x-rate-limit-reset': '1760076903',
    'content-disposition': 'attachment; filename=json.json',
    'x-content-type-options': 'nosniff',
    'x-rate-limit-remaining': '0',
    'strict-transport-security': 'max-age=631138519; includeSubdomains',
    'origin-cf-ray': '98c3e52f5b24b8b1-CLT',
    'x-served-by': 'tsa_b',
    'x-response-time': '10',
    'x-connection-hash': '6915e065cd8c7bf1708106329c8902c4f0981c513bf3903fbe7f1f6bc7b78ba3',
    vary: 'accept-encoding',
    'cf-cache-status': 'DYNAMIC',
    'set-cookie': [
      'guest_id=v1%3A176007600375471375; SameSite=None; Secure; Path=/; Domain=twitter.com; Max-Age=34214400; Expires=Tue, 10 Nov 2026 06:00:03 GMT'
    ],
    'cf-ray': '98c3e52f5b24b8b1-IAD'
  },
  rateLimit: { limit: 1, remaining: 0, reset: 1760076903 },
  data: {
    title: 'Too Many Requests',
    detail: 'Too Many Requests',
    type: 'about:blank',
    status: 429
  }
}
Error fetching tweets: ApiResponseError: Request failed with code 429
    at RequestHandlerHelper.createResponseError (/home/ubuntu/apps/gotravel/node_modules/twitter-api-v2/dist/cjs/client-mixins/request-handler.helper.js:104:16)
    at RequestHandlerHelper.onResponseEndHandler (/home/ubuntu/apps/gotravel/node_modules/twitter-api-v2/dist/cjs/client-mixins/request-handler.helper.js:262:25)
    at Gunzip.emit (node:events:517:28)
    at endReadableNT (node:internal/streams/readable:1400:12)
    at process.processTicksAndRejections (node:internal/process/task_queues:82:21) {
  error: true,
  type: 'response',
  code: 429,
  headers: {
    date: 'Sat, 11 Oct 2025 06:00:03 GMT',
    'content-type': 'application/json; charset=utf-8',
    'content-length': '94',
    connection: 'close',
    perf: '7402827104',
    server: 'cloudflare tsa_b',
    vary: 'accept-encoding',
    'api-version': '2.151',
    'cache-control': 'no-cache, no-store, max-age=0',
    'x-access-level': 'read',
    'x-frame-options': 'SAMEORIGIN',
    'content-encoding': 'gzip',
    'x-transaction-id': 'df490788fa509f06',
    'x-xss-protection': '0',
    'x-rate-limit-limit': '1',
    'x-rate-limit-reset': '1760163303',
    'content-disposition': 'attachment; filename=json.json',
    'x-content-type-options': 'nosniff',
    'x-rate-limit-remaining': '0',
    'strict-transport-security': 'max-age=631138519; includeSubdomains',
    'origin-cf-ray': '98cc228f2ab1c9a7-IAD',
    'x-served-by': 'tsa_b',
    'x-response-time': '10',
    'x-connection-hash': '6a366fcaff2dd4cbce3b9687f8f26660c58b394aa6ac127d1839d17f0c6210ba',
    'cf-cache-status': 'DYNAMIC',
    'set-cookie': [
      'guest_id=v1%3A176016240371864482; SameSite=None; Secure; Path=/; Domain=twitter.com; Max-Age=34214400; Expires=Wed, 11 Nov 2026 06:00:03 GMT'
    ],
    'cf-ray': '98cc228f2ab1c9a7-IAD'
  },
  rateLimit: { limit: 1, remaining: 0, reset: 1760163303 },
  data: {
    title: 'Too Many Requests',
    detail: 'Too Many Requests',
    type: 'about:blank',
    status: 429
  }
}
Fetched 20 tweets, added 1 unique tweets.
Updated tweets file with 20 tweets.
Tweets saved to public/tweets.json
Attempting to clear remote tweet cache...
Clear cache status: 200
Clear cache headers: {"connection":["close"],"content-type":["application/json"],"date":["Sun, 12 Oct 2025 06:00:02 GMT"],"server":["nginx/1.18.0 (Ubuntu)"],"transfer-encoding":["chunked"],"vary":["RSC, Next-Router-State-Tree, Next-Router-Prefetch"]}
Clear cache response: {"message":"Cache cleared successfully"}
Remote tweet cache cleared successfully
Updating local cache indicator...
Local cache version updated to 66
Error fetching tweets: ApiResponseError: Request failed with code 429
    at RequestHandlerHelper.createResponseError (/home/ubuntu/apps/gotravel/node_modules/twitter-api-v2/dist/cjs/client-mixins/request-handler.helper.js:104:16)
    at RequestHandlerHelper.onResponseEndHandler (/home/ubuntu/apps/gotravel/node_modules/twitter-api-v2/dist/cjs/client-mixins/request-handler.helper.js:262:25)
    at Gunzip.emit (node:events:517:28)
    at endReadableNT (node:internal/streams/readable:1400:12)
    at process.processTicksAndRejections (node:internal/process/task_queues:82:21) {
  error: true,
  type: 'response',
  code: 429,
  headers: {
    date: 'Mon, 13 Oct 2025 06:00:03 GMT',
    'content-type': 'application/json; charset=utf-8',
    'content-length': '94',
    connection: 'close',
    perf: '7402827104',
    server: 'cloudflare tsa_b',
    vary: 'accept-encoding',
    'api-version': '2.151',
    'cache-control': 'no-cache, no-store, max-age=0',
    'x-access-level': 'read',
    'x-frame-options': 'SAMEORIGIN',
    'content-encoding': 'gzip',
    'x-transaction-id': '39f025d00af5fa51',
    'x-xss-protection': '0',
    'x-rate-limit-limit': '1',
    'x-rate-limit-reset': '1760336103',
    'content-disposition': 'attachment; filename=json.json',
    'x-content-type-options': 'nosniff',
    'x-rate-limit-remaining': '0',
    'strict-transport-security': 'max-age=631138519; includeSubdomains',
    'origin-cf-ray': '98dc9d4ebc2c0794-IAD',
    'x-served-by': 'tsa_b',
    'x-response-time': '18',
    'x-connection-hash': '72383bd7503d6eaac9e091412631d37290776ebfd2b0ff7605ac65eaef3f4ede',
    'cf-cache-status': 'DYNAMIC',
    'set-cookie': [
      'guest_id=v1%3A176033520365847865; SameSite=None; Secure; Path=/; Domain=twitter.com; Max-Age=34214400; Expires=Fri, 13 Nov 2026 06:00:03 GMT'
    ],
    'cf-ray': '98dc9d4ebc2c0794-IAD'
  },
  rateLimit: { limit: 1, remaining: 0, reset: 1760336103 },
  data: {
    title: 'Too Many Requests',
    detail: 'Too Many Requests',
    type: 'about:blank',
    status: 429
  }
}
Error fetching tweets: ApiResponseError: Request failed with code 429
    at RequestHandlerHelper.createResponseError (/home/ubuntu/apps/gotravel/node_modules/twitter-api-v2/dist/cjs/client-mixins/request-handler.helper.js:104:16)
    at RequestHandlerHelper.onResponseEndHandler (/home/ubuntu/apps/gotravel/node_modules/twitter-api-v2/dist/cjs/client-mixins/request-handler.helper.js:262:25)
    at Gunzip.emit (node:events:517:28)
    at endReadableNT (node:internal/streams/readable:1400:12)
    at process.processTicksAndRejections (node:internal/process/task_queues:82:21) {
  error: true,
  type: 'response',
  code: 429,
  headers: {
    date: 'Tue, 14 Oct 2025 06:00:02 GMT',
    'content-type': 'application/json; charset=utf-8',
    'content-length': '196',
    connection: 'close',
    perf: '7402827104',
    server: 'cloudflare tsa_b',
    vary: 'accept-encoding',
    'api-version': '2.151',
    'cache-control': 'no-cache, no-store, max-age=0',
    'x-access-level': 'read',
    'x-frame-options': 'SAMEORIGIN',
    'content-encoding': 'gzip',
    'x-transaction-id': '3bbf55052db93592',
    'x-xss-protection': '0',
    'x-rate-limit-limit': '40000',
    'x-rate-limit-reset': '1760422502',
    'content-disposition': 'attachment; filename=json.json',
    'x-content-type-options': 'nosniff',
    'x-rate-limit-remaining': '39999',
    'strict-transport-security': 'max-age=631138519; includeSubdomains',
    'origin-cf-ray': '98e4daa52fccd6bb-IAD',
    'x-served-by': 'tsa_b',
    'x-response-time': '19',
    'x-connection-hash': 'a09da178fe2575890d5cc252d13ca104625555fb59c2d5d1c7be832bc1266086',
    'cf-cache-status': 'DYNAMIC',
    'set-cookie': [
      'guest_id=v1%3A176042160213122137; SameSite=None; Secure; Path=/; Domain=twitter.com; Max-Age=34214400; Expires=Sat, 14 Nov 2026 06:00:02 GMT',
      '__cf_bm=2tiVHKoAWeqt69THMIwloUg1CFrNkN5EGYtzpEoOMfc-1760421602.1053078-1.0.1.1-E3hu4E1V.cbDg_7EudTneC.6GRhnOHL2tTnJzWGCYpDxyzw7weBtlP4TehZYu6xrxYcxt4hVLsNiNDcC46IcqAmEFMlqa.njlxoujlqpTuret5N.pY41WOwzO.4a2zCA; HttpOnly; Secure; Expires=Tue, 14 Oct 2025 06:30:02 GMT'
    ],
    'cf-ray': '98e4daa52fccd6bb-IAD'
  },
  rateLimit: { limit: 40000, remaining: 39999, reset: 1760422502 },
  data: {
    account_id: 1821227857097715700,
    product_name: 'standard-basic',
    title: 'UsageCapExceeded',
    period: 'Monthly',
    scope: 'Product',
    detail: 'Usage cap exceeded: Monthly product cap',
    type: 'https://api.twitter.com/2/problems/usage-capped'
  }
}
Error fetching tweets: ApiResponseError: Request failed with code 429
    at RequestHandlerHelper.createResponseError (/home/ubuntu/apps/gotravel/node_modules/twitter-api-v2/dist/cjs/client-mixins/request-handler.helper.js:104:16)
    at RequestHandlerHelper.onResponseEndHandler (/home/ubuntu/apps/gotravel/node_modules/twitter-api-v2/dist/cjs/client-mixins/request-handler.helper.js:262:25)
    at Gunzip.emit (node:events:517:28)
    at endReadableNT (node:internal/streams/readable:1400:12)
    at process.processTicksAndRejections (node:internal/process/task_queues:82:21) {
  error: true,
  type: 'response',
  code: 429,
  headers: {
    date: 'Wed, 15 Oct 2025 06:00:03 GMT',
    'content-type': 'application/json; charset=utf-8',
    'content-length': '196',
    connection: 'close',
    perf: '7402827104',
    server: 'cloudflare tsa_b',
    vary: 'accept-encoding',
    'api-version': '2.151',
    'cache-control': 'no-cache, no-store, max-age=0',
    'x-access-level': 'read',
    'x-frame-options': 'SAMEORIGIN',
    'content-encoding': 'gzip',
    'x-transaction-id': 'f55928b109175db7',
    'x-xss-protection': '0',
    'x-rate-limit-limit': '40000',
    'x-rate-limit-reset': '1760508903',
    'content-disposition': 'attachment; filename=json.json',
    'x-content-type-options': 'nosniff',
    'x-rate-limit-remaining': '39999',
    'strict-transport-security': 'max-age=631138519; includeSubdomains',
    'origin-cf-ray': '98ed180fcd29e5c3-IAD',
    'x-served-by': 'tsa_b',
    'x-response-time': '18',
    'x-connection-hash': '8e090953b6345574282a5a066681e1cbfdffb068a0b0b1112f01fe8e8f9ea5e2',
    'cf-cache-status': 'DYNAMIC',
    'set-cookie': [
      'guest_id=v1%3A176050800382008253; SameSite=None; Secure; Path=/; Domain=twitter.com; Max-Age=34214400; Expires=Sun, 15 Nov 2026 06:00:03 GMT',
      '__cf_bm=ix9GW0UvmnKRk.Ot0NOW5V7eQ3lotGrl0VPT8AiHzd4-1760508003.805437-1.0.1.1-_czIkK7tbnjhOb2TD8wsLWp586Bg4hkZpRpBGBG9D_gVQHew0bapGEKwuVs9ujsbARrUmnj7yORoets406Sxb6.pfhO0TCYaVdC5pmbKVd28A2oT1.69KNFSQpi8S.h.; HttpOnly; Secure; Path=/; Expires=Wed, 15 Oct 2025 06:30:03 GMT'
    ],
    'cf-ray': '98ed180fcd29e5c3-IAD'
  },
  rateLimit: { limit: 40000, remaining: 39999, reset: 1760508903 },
  data: {
    account_id: 1821227857097715700,
    product_name: 'standard-basic',
    title: 'UsageCapExceeded',
    period: 'Monthly',
    scope: 'Product',
    detail: 'Usage cap exceeded: Monthly product cap',
    type: 'https://api.twitter.com/2/problems/usage-capped'
  }
}
Error fetching tweets: ApiResponseError: Request failed with code 429
    at RequestHandlerHelper.createResponseError (/home/ubuntu/apps/gotravel/node_modules/twitter-api-v2/dist/cjs/client-mixins/request-handler.helper.js:104:16)
    at RequestHandlerHelper.onResponseEndHandler (/home/ubuntu/apps/gotravel/node_modules/twitter-api-v2/dist/cjs/client-mixins/request-handler.helper.js:262:25)
    at Gunzip.emit (node:events:517:28)
    at endReadableNT (node:internal/streams/readable:1400:12)
    at process.processTicksAndRejections (node:internal/process/task_queues:82:21) {
  error: true,
  type: 'response',
  code: 429,
  headers: {
    date: 'Thu, 16 Oct 2025 06:00:01 GMT',
    'content-type': 'application/json; charset=utf-8',
    'content-length': '196',
    connection: 'close',
    perf: '7402827104',
    server: 'cloudflare tsa_b',
    'api-version': '2.151',
    'cache-control': 'no-cache, no-store, max-age=0',
    'x-access-level': 'read',
    'x-frame-options': 'SAMEORIGIN',
    'content-encoding': 'gzip',
    'x-transaction-id': '4526cc8ff271a207',
    'x-xss-protection': '0',
    'x-rate-limit-limit': '40000',
    'x-rate-limit-reset': '1760595301',
    'content-disposition': 'attachment; filename=json.json',
    'x-content-type-options': 'nosniff',
    'x-rate-limit-remaining': '39998',
    'strict-transport-security': 'max-age=631138519; includeSubdomains',
    'origin-cf-ray': '98f55563a81b0611-ATL',
    'x-served-by': 'tsa_b',
    'x-response-time': '16',
    'x-connection-hash': '9a68ef5b23c241320af884502e552b3c42c74066f3c5f1eb9019066acd6c74ef',
    vary: 'accept-encoding',
    'cf-cache-status': 'DYNAMIC',
    'set-cookie': [
      'guest_id=v1%3A176059440189273137; SameSite=None; Secure; Path=/; Domain=twitter.com; Max-Age=34214400; Expires=Mon, 16 Nov 2026 06:00:01 GMT',
      '__cf_bm=9bsFRNU7V4KLAo8e.MvqU1zeUDhA4uu3LwusHt1P5so-1760594401.86705-1.0.1.1-N_FcFkJVCjVcO1es8FqfW0JPSE8rY0wzJCqbt9kRbi8FoY.dCpC8wO.wDk2I2v.pJw66Yg.OZcxf_piXlgqqUrdmbrbXmeq8x.pygtvnjlWLz_zjnNubxo4tbdJVAbf4; HttpOnly; Secure; Path=/; Expires=Thu, 16 Oct 2025 06:30:01 GMT'
    ],
    'cf-ray': '98f55563a81b0611-IAD'
  },
  rateLimit: { limit: 40000, remaining: 39998, reset: 1760595301 },
  data: {
    account_id: 1821227857097715700,
    product_name: 'standard-basic',
    title: 'UsageCapExceeded',
    period: 'Monthly',
    scope: 'Product',
    detail: 'Usage cap exceeded: Monthly product cap',
    type: 'https://api.twitter.com/2/problems/usage-capped'
  }
}
Error fetching tweets: ApiResponseError: Request failed with code 429
    at RequestHandlerHelper.createResponseError (/home/ubuntu/apps/gotravel/node_modules/twitter-api-v2/dist/cjs/client-mixins/request-handler.helper.js:104:16)
    at RequestHandlerHelper.onResponseEndHandler (/home/ubuntu/apps/gotravel/node_modules/twitter-api-v2/dist/cjs/client-mixins/request-handler.helper.js:262:25)
    at Gunzip.emit (node:events:517:28)
    at endReadableNT (node:internal/streams/readable:1400:12)
    at process.processTicksAndRejections (node:internal/process/task_queues:82:21) {
  error: true,
  type: 'response',
  code: 429,
  headers: {
    date: 'Fri, 17 Oct 2025 06:00:02 GMT',
    'content-type': 'application/json; charset=utf-8',
    'content-length': '94',
    connection: 'close',
    perf: '7402827104',
    server: 'cloudflare tsa_b',
    'api-version': '2.151',
    'cache-control': 'no-cache, no-store, max-age=0',
    'x-access-level': 'read',
    'x-frame-options': 'SAMEORIGIN',
    'content-encoding': 'gzip',
    'x-transaction-id': '38486778530c638f',
    'x-xss-protection': '0',
    'x-rate-limit-limit': '1',
    'x-rate-limit-reset': '1760681702',
    'content-disposition': 'attachment; filename=json.json',
    'x-content-type-options': 'nosniff',
    'x-rate-limit-remaining': '0',
    'strict-transport-security': 'max-age=631138519; includeSubdomains',
    'origin-cf-ray': '98fd92c95dee9bb5-ATL',
    'x-served-by': 'tsa_b',
    'x-response-time': '16',
    'x-connection-hash': 'c89720d1743679f3c82d4a7ccf9351b54a8c8a82c9a3988ef4933e0ed44b655b',
    vary: 'accept-encoding',
    'cf-cache-status': 'DYNAMIC',
    'set-cookie': [
      'guest_id=v1%3A176068080279330167; SameSite=None; Secure; Path=/; Domain=twitter.com; Max-Age=34214400; Expires=Tue, 17 Nov 2026 06:00:02 GMT',
      '__cf_bm=qPsX5XcNYHJzTNr2u08s6yXtyEoHLSwWGDoto3ceQf8-1760680802.7715437-1.0.1.1-CUIvc8ot77mz3aodsovGSwE95wFlbMQulXLRLYzZZV_D1UJd7G9wik1a3t.FMuqDiMn7CdCXh0ABnDnILJSVLPtJFHhYLC2J68ZIr.bRK_26IwD2LPRfICS.Khf8xLzR; HttpOnly; Secure; Path=/; Expires=Fri, 17 Oct 2025 06:30:02 GMT'
    ],
    'cf-ray': '98fd92c95dee9bb5-IAD'
  },
  rateLimit: { limit: 1, remaining: 0, reset: 1760681702 },
  data: {
    title: 'Too Many Requests',
    detail: 'Too Many Requests',
    type: 'about:blank',
    status: 429
  }
}
Error fetching tweets: ApiResponseError: Request failed with code 429
    at RequestHandlerHelper.createResponseError (/home/ubuntu/apps/gotravel/node_modules/twitter-api-v2/dist/cjs/client-mixins/request-handler.helper.js:104:16)
    at RequestHandlerHelper.onResponseEndHandler (/home/ubuntu/apps/gotravel/node_modules/twitter-api-v2/dist/cjs/client-mixins/request-handler.helper.js:262:25)
    at Gunzip.emit (node:events:517:28)
    at endReadableNT (node:internal/streams/readable:1400:12)
    at process.processTicksAndRejections (node:internal/process/task_queues:82:21) {
  error: true,
  type: 'response',
  code: 429,
  headers: {
    date: 'Sat, 18 Oct 2025 06:00:01 GMT',
    'content-type': 'application/json; charset=utf-8',
    'content-length': '94',
    connection: 'close',
    perf: '7402827104',
    server: 'cloudflare tsa_b',
    'api-version': '2.152',
    'cache-control': 'no-cache, no-store, max-age=0',
    'x-access-level': 'read',
    'x-frame-options': 'SAMEORIGIN',
    'content-encoding': 'gzip',
    'x-transaction-id': '768e91b7370993f8',
    'x-xss-protection': '0',
    'x-rate-limit-limit': '1',
    'x-rate-limit-reset': '1760768101',
    'content-disposition': 'attachment; filename=json.json',
    'x-content-type-options': 'nosniff',
    'x-rate-limit-remaining': '0',
    'strict-transport-security': 'max-age=631138519; includeSubdomains',
    'origin-cf-ray': '9905d0220ee69c79-ATL',
    'x-served-by': 'tsa_b',
    'x-response-time': '14',
    'x-connection-hash': '6ec6c9033e7e7e7d28b69fab07f7a45ab5a9997c3da8abcb047fdae9a93a6192',
    vary: 'accept-encoding',
    'cf-cache-status': 'DYNAMIC',
    'set-cookie': [
      'guest_id=v1%3A176076720162658777; SameSite=None; Secure; Path=/; Domain=twitter.com; Max-Age=34214400; Expires=Wed, 18 Nov 2026 06:00:01 GMT',
      '__cf_bm=3UT3kzOwWgHWSE0DYY7UXhF2aqhCYAlZKojE.WsK9t8-1760767201.6057837-1.0.1.1-QI9GbOLlMBLgsZ_4mPoKqZf5PNgXOHBpRjO4UzhfkGP4tMUsd5m1btxzMkc3DRZgunHOsGQGSCCJv7Nt3j25k7plIUWsfcQDxtnKiMlVX.OnF9RtxZWBvjI8wTP.d6QD; HttpOnly; Secure; Path=/; Expires=Sat, 18 Oct 2025 06:30:01 GMT'
    ],
    'cf-ray': '9905d0220ee69c79-IAD'
  },
  rateLimit: { limit: 1, remaining: 0, reset: 1760768101 },
  data: {
    title: 'Too Many Requests',
    detail: 'Too Many Requests',
    type: 'about:blank',
    status: 429
  }
}
Error fetching tweets: ApiResponseError: Request failed with code 429
    at RequestHandlerHelper.createResponseError (/home/ubuntu/apps/gotravel/node_modules/twitter-api-v2/dist/cjs/client-mixins/request-handler.helper.js:104:16)
    at RequestHandlerHelper.onResponseEndHandler (/home/ubuntu/apps/gotravel/node_modules/twitter-api-v2/dist/cjs/client-mixins/request-handler.helper.js:262:25)
    at Gunzip.emit (node:events:517:28)
    at endReadableNT (node:internal/streams/readable:1400:12)
    at process.processTicksAndRejections (node:internal/process/task_queues:82:21) {
  error: true,
  type: 'response',
  code: 429,
  headers: {
    date: 'Sun, 19 Oct 2025 06:00:03 GMT',
    'content-type': 'application/json; charset=utf-8',
    'content-length': '94',
    connection: 'close',
    perf: '7402827104',
    server: 'cloudflare tsa_b',
    'api-version': '2.152',
    'cache-control': 'no-cache, no-store, max-age=0',
    'x-access-level': 'read',
    'x-frame-options': 'SAMEORIGIN',
    'content-encoding': 'gzip',
    'x-transaction-id': 'c8054fccc8c3c4ec',
    'x-xss-protection': '0',
    'x-rate-limit-limit': '1',
    'x-rate-limit-reset': '1760854503',
    'content-disposition': 'attachment; filename=json.json',
    'x-content-type-options': 'nosniff',
    'x-rate-limit-remaining': '0',
    'strict-transport-security': 'max-age=631138519; includeSubdomains',
    'origin-cf-ray': '990e0d8bdf18dda7-ATL',
    'x-served-by': 'tsa_b',
    'x-response-time': '11',
    'x-connection-hash': 'cd9fce46d77c17fe8eaa57b59dc5966367e70e26c519ea1e61321edcab19ba7b',
    vary: 'accept-encoding',
    'cf-cache-status': 'DYNAMIC',
    'set-cookie': [
      'guest_id=v1%3A176085360319602253; SameSite=None; Secure; Path=/; Domain=twitter.com; Max-Age=34214400; Expires=Thu, 19 Nov 2026 06:00:03 GMT',
      '__cf_bm=GQt3c9SB01tskv6DM.lCHP8Bxrp5Xf1dM_IDWppVYEE-1760853603.1756227-1.0.1.1-FT4lCNwjhl81HGbOmPhGKp3v3rbSAES0k56GdZRSYDcwWDyNJeC4XGIBXarWLqMg3.vO2EuKnTpIuFU9SF5I5KLEtb2xz9wehc1OH5PgcD1XDEe99XUWpGztdwaOE2Ts; HttpOnly; Secure; Path=/; Expires=Sun, 19 Oct 2025 06:30:03 GMT'
    ],
    'cf-ray': '990e0d8bdf18dda7-IAD'
  },
  rateLimit: { limit: 1, remaining: 0, reset: 1760854503 },
  data: {
    title: 'Too Many Requests',
    detail: 'Too Many Requests',
    type: 'about:blank',
    status: 429
  }
}
Error fetching tweets: ApiResponseError: Request failed with code 429
    at RequestHandlerHelper.createResponseError (/home/ubuntu/apps/gotravel/node_modules/twitter-api-v2/dist/cjs/client-mixins/request-handler.helper.js:104:16)
    at RequestHandlerHelper.onResponseEndHandler (/home/ubuntu/apps/gotravel/node_modules/twitter-api-v2/dist/cjs/client-mixins/request-handler.helper.js:262:25)
    at Gunzip.emit (node:events:517:28)
    at endReadableNT (node:internal/streams/readable:1400:12)
    at process.processTicksAndRejections (node:internal/process/task_queues:82:21) {
  error: true,
  type: 'response',
  code: 429,
  headers: {
    date: 'Mon, 20 Oct 2025 06:00:02 GMT',
    'content-type': 'application/json; charset=utf-8',
    'content-length': '196',
    connection: 'close',
    perf: '7402827104',
    server: 'cloudflare tsa_b',
    'api-version': '2.152',
    'cache-control': 'no-cache, no-store, max-age=0',
    'x-access-level': 'read',
    'x-frame-options': 'SAMEORIGIN',
    'content-encoding': 'gzip',
    'x-transaction-id': 'f36fc7fa95374e04',
    'x-xss-protection': '0',
    'x-rate-limit-limit': '40000',
    'x-rate-limit-reset': '1760940902',
    'content-disposition': 'attachment; filename=json.json',
    'x-content-type-options': 'nosniff',
    'x-rate-limit-remaining': '39999',
    'strict-transport-security': 'max-age=631138519; includeSubdomains',
    'origin-cf-ray': '99164ae7aa6b82e6-ATL',
    'x-served-by': 'tsa_b',
    'x-response-time': '19',
    'x-connection-hash': '05706990d50166de296bfda39f5f7b6630335f26f5d7ff2962b236d18452ab4c',
    vary: 'accept-encoding',
    'cf-cache-status': 'DYNAMIC',
    'set-cookie': [
      'guest_id=v1%3A176094000252497801; SameSite=None; Secure; Path=/; Domain=twitter.com; Max-Age=34214400; Expires=Fri, 20 Nov 2026 06:00:02 GMT',
      '__cf_bm=dkWBR1h3LnDr0CD.W146KdCmyFul7NIOg9jZzq5dlEA-1760940002.5063941-1.0.1.1-A6K10PEPauuQhy8MIyP3Tmx7x2qhrhClSO5_TUu282kkkoG3WWx1ThMbq.3qHXcyJ_xkoUwJ1DECxFX5MXnImYaLKAnqlD3qj7bN9uQkjLNMPmgqGiSXLeeFRp8Xrptp; HttpOnly; Secure; Path=/; Expires=Mon, 20 Oct 2025 06:30:02 GMT'
    ],
    'cf-ray': '99164ae7aa6b82e6-IAD'
  },
  rateLimit: { limit: 40000, remaining: 39999, reset: 1760940902 },
  data: {
    account_id: 1821227857097715700,
    product_name: 'standard-basic',
    title: 'UsageCapExceeded',
    period: 'Monthly',
    scope: 'Product',
    detail: 'Usage cap exceeded: Monthly product cap',
    type: 'https://api.twitter.com/2/problems/usage-capped'
  }
}
Error fetching tweets: ApiResponseError: Request failed with code 429
    at RequestHandlerHelper.createResponseError (/home/ubuntu/apps/gotravel/node_modules/twitter-api-v2/dist/cjs/client-mixins/request-handler.helper.js:104:16)
    at RequestHandlerHelper.onResponseEndHandler (/home/ubuntu/apps/gotravel/node_modules/twitter-api-v2/dist/cjs/client-mixins/request-handler.helper.js:262:25)
    at Gunzip.emit (node:events:517:28)
    at endReadableNT (node:internal/streams/readable:1400:12)
    at process.processTicksAndRejections (node:internal/process/task_queues:82:21) {
  error: true,
  type: 'response',
  code: 429,
  headers: {
    date: 'Tue, 21 Oct 2025 06:00:02 GMT',
    'content-type': 'application/json; charset=utf-8',
    'content-length': '196',
    connection: 'close',
    perf: '7402827104',
    server: 'cloudflare tsa_b',
    vary: 'accept-encoding',
    'api-version': '2.152',
    'cache-control': 'no-cache, no-store, max-age=0',
    'x-access-level': 'read',
    'x-frame-options': 'SAMEORIGIN',
    'content-encoding': 'gzip',
    'x-transaction-id': '13ceab18660c758c',
    'x-xss-protection': '0',
    'x-rate-limit-limit': '40000',
    'x-rate-limit-reset': '1761027302',
    'content-disposition': 'attachment; filename=json.json',
    'x-content-type-options': 'nosniff',
    'x-rate-limit-remaining': '39999',
    'strict-transport-security': 'max-age=631138519; includeSubdomains',
    'origin-cf-ray': '991e884a0fa1c5ba-IAD',
    'x-served-by': 'tsa_b',
    'x-response-time': '62',
    'x-connection-hash': 'cc40312f0d4b935bdefda6a59cc94263176db80889de1360089a7ac408b386dd',
    'cf-cache-status': 'DYNAMIC',
    'set-cookie': [
      'guest_id=v1%3A176102640294690715; SameSite=None; Secure; Path=/; Domain=twitter.com; Max-Age=34214400; Expires=Sat, 21 Nov 2026 06:00:02 GMT',
      '__cf_bm=biUPyKHUmgt.YivLNI3S2adN_JdRSo6XKk0xSnphugk-1761026402.8871586-1.0.1.1-nYp6_d1B72XYyQBVSEKLy3rW8.R.GcMbAzbrtuhNxvEyU6MwjkHH5LdgYi8MtTzXFonR8J7UgW2rV67_SCpNYdl_J6QuemQwxPvFAs_V0o.pnOwGzD6wZlT1BXdvsLkv; HttpOnly; Secure; Path=/; Expires=Tue, 21 Oct 2025 06:30:02 GMT'
    ],
    'cf-ray': '991e884a0fa1c5ba-IAD'
  },
  rateLimit: { limit: 40000, remaining: 39999, reset: 1761027302 },
  data: {
    account_id: 1821227857097715700,
    product_name: 'standard-basic',
    title: 'UsageCapExceeded',
    period: 'Monthly',
    scope: 'Product',
    detail: 'Usage cap exceeded: Monthly product cap',
    type: 'https://api.twitter.com/2/problems/usage-capped'
  }
}
Error fetching tweets: ApiResponseError: Request failed with code 429
    at RequestHandlerHelper.createResponseError (/home/ubuntu/apps/gotravel/node_modules/twitter-api-v2/dist/cjs/client-mixins/request-handler.helper.js:104:16)
    at RequestHandlerHelper.onResponseEndHandler (/home/ubuntu/apps/gotravel/node_modules/twitter-api-v2/dist/cjs/client-mixins/request-handler.helper.js:262:25)
    at Gunzip.emit (node:events:517:28)
    at endReadableNT (node:internal/streams/readable:1400:12)
    at process.processTicksAndRejections (node:internal/process/task_queues:82:21) {
  error: true,
  type: 'response',
  code: 429,
  headers: {
    date: 'Wed, 22 Oct 2025 06:00:03 GMT',
    'content-type': 'application/json; charset=utf-8',
    'content-length': '94',
    connection: 'close',
    perf: '7402827104',
    server: 'cloudflare tsa_b',
    vary: 'accept-encoding',
    'api-version': '2.152',
    'cache-control': 'no-cache, no-store, max-age=0',
    'x-access-level': 'read',
    'x-frame-options': 'SAMEORIGIN',
    'content-encoding': 'gzip',
    'x-transaction-id': '07a2e891d5d1c02d',
    'x-xss-protection': '0',
    'x-rate-limit-limit': '1',
    'x-rate-limit-reset': '1761113703',
    'content-disposition': 'attachment; filename=json.json',
    'x-content-type-options': 'nosniff',
    'x-rate-limit-remaining': '0',
    'strict-transport-security': 'max-age=631138519; includeSubdomains',
    'origin-cf-ray': '9926c5ab884b90ac-IAD',
    'x-served-by': 'tsa_b',
    'x-response-time': '9',
    'x-connection-hash': 'e619040a1f5ad0af84037bbfb878056606a9655dafc9479709aef53b41187686',
    'cf-cache-status': 'DYNAMIC',
    'set-cookie': [
      'guest_id=v1%3A176111280314838665; SameSite=None; Secure; Path=/; Domain=twitter.com; Max-Age=34214400; Expires=Sun, 22 Nov 2026 06:00:03 GMT',
      '__cf_bm=5clGrlhXnvhQZKR07TTvR.yuwnxuZBNGVsFbyODM0Cg-1761112803.1225762-1.0.1.1-CJfHR_lpsYU9a8UUmhyk2o32e9YvWDrOU2P8UVDKVdEqfBFyxHuDuOYiNX8MDrqssCckStEhMOnblrrGJqj5OTW3qSbLSFKMk5TaiC2HQytERuq4AdDzMVUTUMpzxXet; HttpOnly; Secure; Path=/; Expires=Wed, 22 Oct 2025 06:30:03 GMT'
    ],
    'cf-ray': '9926c5ab884b90ac-IAD'
  },
  rateLimit: { limit: 1, remaining: 0, reset: 1761113703 },
  data: {
    title: 'Too Many Requests',
    detail: 'Too Many Requests',
    type: 'about:blank',
    status: 429
  }
}
Error fetching tweets: ApiResponseError: Request failed with code 429
    at RequestHandlerHelper.createResponseError (/home/ubuntu/apps/gotravel/node_modules/twitter-api-v2/dist/cjs/client-mixins/request-handler.helper.js:104:16)
    at RequestHandlerHelper.onResponseEndHandler (/home/ubuntu/apps/gotravel/node_modules/twitter-api-v2/dist/cjs/client-mixins/request-handler.helper.js:262:25)
    at Gunzip.emit (node:events:517:28)
    at endReadableNT (node:internal/streams/readable:1400:12)
    at process.processTicksAndRejections (node:internal/process/task_queues:82:21) {
  error: true,
  type: 'response',
  code: 429,
  headers: {
    date: 'Thu, 23 Oct 2025 06:00:02 GMT',
    'content-type': 'application/json; charset=utf-8',
    'content-length': '94',
    connection: 'close',
    perf: '7402827104',
    server: 'cloudflare tsa_b',
    vary: 'accept-encoding',
    'api-version': '2.152',
    'cache-control': 'no-cache, no-store, max-age=0',
    'x-access-level': 'read',
    'x-frame-options': 'SAMEORIGIN',
    'content-encoding': 'gzip',
    'x-transaction-id': '6bf24e92df08664b',
    'x-xss-protection': '0',
    'x-rate-limit-limit': '1',
    'x-rate-limit-reset': '1761200102',
    'content-disposition': 'attachment; filename=json.json',
    'x-content-type-options': 'nosniff',
    'x-rate-limit-remaining': '0',
    'strict-transport-security': 'max-age=631138519; includeSubdomains',
    'origin-cf-ray': '992f03079bb07d61-IAD',
    'x-served-by': 'tsa_b',
    'x-response-time': '11',
    'x-connection-hash': 'ebe950fbab1a4846c7b0c79c85396307de5c2c783835021d121bfdf65b92b47d',
    'cf-cache-status': 'DYNAMIC',
    'set-cookie': [
      'guest_id=v1%3A176119920252144863; SameSite=None; Secure; Path=/; Domain=twitter.com; Max-Age=34214400; Expires=Mon, 23 Nov 2026 06:00:02 GMT',
      '__cf_bm=fM5v7TThTr3j8vjmxRwH4IkjOg0EFKAqLiwQZ5eo7gc-1761199202.4987836-1.0.1.1-VZYqnnLnHevFtf3AsBaBqk3JUxNNA4h4PY9FUaLi0.wf0H10cgh.RvOFBsOfiyMIGg3RPL5ZPNVWDxFu8blRE40o6Ee86wrE1R.1To2zJYFf6u9kUCXBCSenIYQSuDE0; HttpOnly; Secure; Path=/; Expires=Thu, 23 Oct 2025 06:30:02 GMT'
    ],
    'cf-ray': '992f03079bb07d61-IAD'
  },
  rateLimit: { limit: 1, remaining: 0, reset: 1761200102 },
  data: {
    title: 'Too Many Requests',
    detail: 'Too Many Requests',
    type: 'about:blank',
    status: 429
  }
}
Error fetching tweets: ApiResponseError: Request failed with code 429
    at RequestHandlerHelper.createResponseError (/home/ubuntu/apps/gotravel/node_modules/twitter-api-v2/dist/cjs/client-mixins/request-handler.helper.js:104:16)
    at RequestHandlerHelper.onResponseEndHandler (/home/ubuntu/apps/gotravel/node_modules/twitter-api-v2/dist/cjs/client-mixins/request-handler.helper.js:262:25)
    at Gunzip.emit (node:events:517:28)
    at endReadableNT (node:internal/streams/readable:1400:12)
    at process.processTicksAndRejections (node:internal/process/task_queues:82:21) {
  error: true,
  type: 'response',
  code: 429,
  headers: {
    date: 'Fri, 24 Oct 2025 06:00:02 GMT',
    'content-type': 'application/json; charset=utf-8',
    'content-length': '196',
    connection: 'close',
    perf: '7402827104',
    server: 'cloudflare envoy',
    vary: 'accept-encoding',
    'api-version': '2.152',
    'cache-control': 'no-cache, no-store, max-age=0',
    'x-access-level': 'read',
    'x-frame-options': 'SAMEORIGIN',
    'content-encoding': 'gzip',
    'x-transaction-id': '1db839a160c51184',
    'x-xss-protection': '0',
    'x-rate-limit-limit': '40000',
    'x-rate-limit-reset': '1761286502',
    'content-disposition': 'attachment; filename=json.json',
    'x-content-type-options': 'nosniff',
    'x-rate-limit-remaining': '39999',
    'x-response-time': '19',
    'origin-cf-ray': '9937406789900813-IAD',
    'strict-transport-security': 'max-age=631138519; includeSubdomains',
    'x-served-by': 't4_a',
    'cf-cache-status': 'DYNAMIC',
    'set-cookie': [
      'guest_id=v1%3A176128560250806676; SameSite=None; Secure; Path=/; Domain=twitter.com; Max-Age=34214400; Expires=Tue, 24 Nov 2026 06:00:02 GMT',
      '__cf_bm=skPPvwj1HDurjSqIGY0Coua9is2ZzpoKEoUQaIQP134-1761285602.4883919-1.0.1.1-RvFo5qWaw9rXnKuGzG_IwCUZjKMJVOmwHNoQHaJQHh.7hSlbaoLhs_Xo19IAS9jT.1w_nNMXaapDbywGYK_Eqq0H0kqyGPXzFEha_PWeMn2jrSr4_50KK6eeeO4zwAzC; HttpOnly; Secure; Path=/; Expires=Fri, 24 Oct 2025 06:30:02 GMT'
    ],
    'cf-ray': '9937406789900813-IAD'
  },
  rateLimit: { limit: 40000, remaining: 39999, reset: 1761286502 },
  data: {
    account_id: 1821227857097715700,
    product_name: 'standard-basic',
    title: 'UsageCapExceeded',
    period: 'Monthly',
    scope: 'Product',
    detail: 'Usage cap exceeded: Monthly product cap',
    type: 'https://api.twitter.com/2/problems/usage-capped'
  }
}
Error fetching tweets: ApiResponseError: Request failed with code 429
    at RequestHandlerHelper.createResponseError (/home/ubuntu/apps/gotravel/node_modules/twitter-api-v2/dist/cjs/client-mixins/request-handler.helper.js:104:16)
    at RequestHandlerHelper.onResponseEndHandler (/home/ubuntu/apps/gotravel/node_modules/twitter-api-v2/dist/cjs/client-mixins/request-handler.helper.js:262:25)
    at Gunzip.emit (node:events:517:28)
    at endReadableNT (node:internal/streams/readable:1400:12)
    at process.processTicksAndRejections (node:internal/process/task_queues:82:21) {
  error: true,
  type: 'response',
  code: 429,
  headers: {
    date: 'Sat, 25 Oct 2025 06:00:01 GMT',
    'content-type': 'application/json; charset=utf-8',
    'content-length': '196',
    connection: 'close',
    perf: '7402827104',
    server: 'cloudflare envoy',
    'api-version': '2.152',
    'cache-control': 'no-cache, no-store, max-age=0',
    'x-access-level': 'read',
    'x-frame-options': 'SAMEORIGIN',
    'content-encoding': 'gzip',
    'x-transaction-id': 'b4cad9a1a7bc7e3d',
    'x-xss-protection': '0',
    'x-rate-limit-limit': '40000',
    'x-rate-limit-reset': '1761372901',
    'content-disposition': 'attachment; filename=json.json',
    'x-content-type-options': 'nosniff',
    'x-rate-limit-remaining': '39999',
    'x-response-time': '21',
    'origin-cf-ray': '993f7dc27ffa81f1-ATL',
    'strict-transport-security': 'max-age=631138519; includeSubdomains',
    'x-served-by': 't4_a',
    vary: 'accept-encoding',
    'cf-cache-status': 'DYNAMIC',
    'set-cookie': [
      'guest_id=v1%3A176137200170051153; SameSite=None; Secure; Path=/; Domain=twitter.com; Max-Age=34214400; Expires=Wed, 25 Nov 2026 06:00:01 GMT',
      '__cf_bm=wGYwi._n64AU3Ww6j1ywQUUdTrMEQy1Hy3QxT0HjliQ-1761372001.6798081-1.0.1.1-N_yUnx8tSGjK6Ehz9WPgjRFq_xh_rW0nXNX_kx9gI0gElx7Yg7y7ssojSeoIrdUAD0xQqRhYlJ2iAnv8ZTZstPGFoc8dukMA.hiveDOSEsq0SnS0Xp3_zBWDm8A1WoW3; HttpOnly; Secure; Path=/; Expires=Sat, 25 Oct 2025 06:30:01 GMT'
    ],
    'cf-ray': '993f7dc27ffa81f1-IAD'
  },
  rateLimit: { limit: 40000, remaining: 39999, reset: 1761372901 },
  data: {
    account_id: 1821227857097715700,
    product_name: 'standard-basic',
    title: 'UsageCapExceeded',
    period: 'Monthly',
    scope: 'Product',
    detail: 'Usage cap exceeded: Monthly product cap',
    type: 'https://api.twitter.com/2/problems/usage-capped'
  }
}
Error fetching tweets: ApiResponseError: Request failed with code 429
    at RequestHandlerHelper.createResponseError (/home/ubuntu/apps/gotravel/node_modules/twitter-api-v2/dist/cjs/client-mixins/request-handler.helper.js:104:16)
    at RequestHandlerHelper.onResponseEndHandler (/home/ubuntu/apps/gotravel/node_modules/twitter-api-v2/dist/cjs/client-mixins/request-handler.helper.js:262:25)
    at Gunzip.emit (node:events:517:28)
    at endReadableNT (node:internal/streams/readable:1400:12)
    at process.processTicksAndRejections (node:internal/process/task_queues:82:21) {
  error: true,
  type: 'response',
  code: 429,
  headers: {
    date: 'Sun, 26 Oct 2025 06:00:02 GMT',
    'content-type': 'application/json; charset=utf-8',
    'content-length': '94',
    connection: 'close',
    perf: '7402827104',
    server: 'cloudflare envoy',
    'api-version': '2.152',
    'cache-control': 'no-cache, no-store, max-age=0',
    'x-access-level': 'read',
    'x-frame-options': 'SAMEORIGIN',
    'content-encoding': 'gzip',
    'x-transaction-id': '356da40568a0f86e',
    'x-xss-protection': '0',
    'x-rate-limit-limit': '1',
    'x-rate-limit-reset': '1761459302',
    'content-disposition': 'attachment; filename=json.json',
    'x-content-type-options': 'nosniff',
    'x-rate-limit-remaining': '0',
    'x-response-time': '12',
    'origin-cf-ray': '9947bb281cfef685-ATL',
    'strict-transport-security': 'max-age=631138519; includeSubdomains',
    'x-served-by': 't4_a',
    vary: 'accept-encoding',
    'cf-cache-status': 'DYNAMIC',
    'set-cookie': [
      'guest_id=v1%3A176145840259411763; SameSite=None; Secure; Path=/; Domain=twitter.com; Max-Age=34214400; Expires=Thu, 26 Nov 2026 06:00:02 GMT',
      '__cf_bm=F.1EHAyFQPEKmm1NIJzciPEF22_rFusAZ2B9mkvMg54-1761458402.5739162-1.0.1.1-894hiNoaAWXxRipFMqVqi5usjkkSqx1a8xBA3pAUA_r40cjTOdND_wJhUqxwDSbNJ2.cKOaRdMKkyKb96J0Kew3BBo7QJmxJ9aXBxX5LUCZUMChtwxwhwH.0ziaagyxV; HttpOnly; Secure; Path=/; Expires=Sun, 26 Oct 2025 06:30:02 GMT'
    ],
    'cf-ray': '9947bb281cfef685-IAD'
  },
  rateLimit: { limit: 1, remaining: 0, reset: 1761459302 },
  data: {
    title: 'Too Many Requests',
    detail: 'Too Many Requests',
    type: 'about:blank',
    status: 429
  }
}
Error fetching tweets: ApiResponseError: Request failed with code 429
    at RequestHandlerHelper.createResponseError (/home/ubuntu/apps/gotravel/node_modules/twitter-api-v2/dist/cjs/client-mixins/request-handler.helper.js:104:16)
    at RequestHandlerHelper.onResponseEndHandler (/home/ubuntu/apps/gotravel/node_modules/twitter-api-v2/dist/cjs/client-mixins/request-handler.helper.js:262:25)
    at Gunzip.emit (node:events:517:28)
    at endReadableNT (node:internal/streams/readable:1400:12)
    at process.processTicksAndRejections (node:internal/process/task_queues:82:21) {
  error: true,
  type: 'response',
  code: 429,
  headers: {
    date: 'Mon, 27 Oct 2025 06:00:02 GMT',
    'content-type': 'application/json; charset=utf-8',
    'content-length': '196',
    connection: 'close',
    perf: '7402827104',
    server: 'cloudflare envoy',
    'api-version': '2.152',
    'cache-control': 'no-cache, no-store, max-age=0',
    'x-access-level': 'read',
    'x-frame-options': 'SAMEORIGIN',
    'content-encoding': 'gzip',
    'x-transaction-id': 'c5bf268b9d8d4b78',
    'x-xss-protection': '0',
    'x-rate-limit-limit': '40000',
    'x-rate-limit-reset': '1761545702',
    'content-disposition': 'attachment; filename=json.json',
    'x-content-type-options': 'nosniff',
    'x-rate-limit-remaining': '39999',
    'x-response-time': '25',
    'origin-cf-ray': '994ff88a0993c920-ATL',
    'strict-transport-security': 'max-age=631138519; includeSubdomains',
    'x-served-by': 't4_a',
    vary: 'accept-encoding',
    'cf-cache-status': 'DYNAMIC',
    'set-cookie': [
      'guest_id=v1%3A176154480291210076; SameSite=None; Secure; Path=/; Domain=twitter.com; Max-Age=34214400; Expires=Fri, 27 Nov 2026 06:00:02 GMT',
      '__cf_bm=K1EyhrL3BB627dYEIn4VsJKR4RCsVgpu1HNdqtl9qbc-1761544802.889265-1.0.1.1-VD8P7KofnNQqExdTcfHysr5jcCOz4jaUxOYbo1f7z_aEjq5QJCJctH9ITjSz9ROmq1ocoelwlY4_uu7QOn.jSs6V8xeFyBJLUTWk_mEmdjLkbEnt6mWkPTo7uPYLI6NG; HttpOnly; Secure; Path=/; Expires=Mon, 27 Oct 2025 06:30:02 GMT'
    ],
    'cf-ray': '994ff88a0993c920-IAD'
  },
  rateLimit: { limit: 40000, remaining: 39999, reset: 1761545702 },
  data: {
    account_id: 1821227857097715700,
    product_name: 'standard-basic',
    title: 'UsageCapExceeded',
    period: 'Monthly',
    scope: 'Product',
    detail: 'Usage cap exceeded: Monthly product cap',
    type: 'https://api.twitter.com/2/problems/usage-capped'
  }
}
Error fetching tweets: ApiResponseError: Request failed with code 429
    at RequestHandlerHelper.createResponseError (/home/ubuntu/apps/gotravel/node_modules/twitter-api-v2/dist/cjs/client-mixins/request-handler.helper.js:104:16)
    at RequestHandlerHelper.onResponseEndHandler (/home/ubuntu/apps/gotravel/node_modules/twitter-api-v2/dist/cjs/client-mixins/request-handler.helper.js:262:25)
    at Gunzip.emit (node:events:517:28)
    at endReadableNT (node:internal/streams/readable:1400:12)
    at process.processTicksAndRejections (node:internal/process/task_queues:82:21) {
  error: true,
  type: 'response',
  code: 429,
  headers: {
    date: 'Tue, 28 Oct 2025 06:00:03 GMT',
    'content-type': 'application/json; charset=utf-8',
    'content-length': '94',
    connection: 'close',
    'cf-ray': '995835ef0c36d6f1-IAD',
    perf: '7402827104',
    'set-cookie': [
      'guest_id=v1%3A176163120373521278; Max-Age=34214400; Expires=Sat, 28 Nov 2026 06:00:03 GMT; Path=/; Domain=.twitter.com; Secure; SameSite=None',
      '__cf_bm=loco.h9BOEq6oiFQzbIAnd3.iC1muVgdh5qVpaiaZAA-1761631203-1.0.1.1-Nv23QS95G_HizQ2T0FgjGozbiTMD_sZft0zVV144nS8uZ00z9aR3TIhhCeuHpvPyOUxTLIeUULcdXCTUj_jjVPvaXNjeUd.TR25j7YwQ_ko; path=/; expires=Tue, 28-Oct-25 06:30:03 GMT; domain=.twitter.com; HttpOnly; Secure'
    ],
    'api-version': '2.152',
    'cache-control': 'no-cache, no-store, max-age=0',
    'x-access-level': 'read',
    'x-frame-options': 'SAMEORIGIN',
    'content-encoding': 'gzip',
    'x-transaction-id': 'f70818c066dacd89',
    'x-xss-protection': '0',
    'x-rate-limit-limit': '1',
    'x-rate-limit-reset': '1761632103',
    'content-disposition': 'attachment; filename=json.json',
    'x-content-type-options': 'nosniff',
    'x-rate-limit-remaining': '0',
    'origin-cf-ray': '995835ef0c36d6f1-IAD',
    'strict-transport-security': 'max-age=631138519; includeSubdomains',
    'x-served-by': 't4_a',
    'cf-cache-status': 'DYNAMIC',
    vary: 'accept-encoding',
    'x-response-time': '10',
    server: 'cloudflare envoy'
  },
  rateLimit: { limit: 1, remaining: 0, reset: 1761632103 },
  data: {
    title: 'Too Many Requests',
    detail: 'Too Many Requests',
    type: 'about:blank',
    status: 429
  }
}
Error fetching tweets: ApiResponseError: Request failed with code 429
    at RequestHandlerHelper.createResponseError (/home/ubuntu/apps/gotravel/node_modules/twitter-api-v2/dist/cjs/client-mixins/request-handler.helper.js:104:16)
    at RequestHandlerHelper.onResponseEndHandler (/home/ubuntu/apps/gotravel/node_modules/twitter-api-v2/dist/cjs/client-mixins/request-handler.helper.js:262:25)
    at Gunzip.emit (node:events:517:28)
    at endReadableNT (node:internal/streams/readable:1400:12)
    at process.processTicksAndRejections (node:internal/process/task_queues:82:21) {
  error: true,
  type: 'response',
  code: 429,
  headers: {
    date: 'Wed, 29 Oct 2025 06:00:01 GMT',
    'content-type': 'application/json; charset=utf-8',
    'content-length': '94',
    connection: 'close',
    perf: '7402827104',
    server: 'cloudflare envoy',
    vary: 'accept-encoding',
    'api-version': '2.152',
    'cache-control': 'no-cache, no-store, max-age=0',
    'x-access-level': 'read',
    'x-frame-options': 'SAMEORIGIN',
    'content-encoding': 'gzip',
    'x-transaction-id': '5987d14b2f29dcc1',
    'x-xss-protection': '0',
    'x-rate-limit-limit': '1',
    'x-rate-limit-reset': '1761718501',
    'content-disposition': 'attachment; filename=json.json',
    'x-content-type-options': 'nosniff',
    'x-rate-limit-remaining': '0',
    'x-response-time': '14',
    'origin-cf-ray': '99607343ad20f784-IAD',
    'strict-transport-security': 'max-age=631138519; includeSubdomains',
    'x-served-by': 't4_a',
    'cf-cache-status': 'DYNAMIC',
    'set-cookie': [
      'guest_id=v1%3A176171760190055891; SameSite=None; Secure; Path=/; Domain=twitter.com; Max-Age=34214400; Expires=Sun, 29 Nov 2026 06:00:01 GMT',
      '__cf_bm=zAON5jvfG1D.B9c1cFHTlENeaTBmEDhTYPmJq8.SdGY-1761717601.8704689-1.0.1.1-8QaMq9aDlVbqy59aeGTQjJqiqzmFcFiXdBXa0sNeSyOx8w0zMHOSns6MgLNT3_46CJFpDWjnOMJZVu9QR3mC.fArkyOpsa13_4ADSWk8TpbdsECIrOgDd.TYZvJQzhIO; HttpOnly; Secure; Path=/; Expires=Wed, 29 Oct 2025 06:30:01 GMT'
    ],
    'cf-ray': '99607343ad20f784-IAD'
  },
  rateLimit: { limit: 1, remaining: 0, reset: 1761718501 },
  data: {
    title: 'Too Many Requests',
    detail: 'Too Many Requests',
    type: 'about:blank',
    status: 429
  }
}
Error fetching tweets: ApiResponseError: Request failed with code 429
    at RequestHandlerHelper.createResponseError (/home/ubuntu/apps/gotravel/node_modules/twitter-api-v2/dist/cjs/client-mixins/request-handler.helper.js:104:16)
    at RequestHandlerHelper.onResponseEndHandler (/home/ubuntu/apps/gotravel/node_modules/twitter-api-v2/dist/cjs/client-mixins/request-handler.helper.js:262:25)
    at Gunzip.emit (node:events:517:28)
    at endReadableNT (node:internal/streams/readable:1400:12)
    at process.processTicksAndRejections (node:internal/process/task_queues:82:21) {
  error: true,
  type: 'response',
  code: 429,
  headers: {
    date: 'Thu, 30 Oct 2025 06:00:02 GMT',
    'content-type': 'application/json; charset=utf-8',
    'content-length': '196',
    connection: 'close',
    perf: '7402827104',
    server: 'cloudflare envoy',
    'api-version': '2.152',
    'cache-control': 'no-cache, no-store, max-age=0',
    'x-access-level': 'read',
    'x-frame-options': 'SAMEORIGIN',
    'content-encoding': 'gzip',
    'x-transaction-id': '6f5cae4783c50862',
    'x-xss-protection': '0',
    'x-rate-limit-limit': '40000',
    'x-rate-limit-reset': '1761804902',
    'content-disposition': 'attachment; filename=json.json',
    'x-content-type-options': 'nosniff',
    'x-rate-limit-remaining': '39999',
    'x-response-time': '16',
    'origin-cf-ray': '9968b0a9fa081853-ATL',
    'strict-transport-security': 'max-age=631138519; includeSubdomains',
    'x-served-by': 't4_a',
    vary: 'accept-encoding',
    'cf-cache-status': 'DYNAMIC',
    'set-cookie': [
      'guest_id=v1%3A176180400289637815; SameSite=None; Secure; Path=/; Domain=twitter.com; Max-Age=34214400; Expires=Mon, 30 Nov 2026 06:00:02 GMT',
      '__cf_bm=lAE5gGpM6dnt4nF52XHu8w2u5bMaR_gb1Hsg342FejY-1761804002.8728027-1.0.1.1-VJx_GlLg9BbZTDyyAtkClpzerZYf4NwAa4OxsDVkC5WlaZSKiec6tqt9m6Bk7zYnwxjocceM6PtuQ7uYl3qPhG_rCBBZ70Nxfd3RTOnAYc7mIFPjaxtF0.aJqfXUWoTa; HttpOnly; Secure; Path=/; Expires=Thu, 30 Oct 2025 06:30:02 GMT'
    ],
    'cf-ray': '9968b0a9fa081853-IAD'
  },
  rateLimit: { limit: 40000, remaining: 39999, reset: 1761804902 },
  data: {
    account_id: 1821227857097715700,
    product_name: 'standard-basic',
    title: 'UsageCapExceeded',
    period: 'Monthly',
    scope: 'Product',
    detail: 'Usage cap exceeded: Monthly product cap',
    type: 'https://api.twitter.com/2/problems/usage-capped'
  }
}
Error fetching tweets: ApiResponseError: Request failed with code 429
    at RequestHandlerHelper.createResponseError (/home/ubuntu/apps/gotravel/node_modules/twitter-api-v2/dist/cjs/client-mixins/request-handler.helper.js:104:16)
    at RequestHandlerHelper.onResponseEndHandler (/home/ubuntu/apps/gotravel/node_modules/twitter-api-v2/dist/cjs/client-mixins/request-handler.helper.js:262:25)
    at Gunzip.emit (node:events:517:28)
    at endReadableNT (node:internal/streams/readable:1400:12)
    at process.processTicksAndRejections (node:internal/process/task_queues:82:21) {
  error: true,
  type: 'response',
  code: 429,
  headers: {
    date: 'Fri, 31 Oct 2025 06:00:02 GMT',
    'content-type': 'application/json; charset=utf-8',
    'content-length': '196',
    connection: 'close',
    perf: '7402827104',
    server: 'cloudflare envoy',
    vary: 'accept-encoding',
    'api-version': '2.152',
    'cache-control': 'no-cache, no-store, max-age=0',
    'x-access-level': 'read',
    'x-frame-options': 'SAMEORIGIN',
    'content-encoding': 'gzip',
    'x-transaction-id': '7274f3dfa34082fc',
    'x-xss-protection': '0',
    'x-rate-limit-limit': '40000',
    'x-rate-limit-reset': '1761891302',
    'content-disposition': 'attachment; filename=json.json',
    'x-content-type-options': 'nosniff',
    'x-rate-limit-remaining': '39999',
    'x-response-time': '26',
    'origin-cf-ray': '9970ee060d552720-IAD',
    'strict-transport-security': 'max-age=631138519; includeSubdomains',
    'x-served-by': 't4_a',
    'cf-cache-status': 'DYNAMIC',
    'set-cookie': [
      'guest_id=v1%3A176189040227518961; SameSite=None; Secure; Path=/; Domain=twitter.com; Max-Age=34214400; Expires=Tue, 01 Dec 2026 06:00:02 GMT',
      '__cf_bm=3RNMDagj6CClEC1iStN8cpUCgagEYQN9vfGy3sHNGXg-1761890402.2501564-1.0.1.1-0bVPWSyXXuG7o0iNmH3auXGTPx7eQu6U0heCfK41.g6mBNkdqszmqID.jziUWklwzArN.83NVVSIg3w8_d6TN9KtmffLeZ1LYRuL6pDkAO966g0xMFT5.SNje77tv4WV; HttpOnly; Secure; Path=/; Domain=twitter.com; Expires=Fri, 31 Oct 2025 06:30:02 GMT'
    ],
    'cf-ray': '9970ee060d552720-IAD'
  },
  rateLimit: { limit: 40000, remaining: 39999, reset: 1761891302 },
  data: {
    account_id: 1821227857097715700,
    product_name: 'standard-basic',
    title: 'UsageCapExceeded',
    period: 'Monthly',
    scope: 'Product',
    detail: 'Usage cap exceeded: Monthly product cap',
    type: 'https://api.twitter.com/2/problems/usage-capped'
  }
}
Error fetching tweets: ApiResponseError: Request failed with code 429
    at RequestHandlerHelper.createResponseError (/home/ubuntu/apps/gotravel/node_modules/twitter-api-v2/dist/cjs/client-mixins/request-handler.helper.js:104:16)
    at RequestHandlerHelper.onResponseEndHandler (/home/ubuntu/apps/gotravel/node_modules/twitter-api-v2/dist/cjs/client-mixins/request-handler.helper.js:262:25)
    at Gunzip.emit (node:events:517:28)
    at endReadableNT (node:internal/streams/readable:1400:12)
    at process.processTicksAndRejections (node:internal/process/task_queues:82:21) {
  error: true,
  type: 'response',
  code: 429,
  headers: {
    date: 'Sat, 01 Nov 2025 06:00:02 GMT',
    'content-type': 'application/json; charset=utf-8',
    'content-length': '196',
    connection: 'close',
    perf: '7402827104',
    server: 'cloudflare envoy',
    'api-version': '2.152',
    'cache-control': 'no-cache, no-store, max-age=0',
    'x-access-level': 'read',
    'x-frame-options': 'SAMEORIGIN',
    'content-encoding': 'gzip',
    'x-transaction-id': '3a3dd76dbfc53bf7',
    'x-xss-protection': '0',
    'x-rate-limit-limit': '40000',
    'x-rate-limit-reset': '1761977702',
    'content-disposition': 'attachment; filename=json.json',
    'x-content-type-options': 'nosniff',
    'x-rate-limit-remaining': '39999',
    'x-response-time': '19',
    'origin-cf-ray': '99792b685b32290e-ATL',
    'strict-transport-security': 'max-age=631138519; includeSubdomains',
    'x-served-by': 't4_a',
    vary: 'accept-encoding',
    'cf-cache-status': 'DYNAMIC',
    'set-cookie': [
      'guest_id=v1%3A176197680263544718; SameSite=None; Secure; Path=/; Domain=twitter.com; Max-Age=34214400; Expires=Wed, 02 Dec 2026 06:00:02 GMT',
      '__cf_bm=U8EmeKIfey3fDxgiMzhRP9fQY.NBJOhWivJPS1b2Rog-1761976802.6125891-1.0.1.1-Ga2D6F5UYtuqlyB8gNEFiVG7Bk8pm42nAyPUuxjG7XxFxlWBxe2wrS4fxI_iG6UQ.at4c6HuO2210PQ6K2njtgPsbAd1QLxYedV9IVjqsF7gyf2uYGE.QabwHnMiDpkx; HttpOnly; Secure; Path=/; Domain=twitter.com; Expires=Sat, 01 Nov 2025 06:30:02 GMT'
    ],
    'cf-ray': '99792b685b32290e-IAD'
  },
  rateLimit: { limit: 40000, remaining: 39999, reset: 1761977702 },
  data: {
    account_id: 1821227857097715700,
    product_name: 'standard-basic',
    title: 'UsageCapExceeded',
    period: 'Monthly',
    scope: 'Product',
    detail: 'Usage cap exceeded: Monthly product cap',
    type: 'https://api.twitter.com/2/problems/usage-capped'
  }
}
Error fetching tweets: ApiResponseError: Request failed with code 429
    at RequestHandlerHelper.createResponseError (/home/ubuntu/apps/gotravel/node_modules/twitter-api-v2/dist/cjs/client-mixins/request-handler.helper.js:104:16)
    at RequestHandlerHelper.onResponseEndHandler (/home/ubuntu/apps/gotravel/node_modules/twitter-api-v2/dist/cjs/client-mixins/request-handler.helper.js:262:25)
    at Gunzip.emit (node:events:517:28)
    at endReadableNT (node:internal/streams/readable:1400:12)
    at process.processTicksAndRejections (node:internal/process/task_queues:82:21) {
  error: true,
  type: 'response',
  code: 429,
  headers: {
    date: 'Sun, 02 Nov 2025 06:00:01 GMT',
    'content-type': 'application/json; charset=utf-8',
    'content-length': '94',
    connection: 'close',
    perf: '7402827104',
    server: 'cloudflare envoy',
    'api-version': '2.152',
    'cache-control': 'no-cache, no-store, max-age=0',
    'x-access-level': 'read',
    'x-frame-options': 'SAMEORIGIN',
    'content-encoding': 'gzip',
    'x-transaction-id': '44c7abadc7f916e8',
    'x-xss-protection': '0',
    'x-rate-limit-limit': '1',
    'x-rate-limit-reset': '1762064101',
    'content-disposition': 'attachment; filename=json.json',
    'x-content-type-options': 'nosniff',
    'x-rate-limit-remaining': '0',
    'x-response-time': '17',
    'origin-cf-ray': '998168c2bc2edda5-ATL',
    'strict-transport-security': 'max-age=631138519; includeSubdomains',
    'x-served-by': 't4_a',
    vary: 'accept-encoding',
    'cf-cache-status': 'DYNAMIC',
    'set-cookie': [
      'guest_id=v1%3A176206320174244198; SameSite=None; Secure; Path=/; Domain=twitter.com; Max-Age=34214400; Expires=Thu, 03 Dec 2026 06:00:01 GMT',
      '__cf_bm=ANlGADk.tQgBFTnfAjH5UwTe1bWkTbJ1SlsgAzLElTo-1762063201.7204342-1.0.1.1-qMgnhHAIt9s.m85KIJvuxZF2jQ.dGmyL4RelRh2l010sl7K1RjLIFaTljUPgyESZWcEU2nUCzETBNLBoV6u5lGeAONcNy1JdZaXRDp.Y_6g_ZD4jiFCi9rCPMPWWXmuC; HttpOnly; Secure; Path=/; Domain=twitter.com; Expires=Sun, 02 Nov 2025 06:30:01 GMT'
    ],
    'cf-ray': '998168c2bc2edda5-IAD'
  },
  rateLimit: { limit: 1, remaining: 0, reset: 1762064101 },
  data: {
    title: 'Too Many Requests',
    detail: 'Too Many Requests',
    type: 'about:blank',
    status: 429
  }
}
Error fetching tweets: ApiResponseError: Request failed with code 429
    at RequestHandlerHelper.createResponseError (/home/ubuntu/apps/gotravel/node_modules/twitter-api-v2/dist/cjs/client-mixins/request-handler.helper.js:104:16)
    at RequestHandlerHelper.onResponseEndHandler (/home/ubuntu/apps/gotravel/node_modules/twitter-api-v2/dist/cjs/client-mixins/request-handler.helper.js:262:25)
    at Gunzip.emit (node:events:517:28)
    at endReadableNT (node:internal/streams/readable:1400:12)
    at process.processTicksAndRejections (node:internal/process/task_queues:82:21) {
  error: true,
  type: 'response',
  code: 429,
  headers: {
    date: 'Mon, 03 Nov 2025 06:00:02 GMT',
    'content-type': 'application/json; charset=utf-8',
    'content-length': '196',
    connection: 'close',
    perf: '7402827104',
    server: 'cloudflare envoy',
    'api-version': '2.152',
    'cache-control': 'no-cache, no-store, max-age=0',
    'x-access-level': 'read',
    'x-frame-options': 'SAMEORIGIN',
    'content-encoding': 'gzip',
    'x-transaction-id': '63ff57ef1536117c',
    'x-xss-protection': '0',
    'x-rate-limit-limit': '40000',
    'x-rate-limit-reset': '1762150502',
    'content-disposition': 'attachment; filename=json.json',
    'x-content-type-options': 'nosniff',
    'x-rate-limit-remaining': '39999',
    'x-response-time': '22',
    'origin-cf-ray': '9989a627cea56cf9-ATL',
    'strict-transport-security': 'max-age=631138519; includeSubdomains',
    'x-served-by': 't4_a',
    vary: 'accept-encoding',
    'cf-cache-status': 'DYNAMIC',
    'set-cookie': [
      'guest_id=v1%3A176214960255085004; SameSite=None; Secure; Path=/; Domain=twitter.com; Max-Age=34214400; Expires=Fri, 04 Dec 2026 06:00:02 GMT',
      '__cf_bm=jQx.1t5JOuMnFC6qsPfNttzwF45XqCZndMoTal_TXYk-1762149602.5279474-1.0.1.1-EEYcF6FYjPiwP7DM5x7qAVG1I9B.JG2A4p8V3gmIpoejbaOkQI6LX0tBrFFiozzJ1vlvEKckW5DjvFNsBFdEe3r64epZUUIVqZ_8Jr48UKjDS1JpQ2cDrIeRL8XkkRPO; HttpOnly; Secure; Path=/; Domain=twitter.com; Expires=Mon, 03 Nov 2025 06:30:02 GMT'
    ],
    'cf-ray': '9989a627cea56cf9-IAD'
  },
  rateLimit: { limit: 40000, remaining: 39999, reset: 1762150502 },
  data: {
    account_id: 1821227857097715700,
    product_name: 'standard-basic',
    title: 'UsageCapExceeded',
    period: 'Monthly',
    scope: 'Product',
    detail: 'Usage cap exceeded: Monthly product cap',
    type: 'https://api.twitter.com/2/problems/usage-capped'
  }
}
Error fetching tweets: ApiResponseError: Request failed with code 429
    at RequestHandlerHelper.createResponseError (/home/ubuntu/apps/gotravel/node_modules/twitter-api-v2/dist/cjs/client-mixins/request-handler.helper.js:104:16)
    at RequestHandlerHelper.onResponseEndHandler (/home/ubuntu/apps/gotravel/node_modules/twitter-api-v2/dist/cjs/client-mixins/request-handler.helper.js:262:25)
    at Gunzip.emit (node:events:517:28)
    at endReadableNT (node:internal/streams/readable:1400:12)
    at process.processTicksAndRejections (node:internal/process/task_queues:82:21) {
  error: true,
  type: 'response',
  code: 429,
  headers: {
    date: 'Tue, 04 Nov 2025 06:00:03 GMT',
    'content-type': 'application/json; charset=utf-8',
    'content-length': '196',
    connection: 'close',
    perf: '7402827104',
    server: 'cloudflare envoy',
    vary: 'accept-encoding',
    'api-version': '2.152',
    'cache-control': 'no-cache, no-store, max-age=0',
    'x-access-level': 'read',
    'x-frame-options': 'SAMEORIGIN',
    'content-encoding': 'gzip',
    'x-transaction-id': '6268e682c85c5f02',
    'x-xss-protection': '0',
    'x-rate-limit-limit': '40000',
    'x-rate-limit-reset': '1762236903',
    'content-disposition': 'attachment; filename=json.json',
    'x-content-type-options': 'nosniff',
    'x-rate-limit-remaining': '39999',
    'x-response-time': '19',
    'origin-cf-ray': '9991e38af9d5e5bc-IAD',
    'strict-transport-security': 'max-age=631138519; includeSubdomains',
    'x-served-by': 't4_a',
    'cf-cache-status': 'DYNAMIC',
    'set-cookie': [
      'guest_id=v1%3A176223600305978006; SameSite=None; Secure; Path=/; Domain=twitter.com; Max-Age=34214400; Expires=Sat, 05 Dec 2026 06:00:03 GMT',
      '__cf_bm=XsgVrpc64IgJ.oBxtzH6P0BAxEBM_BOzEAeUjdzZUpE-1762236003.0392494-1.0.1.1-P2CB1aRzTBiOo_8f5hZxgB5c18VNDP.jY.rb9ZSAkf9RsWwqM8Hb1WbYkzGnIWKNjmiylb5vAXMY.HphV6NOKpNHwDjJRwcVQUStil28To4c9pSsOJ7hm2bka_jMTEf8; HttpOnly; Secure; Path=/; Domain=twitter.com; Expires=Tue, 04 Nov 2025 06:30:03 GMT'
    ],
    'cf-ray': '9991e38af9d5e5bc-IAD'
  },
  rateLimit: { limit: 40000, remaining: 39999, reset: 1762236903 },
  data: {
    account_id: 1821227857097715700,
    product_name: 'standard-basic',
    title: 'UsageCapExceeded',
    period: 'Monthly',
    scope: 'Product',
    detail: 'Usage cap exceeded: Monthly product cap',
    type: 'https://api.twitter.com/2/problems/usage-capped'
  }
}
Error fetching tweets: ApiResponseError: Request failed with code 429
    at RequestHandlerHelper.createResponseError (/home/ubuntu/apps/gotravel/node_modules/twitter-api-v2/dist/cjs/client-mixins/request-handler.helper.js:104:16)
    at RequestHandlerHelper.onResponseEndHandler (/home/ubuntu/apps/gotravel/node_modules/twitter-api-v2/dist/cjs/client-mixins/request-handler.helper.js:262:25)
    at Gunzip.emit (node:events:517:28)
    at endReadableNT (node:internal/streams/readable:1400:12)
    at process.processTicksAndRejections (node:internal/process/task_queues:82:21) {
  error: true,
  type: 'response',
  code: 429,
  headers: {
    date: 'Wed, 05 Nov 2025 06:00:02 GMT',
    'content-type': 'application/json; charset=utf-8',
    'content-length': '196',
    connection: 'close',
    perf: '7402827104',
    server: 'cloudflare envoy',
    vary: 'accept-encoding',
    'api-version': '2.152',
    'cache-control': 'no-cache, no-store, max-age=0',
    'x-access-level': 'read',
    'x-frame-options': 'SAMEORIGIN',
    'content-encoding': 'gzip',
    'x-transaction-id': 'aaa1bc6f97cbb043',
    'x-xss-protection': '0',
    'x-rate-limit-limit': '40000',
    'x-rate-limit-reset': '1762323302',
    'content-disposition': 'attachment; filename=json.json',
    'x-content-type-options': 'nosniff',
    'x-rate-limit-remaining': '39999',
    'x-response-time': '18',
    'origin-cf-ray': '999a20e978da1b5c-IAD',
    'strict-transport-security': 'max-age=631138519; includeSubdomains',
    'x-served-by': 't4_a',
    'cf-cache-status': 'DYNAMIC',
    'set-cookie': [
      'guest_id=v1%3A176232240281705889; SameSite=None; Secure; Path=/; Domain=twitter.com; Max-Age=34214400; Expires=Sun, 06 Dec 2026 06:00:02 GMT',
      '__cf_bm=i3tAph4C8I8oWBa_T6Z5ITPFICwThypZT7ofoeEQaQI-1762322402.792804-1.0.1.1-W6TnoAETeinn5mgnyyEv9MbtOHezakIV7sse_STm1AZc3qAZlAXvJk.VcTFcSS2PILsIkjCPwd9lQMsVkTpYgDlUY.QdLwQyYhiZhvFcF_o_mDZm5T7AAa.3RmRGNZaV; HttpOnly; Secure; Path=/; Domain=twitter.com; Expires=Wed, 05 Nov 2025 06:30:02 GMT'
    ],
    'cf-ray': '999a20e978da1b5c-IAD'
  },
  rateLimit: { limit: 40000, remaining: 39999, reset: 1762323302 },
  data: {
    account_id: 1821227857097715700,
    product_name: 'standard-basic',
    title: 'UsageCapExceeded',
    period: 'Monthly',
    scope: 'Product',
    detail: 'Usage cap exceeded: Monthly product cap',
    type: 'https://api.twitter.com/2/problems/usage-capped'
  }
}
Error fetching tweets: ApiResponseError: Request failed with code 429
    at RequestHandlerHelper.createResponseError (/home/ubuntu/apps/gotravel/node_modules/twitter-api-v2/dist/cjs/client-mixins/request-handler.helper.js:104:16)
    at RequestHandlerHelper.onResponseEndHandler (/home/ubuntu/apps/gotravel/node_modules/twitter-api-v2/dist/cjs/client-mixins/request-handler.helper.js:262:25)
    at Gunzip.emit (node:events:517:28)
    at endReadableNT (node:internal/streams/readable:1400:12)
    at process.processTicksAndRejections (node:internal/process/task_queues:82:21) {
  error: true,
  type: 'response',
  code: 429,
  headers: {
    date: 'Thu, 06 Nov 2025 06:00:02 GMT',
    'content-type': 'application/json; charset=utf-8',
    'content-length': '196',
    connection: 'close',
    perf: '7402827104',
    server: 'cloudflare envoy',
    vary: 'accept-encoding',
    'api-version': '2.152',
    'cache-control': 'no-cache, no-store, max-age=0',
    'x-access-level': 'read',
    'x-frame-options': 'SAMEORIGIN',
    'content-encoding': 'gzip',
    'x-transaction-id': 'f59dd37d3aa19836',
    'x-xss-protection': '0',
    'x-rate-limit-limit': '40000',
    'x-rate-limit-reset': '1762409702',
    'content-disposition': 'attachment; filename=json.json',
    'x-content-type-options': 'nosniff',
    'x-rate-limit-remaining': '39999',
    'x-response-time': '19',
    'origin-cf-ray': '99a25e45ab521d3d-IAD',
    'strict-transport-security': 'max-age=631138519; includeSubdomains',
    'x-served-by': 't4_a',
    'cf-cache-status': 'DYNAMIC',
    'set-cookie': [
      'guest_id=v1%3A176240880220388603; SameSite=None; Secure; Path=/; Domain=twitter.com; Max-Age=34214400; Expires=Mon, 07 Dec 2026 06:00:02 GMT',
      '__cf_bm=RjVTMUDyHrWzXi3QlRg3rLDqIXS.h8GnOx1xxUlsEEs-1762408802.1815083-1.0.1.1-pxE_sSJ9C4sskVydNYm5Nd5UcFuXK1FkA4egi6ml_e3vyuW8Uz9eFjPBJhT9eGStDVPikzZpwAHTwnwVKH7QhOellDsEzz34XiH8HXj1uMQq3S6diQXzZtWGB_WZmjZr; HttpOnly; Secure; Path=/; Domain=twitter.com; Expires=Thu, 06 Nov 2025 06:30:02 GMT'
    ],
    'cf-ray': '99a25e45ab521d3d-IAD'
  },
  rateLimit: { limit: 40000, remaining: 39999, reset: 1762409702 },
  data: {
    account_id: 1821227857097715700,
    product_name: 'standard-basic',
    title: 'UsageCapExceeded',
    period: 'Monthly',
    scope: 'Product',
    detail: 'Usage cap exceeded: Monthly product cap',
    type: 'https://api.twitter.com/2/problems/usage-capped'
  }
}
Fetched 20 tweets, added 20 unique tweets.
Updated tweets file with 20 tweets.
Tweets saved to public/tweets.json
Attempting to clear remote tweet cache...
Clear cache status: 200
Clear cache headers: {"connection":["close"],"content-type":["application/json"],"date":["Fri, 07 Nov 2025 06:00:03 GMT"],"server":["nginx/1.18.0 (Ubuntu)"],"transfer-encoding":["chunked"],"vary":["RSC, Next-Router-State-Tree, Next-Router-Prefetch"]}
Clear cache response: {"message":"Cache cleared successfully"}
Remote tweet cache cleared successfully
Updating local cache indicator...
Local cache version updated to 67
Fetched 20 tweets, added 4 unique tweets.
Updated tweets file with 20 tweets.
Tweets saved to public/tweets.json
Attempting to clear remote tweet cache...
Clear cache status: 200
Clear cache headers: {"connection":["close"],"content-type":["application/json"],"date":["Sat, 08 Nov 2025 06:00:02 GMT"],"server":["nginx/1.18.0 (Ubuntu)"],"transfer-encoding":["chunked"],"vary":["RSC, Next-Router-State-Tree, Next-Router-Prefetch"]}
Clear cache response: {"message":"Cache cleared successfully"}
Remote tweet cache cleared successfully
Updating local cache indicator...
Local cache version updated to 68
Error fetching tweets: ApiResponseError: Request failed with code 429
    at RequestHandlerHelper.createResponseError (/home/ubuntu/apps/gotravel/node_modules/twitter-api-v2/dist/cjs/client-mixins/request-handler.helper.js:104:16)
    at RequestHandlerHelper.onResponseEndHandler (/home/ubuntu/apps/gotravel/node_modules/twitter-api-v2/dist/cjs/client-mixins/request-handler.helper.js:262:25)
    at Gunzip.emit (node:events:517:28)
    at endReadableNT (node:internal/streams/readable:1400:12)
    at process.processTicksAndRejections (node:internal/process/task_queues:82:21) {
  error: true,
  type: 'response',
  code: 429,
  headers: {
    date: 'Sun, 09 Nov 2025 06:00:02 GMT',
    'content-type': 'application/json; charset=utf-8',
    'content-length': '94',
    connection: 'close',
    perf: '7402827104',
    server: 'cloudflare envoy',
    'api-version': '2.152',
    'cache-control': 'no-cache, no-store, max-age=0',
    'x-access-level': 'read',
    'x-frame-options': 'SAMEORIGIN',
    'content-encoding': 'gzip',
    'x-transaction-id': 'f36540e588809562',
    'x-xss-protection': '0',
    'x-rate-limit-limit': '1',
    'x-rate-limit-reset': '1762668902',
    'content-disposition': 'attachment; filename=json.json',
    'x-content-type-options': 'nosniff',
    'x-rate-limit-remaining': '0',
    'x-response-time': '16',
    'origin-cf-ray': '99bb1668ae8d0794-ATL',
    'strict-transport-security': 'max-age=631138519; includeSubdomains',
    'x-served-by': 't4_a',
    vary: 'accept-encoding',
    'cf-cache-status': 'DYNAMIC',
    'set-cookie': [
      'guest_id=v1%3A176266800268356484; SameSite=None; Secure; Path=/; Domain=.twitter.com; Max-Age=34214400; Expires=Thu, 10 Dec 2026 06:00:02 GMT',
      '__cf_bm=ExZiEjx4CQ87NSLH0bjl.QWgDZ5G_IBpb0OeZVbJouk-1762668002.6626499-1.0.1.1-ERy13rfVsGtLwcvT93l3cfSrmAbyGY5UsT7yite.wd63O3y2oTzxDQZspvOy.n4U8zt16Fm3zJre.ftHb_TUIHVOihVwrjLfOT0z1hiF.PetEuc2VxDYKCsTn7RBIrnw; HttpOnly; Secure; Path=/; Domain=twitter.com; Expires=Sun, 09 Nov 2025 06:30:02 GMT'
    ],
    'cf-ray': '99bb1668ae8d0794-IAD'
  },
  rateLimit: { limit: 1, remaining: 0, reset: 1762668902 },
  data: {
    title: 'Too Many Requests',
    detail: 'Too Many Requests',
    type: 'about:blank',
    status: 429
  }
}
Error fetching tweets: ApiResponseError: Request failed with code 429
    at RequestHandlerHelper.createResponseError (/home/ubuntu/apps/gotravel/node_modules/twitter-api-v2/dist/cjs/client-mixins/request-handler.helper.js:104:16)
    at RequestHandlerHelper.onResponseEndHandler (/home/ubuntu/apps/gotravel/node_modules/twitter-api-v2/dist/cjs/client-mixins/request-handler.helper.js:262:25)
    at Gunzip.emit (node:events:517:28)
    at endReadableNT (node:internal/streams/readable:1400:12)
    at process.processTicksAndRejections (node:internal/process/task_queues:82:21) {
  error: true,
  type: 'response',
  code: 429,
  headers: {
    date: 'Mon, 10 Nov 2025 06:00:03 GMT',
    'content-type': 'application/json; charset=utf-8',
    'content-length': '94',
    connection: 'close',
    perf: '7402827104',
    server: 'cloudflare envoy',
    'api-version': '2.152',
    'cache-control': 'no-cache, no-store, max-age=0',
    'x-access-level': 'read',
    'x-frame-options': 'SAMEORIGIN',
    'content-encoding': 'gzip',
    'x-transaction-id': '79492ae7710c0bed',
    'x-xss-protection': '0',
    'x-rate-limit-limit': '1',
    'x-rate-limit-reset': '1762755303',
    'content-disposition': 'attachment; filename=json.json',
    'x-content-type-options': 'nosniff',
    'x-rate-limit-remaining': '0',
    'x-response-time': '13',
    'origin-cf-ray': '99c353cdcbb8390e-ATL',
    'strict-transport-security': 'max-age=631138519; includeSubdomains',
    'x-served-by': 't4_a',
    vary: 'accept-encoding',
    'cf-cache-status': 'DYNAMIC',
    'set-cookie': [
      'guest_id=v1%3A176275440351108885; SameSite=None; Secure; Path=/; Domain=.twitter.com; Max-Age=34214400; Expires=Fri, 11 Dec 2026 06:00:03 GMT',
      '__cf_bm=qWHEq2bO9rQuH8S2hxJJCKmZGslirIZAo8syLX95ag0-1762754403.491054-1.0.1.1-csoRacU0.B5rbnG4H6sc.A6XVIKjev71PS2aCZuDh80xlJATduL11yTsviekZ1UA6RihBcgGPYoJFwmB579n3t_3zARorIyOH7pfehDyMlDQ1cCM9vz3BhHIf.UwXFb4; HttpOnly; Secure; Path=/; Domain=twitter.com; Expires=Mon, 10 Nov 2025 06:30:03 GMT'
    ],
    'cf-ray': '99c353cdcbb8390e-IAD'
  },
  rateLimit: { limit: 1, remaining: 0, reset: 1762755303 },
  data: {
    title: 'Too Many Requests',
    detail: 'Too Many Requests',
    type: 'about:blank',
    status: 429
  }
}
Fetched 20 tweets, added 7 unique tweets.
Updated tweets file with 20 tweets.
Tweets saved to public/tweets.json
Attempting to clear remote tweet cache...
Clear cache status: 200
Clear cache headers: {"connection":["close"],"content-type":["application/json"],"date":["Tue, 11 Nov 2025 06:00:03 GMT"],"server":["nginx/1.18.0 (Ubuntu)"],"transfer-encoding":["chunked"],"vary":["RSC, Next-Router-State-Tree, Next-Router-Prefetch"]}
Clear cache response: {"message":"Cache cleared successfully"}
Remote tweet cache cleared successfully
Updating local cache indicator...
Local cache version updated to 71
Fetched 20 tweets, added 15 unique tweets.
Updated tweets file with 20 tweets.
Tweets saved to public/tweets.json
Attempting to clear remote tweet cache...
Clear cache status: 200
Clear cache headers: {"connection":["close"],"content-type":["application/json"],"date":["Wed, 12 Nov 2025 06:00:03 GMT"],"server":["nginx/1.18.0 (Ubuntu)"],"transfer-encoding":["chunked"],"vary":["RSC, Next-Router-State-Tree, Next-Router-Prefetch"]}
Clear cache response: {"message":"Cache cleared successfully"}
Remote tweet cache cleared successfully
Updating local cache indicator...
Local cache version updated to 72
Error fetching tweets: ApiResponseError: Request failed with code 429
    at RequestHandlerHelper.createResponseError (/home/ubuntu/apps/gotravel/node_modules/twitter-api-v2/dist/cjs/client-mixins/request-handler.helper.js:104:16)
    at RequestHandlerHelper.onResponseEndHandler (/home/ubuntu/apps/gotravel/node_modules/twitter-api-v2/dist/cjs/client-mixins/request-handler.helper.js:262:25)
    at Gunzip.emit (node:events:517:28)
    at endReadableNT (node:internal/streams/readable:1400:12)
    at process.processTicksAndRejections (node:internal/process/task_queues:82:21) {
  error: true,
  type: 'response',
  code: 429,
  headers: {
    date: 'Thu, 13 Nov 2025 06:00:03 GMT',
    'content-type': 'application/json; charset=utf-8',
    'content-length': '196',
    connection: 'close',
    perf: '7402827104',
    server: 'cloudflare envoy',
    'api-version': '2.153',
    'cache-control': 'no-cache, no-store, max-age=0',
    'x-access-level': 'read',
    'x-frame-options': 'SAMEORIGIN',
    'content-encoding': 'gzip',
    'x-transaction-id': 'd8d975cb3062bb83',
    'x-xss-protection': '0',
    'x-rate-limit-limit': '40000',
    'x-rate-limit-reset': '1763014503',
    'content-disposition': 'attachment; filename=json.json',
    'x-content-type-options': 'nosniff',
    'x-rate-limit-remaining': '39999',
    'x-response-time': '17',
    'origin-cf-ray': '99dc0becaad57f72-ATL',
    'strict-transport-security': 'max-age=631138519; includeSubdomains',
    'x-served-by': 't4_a',
    vary: 'accept-encoding',
    'cf-cache-status': 'DYNAMIC',
    'set-cookie': [
      'guest_id=v1%3A176301360332637301; SameSite=None; Secure; Path=/; Domain=.twitter.com; Max-Age=34214400; Expires=Mon, 14 Dec 2026 06:00:03 GMT',
      '__cf_bm=6fL0ZGHqDPTqrmUQN5JqOJQth2P4eVz500IZGmnxZWU-1763013603.3047068-1.0.1.1-sZfPVm23RB2GIFWEcbkpViux6bjKAVbmqXEMzgALWyCZa_1P2p8TLwH9VJo3w_WmrnhNMxcNPwUH4xkhI66vbsq.LoJ9H2c2_B2s9pZrlZcUxwMCdbU.RP2nNZgClVnh; HttpOnly; Secure; Path=/; Domain=twitter.com; Expires=Thu, 13 Nov 2025 06:30:03 GMT'
    ],
    'cf-ray': '99dc0becaad57f72-IAD'
  },
  rateLimit: { limit: 40000, remaining: 39999, reset: 1763014503 },
  data: {
    account_id: 1821227857097715700,
    product_name: 'standard-basic',
    title: 'UsageCapExceeded',
    period: 'Monthly',
    scope: 'Product',
    detail: 'Usage cap exceeded: Monthly product cap',
    type: 'https://api.twitter.com/2/problems/usage-capped'
  }
}
Error fetching tweets: ApiResponseError: Request failed with code 429
    at RequestHandlerHelper.createResponseError (/home/ubuntu/apps/gotravel/node_modules/twitter-api-v2/dist/cjs/client-mixins/request-handler.helper.js:104:16)
    at RequestHandlerHelper.onResponseEndHandler (/home/ubuntu/apps/gotravel/node_modules/twitter-api-v2/dist/cjs/client-mixins/request-handler.helper.js:262:25)
    at Gunzip.emit (node:events:517:28)
    at endReadableNT (node:internal/streams/readable:1400:12)
    at process.processTicksAndRejections (node:internal/process/task_queues:82:21) {
  error: true,
  type: 'response',
  code: 429,
  headers: {
    date: 'Fri, 14 Nov 2025 06:00:02 GMT',
    'content-type': 'application/json; charset=utf-8',
    'content-length': '94',
    connection: 'close',
    perf: '7402827104',
    server: 'cloudflare envoy',
    vary: 'accept-encoding',
    'api-version': '2.153',
    'cache-control': 'no-cache, no-store, max-age=0',
    'x-access-level': 'read',
    'x-frame-options': 'SAMEORIGIN',
    'content-encoding': 'gzip',
    'x-transaction-id': '4c4aa3f32e21d390',
    'x-xss-protection': '0',
    'x-rate-limit-limit': '1',
    'x-rate-limit-reset': '1763100902',
    'content-disposition': 'attachment; filename=json.json',
    'x-content-type-options': 'nosniff',
    'x-rate-limit-remaining': '0',
    'x-response-time': '11',
    'origin-cf-ray': '99e4494628a73ae1-IAD',
    'strict-transport-security': 'max-age=631138519; includeSubdomains',
    'x-served-by': 't4_a',
    'cf-cache-status': 'DYNAMIC',
    'set-cookie': [
      'guest_id=v1%3A176310000230126678; SameSite=None; Secure; Path=/; Domain=.twitter.com; Max-Age=34214400; Expires=Tue, 15 Dec 2026 06:00:02 GMT',
      '__cf_bm=qu3kBGebS.67AQnA2l4p4_CE4pb9mtqyRv.FKecjISg-1763100002.269921-1.0.1.1-lMAdF9Lz9XFv1wZ1PEwr53mcowrcfcBpiiPA2marMhKBliwHXpXhlc_5STtUElI8lI1FlEyt5NQjJIcEbFfBUxznNWi1I2hVY_jtCsYB7Sc2lGFiO7Ay7LasHkdH2kIj; HttpOnly; Secure; Path=/; Domain=twitter.com; Expires=Fri, 14 Nov 2025 06:30:02 GMT'
    ],
    'cf-ray': '99e4494628a73ae1-IAD'
  },
  rateLimit: { limit: 1, remaining: 0, reset: 1763100902 },
  data: {
    title: 'Too Many Requests',
    detail: 'Too Many Requests',
    type: 'about:blank',
    status: 429
  }
}
Error fetching tweets: ApiResponseError: Request failed with code 429
    at RequestHandlerHelper.createResponseError (/home/ubuntu/apps/gotravel/node_modules/twitter-api-v2/dist/cjs/client-mixins/request-handler.helper.js:104:16)
    at RequestHandlerHelper.onResponseEndHandler (/home/ubuntu/apps/gotravel/node_modules/twitter-api-v2/dist/cjs/client-mixins/request-handler.helper.js:262:25)
    at Gunzip.emit (node:events:517:28)
    at endReadableNT (node:internal/streams/readable:1400:12)
    at process.processTicksAndRejections (node:internal/process/task_queues:82:21) {
  error: true,
  type: 'response',
  code: 429,
  headers: {
    date: 'Sat, 15 Nov 2025 06:00:03 GMT',
    'content-type': 'application/json; charset=utf-8',
    'content-length': '94',
    connection: 'close',
    perf: '7402827104',
    server: 'cloudflare envoy',
    vary: 'accept-encoding',
    'api-version': '2.153',
    'cache-control': 'no-cache, no-store, max-age=0',
    'x-access-level': 'read',
    'x-frame-options': 'SAMEORIGIN',
    'content-encoding': 'gzip',
    'x-transaction-id': 'd6d4338aad9072d0',
    'x-xss-protection': '0',
    'x-rate-limit-limit': '1',
    'x-rate-limit-reset': '1763187303',
    'content-disposition': 'attachment; filename=json.json',
    'x-content-type-options': 'nosniff',
    'x-rate-limit-remaining': '0',
    'x-response-time': '10',
    'origin-cf-ray': '99ec86ac1914ae0c-IAD',
    'strict-transport-security': 'max-age=631138519; includeSubdomains',
    'x-served-by': 't4_a',
    'cf-cache-status': 'DYNAMIC',
    'set-cookie': [
      'guest_id=v1%3A176318640324016630; SameSite=None; Secure; Path=/; Domain=.twitter.com; Max-Age=34214400; Expires=Wed, 16 Dec 2026 06:00:03 GMT',
      '__cf_bm=1jOU.nGAZfFLx5ImWNMxwI52c8TftgZ4.3CyrvV5Wfs-1763186403.2138608-1.0.1.1-xlB1vkWjLMEJmvjfseWb_KSEYkybvEbHx0TAvE_C3bMLKHgK6MACT0K9FeXrDf3bxaQeZnhnqYj2bo5KB21TmZRKECSKDN9II6psL_z2SK1672vR8Xa98hu8fGdRRykv; HttpOnly; Secure; Path=/; Domain=twitter.com; Expires=Sat, 15 Nov 2025 06:30:03 GMT'
    ],
    'cf-ray': '99ec86ac1914ae0c-IAD'
  },
  rateLimit: { limit: 1, remaining: 0, reset: 1763187303 },
  data: {
    title: 'Too Many Requests',
    detail: 'Too Many Requests',
    type: 'about:blank',
    status: 429
  }
}
Error fetching tweets: ApiResponseError: Request failed with code 429
    at RequestHandlerHelper.createResponseError (/home/ubuntu/apps/gotravel/node_modules/twitter-api-v2/dist/cjs/client-mixins/request-handler.helper.js:104:16)
    at RequestHandlerHelper.onResponseEndHandler (/home/ubuntu/apps/gotravel/node_modules/twitter-api-v2/dist/cjs/client-mixins/request-handler.helper.js:262:25)
    at Gunzip.emit (node:events:517:28)
    at endReadableNT (node:internal/streams/readable:1400:12)
    at process.processTicksAndRejections (node:internal/process/task_queues:82:21) {
  error: true,
  type: 'response',
  code: 429,
  headers: {
    date: 'Sun, 16 Nov 2025 06:00:03 GMT',
    'content-type': 'application/json; charset=utf-8',
    'content-length': '196',
    connection: 'close',
    perf: '7402827104',
    server: 'cloudflare envoy',
    vary: 'accept-encoding',
    'api-version': '2.153',
    'cache-control': 'no-cache, no-store, max-age=0',
    'x-access-level': 'read',
    'x-frame-options': 'SAMEORIGIN',
    'content-encoding': 'gzip',
    'x-transaction-id': '6c30e0fd5b700f91',
    'x-xss-protection': '0',
    'x-rate-limit-limit': '40000',
    'x-rate-limit-reset': '1763273703',
    'content-disposition': 'attachment; filename=json.json',
    'x-content-type-options': 'nosniff',
    'x-rate-limit-remaining': '39999',
    'x-response-time': '17',
    'origin-cf-ray': '99f4c40f6853e5eb-IAD',
    'strict-transport-security': 'max-age=631138519; includeSubdomains',
    'x-served-by': 't4_a',
    'cf-cache-status': 'DYNAMIC',
    'set-cookie': [
      'guest_id=v1%3A176327280376121718; SameSite=None; Secure; Path=/; Domain=.twitter.com; Max-Age=34214400; Expires=Thu, 17 Dec 2026 06:00:03 GMT',
      '__cf_bm=2P3DPuV39HZgD6CoPaO2ws_uGvR0Kmubkg1IvePLETs-1763272803.744286-1.0.1.1-_TRESryDcnWLoj.S387cuTzZx4jKDXYsI0ejoAcyDKmrUpJIosKDiqcfEg9jKUcSXsC2vo8TcXNR7_1lSs2V_vcVoc8prKkGJcSqOOfZY_EmK07e_C8_O7IqIDItj_gz; HttpOnly; Secure; Path=/; Domain=twitter.com; Expires=Sun, 16 Nov 2025 06:30:03 GMT'
    ],
    'cf-ray': '99f4c40f6853e5eb-IAD'
  },
  rateLimit: { limit: 40000, remaining: 39999, reset: 1763273703 },
  data: {
    account_id: 1821227857097715700,
    product_name: 'standard-basic',
    title: 'UsageCapExceeded',
    period: 'Monthly',
    scope: 'Product',
    detail: 'Usage cap exceeded: Monthly product cap',
    type: 'https://api.twitter.com/2/problems/usage-capped'
  }
}
Error fetching tweets: ApiResponseError: Request failed with code 429
    at RequestHandlerHelper.createResponseError (/home/ubuntu/apps/gotravel/node_modules/twitter-api-v2/dist/cjs/client-mixins/request-handler.helper.js:104:16)
    at RequestHandlerHelper.onResponseEndHandler (/home/ubuntu/apps/gotravel/node_modules/twitter-api-v2/dist/cjs/client-mixins/request-handler.helper.js:262:25)
    at Gunzip.emit (node:events:517:28)
    at endReadableNT (node:internal/streams/readable:1400:12)
    at process.processTicksAndRejections (node:internal/process/task_queues:82:21) {
  error: true,
  type: 'response',
  code: 429,
  headers: {
    date: 'Mon, 17 Nov 2025 06:00:02 GMT',
    'content-type': 'application/json; charset=utf-8',
    'content-length': '94',
    connection: 'close',
    perf: '7402827104',
    server: 'cloudflare envoy',
    'api-version': '2.153',
    'cache-control': 'no-cache, no-store, max-age=0',
    'x-access-level': 'read',
    'x-frame-options': 'SAMEORIGIN',
    'content-encoding': 'gzip',
    'x-transaction-id': '0064fcdab87a5763',
    'x-xss-protection': '0',
    'x-rate-limit-limit': '1',
    'x-rate-limit-reset': '1763360102',
    'content-disposition': 'attachment; filename=json.json',
    'x-content-type-options': 'nosniff',
    'x-rate-limit-remaining': '0',
    'x-response-time': '11',
    'origin-cf-ray': '99fd01649ba05950-ATL',
    'strict-transport-security': 'max-age=631138519; includeSubdomains',
    'x-served-by': 't4_a',
    vary: 'accept-encoding',
    'cf-cache-status': 'DYNAMIC',
    'set-cookie': [
      'guest_id=v1%3A176335920206643921; SameSite=None; Secure; Path=/; Domain=.twitter.com; Max-Age=34214400; Expires=Fri, 18 Dec 2026 06:00:02 GMT',
      '__cf_bm=k__tdR7S27OwBtTTjfkx.lRNzRYa7ljtMLMKTsRoGe4-1763359202.0123065-1.0.1.1-gYYQ9huJuX9Pd60uOB8NbIlKsoQbjW4yurIyUt86MKPSjb5hcmtOGs7a11Jn1Tl47SbMsWjcA0ahYDcQ9ZjC63jrXg6px35nKa94bxjDjURInJIVH0o6SIMTomwv4gOv; HttpOnly; Secure; Path=/; Domain=twitter.com; Expires=Mon, 17 Nov 2025 06:30:02 GMT'
    ],
    'cf-ray': '99fd01649ba05950-IAD'
  },
  rateLimit: { limit: 1, remaining: 0, reset: 1763360102 },
  data: {
    title: 'Too Many Requests',
    detail: 'Too Many Requests',
    type: 'about:blank',
    status: 429
  }
}
Error fetching tweets: ApiResponseError: Request failed with code 429
    at RequestHandlerHelper.createResponseError (/home/ubuntu/apps/gotravel/node_modules/twitter-api-v2/dist/cjs/client-mixins/request-handler.helper.js:104:16)
    at RequestHandlerHelper.onResponseEndHandler (/home/ubuntu/apps/gotravel/node_modules/twitter-api-v2/dist/cjs/client-mixins/request-handler.helper.js:262:25)
    at Gunzip.emit (node:events:517:28)
    at endReadableNT (node:internal/streams/readable:1400:12)
    at process.processTicksAndRejections (node:internal/process/task_queues:82:21) {
  error: true,
  type: 'response',
  code: 429,
  headers: {
    date: 'Tue, 18 Nov 2025 06:00:03 GMT',
    'content-type': 'application/json; charset=utf-8',
    'content-length': '196',
    connection: 'close',
    perf: '7402827104',
    server: 'cloudflare envoy',
    vary: 'accept-encoding',
    'api-version': '2.153',
    'cache-control': 'no-cache, no-store, max-age=0',
    'x-access-level': 'read',
    'x-frame-options': 'SAMEORIGIN',
    'content-encoding': 'gzip',
    'x-transaction-id': 'cf32cb3b045aea68',
    'x-xss-protection': '0',
    'x-rate-limit-limit': '40000',
    'x-rate-limit-reset': '1763446503',
    'content-disposition': 'attachment; filename=json.json',
    'x-content-type-options': 'nosniff',
    'x-rate-limit-remaining': '39999',
    'x-response-time': '18',
    'origin-cf-ray': '9a053ecb5abc82c3-IAD',
    'strict-transport-security': 'max-age=631138519; includeSubdomains',
    'x-served-by': 't4_a',
    'cf-cache-status': 'DYNAMIC',
    'set-cookie': [
      'guest_id=v1%3A176344560313037125; SameSite=None; Secure; Path=/; Domain=.twitter.com; Max-Age=34214400; Expires=Sat, 19 Dec 2026 06:00:03 GMT',
      '__cf_bm=CNqzB7pgtDRssS0pKuwuR9bfHhXeH2WDRBkrOWTdkjs-1763445603.1039042-1.0.1.1-shzl28YCErCuvvPfqkLTOIf8of0klzFQoqYJPMw6K4rdABIN7K_j6.a4DdPRVOpI8XXEpaTTwhCShusOoqXGxaOTIK3HGF64drgwQGmPu90hIgrrHOr5obwIAmd_fIGv; HttpOnly; Secure; Path=/; Domain=twitter.com; Expires=Tue, 18 Nov 2025 06:30:03 GMT'
    ],
    'cf-ray': '9a053ecb5abc82c3-IAD'
  },
  rateLimit: { limit: 40000, remaining: 39999, reset: 1763446503 },
  data: {
    account_id: 1821227857097715700,
    product_name: 'standard-basic',
    title: 'UsageCapExceeded',
    period: 'Monthly',
    scope: 'Product',
    detail: 'Usage cap exceeded: Monthly product cap',
    type: 'https://api.twitter.com/2/problems/usage-capped'
  }
}
Error fetching tweets: ApiResponseError: Request failed with code 429
    at RequestHandlerHelper.createResponseError (/home/ubuntu/apps/gotravel/node_modules/twitter-api-v2/dist/cjs/client-mixins/request-handler.helper.js:104:16)
    at RequestHandlerHelper.onResponseEndHandler (/home/ubuntu/apps/gotravel/node_modules/twitter-api-v2/dist/cjs/client-mixins/request-handler.helper.js:262:25)
    at Gunzip.emit (node:events:517:28)
    at endReadableNT (node:internal/streams/readable:1400:12)
    at process.processTicksAndRejections (node:internal/process/task_queues:82:21) {
  error: true,
  type: 'response',
  code: 429,
  headers: {
    date: 'Wed, 19 Nov 2025 06:00:02 GMT',
    'content-type': 'application/json; charset=utf-8',
    'content-length': '94',
    connection: 'close',
    perf: '7402827104',
    server: 'cloudflare envoy',
    vary: 'accept-encoding',
    'api-version': '2.153',
    'cache-control': 'no-cache, no-store, max-age=0',
    'x-access-level': 'read',
    'x-frame-options': 'SAMEORIGIN',
    'content-encoding': 'gzip',
    'x-transaction-id': '1c7a5b8eab2915bb',
    'x-xss-protection': '0',
    'x-rate-limit-limit': '1',
    'x-rate-limit-reset': '1763532902',
    'content-disposition': 'attachment; filename=json.json',
    'x-content-type-options': 'nosniff',
    'x-rate-limit-remaining': '0',
    'x-response-time': '15',
    'origin-cf-ray': '9a0d7c262c3b57ca-IAD',
    'strict-transport-security': 'max-age=631138519; includeSubdomains',
    'x-served-by': 't4_a',
    'cf-cache-status': 'DYNAMIC',
    'set-cookie': [
      'guest_id=v1%3A176353200229912528; SameSite=None; Secure; Path=/; Domain=.twitter.com; Max-Age=34214400; Expires=Sun, 20 Dec 2026 06:00:02 GMT',
      '__cf_bm=6knLMkh_VJZjJ.cjI4ePcrC9_ZKjURK58ZY3OTcjGXc-1763532002.2698293-1.0.1.1-Vqjefocsnp_rqKV2e6YZh.pnVqRMDB9m1oufk.DCk4AKvHpP3fIIxeCnMUPRdrrYgvEJp7.Y1Fu4AlyTnXCulg0VFmW9zuotodYXdiifuykf_nnd3h0TL76k.Bqjks7Z; HttpOnly; Secure; Path=/; Domain=twitter.com; Expires=Wed, 19 Nov 2025 06:30:02 GMT'
    ],
    'cf-ray': '9a0d7c262c3b57ca-IAD'
  },
  rateLimit: { limit: 1, remaining: 0, reset: 1763532902 },
  data: {
    title: 'Too Many Requests',
    detail: 'Too Many Requests',
    type: 'about:blank',
    status: 429
  }
}
Error fetching tweets: ApiResponseError: Request failed with code 429
    at RequestHandlerHelper.createResponseError (/home/ubuntu/apps/gotravel/node_modules/twitter-api-v2/dist/cjs/client-mixins/request-handler.helper.js:104:16)
    at RequestHandlerHelper.onResponseEndHandler (/home/ubuntu/apps/gotravel/node_modules/twitter-api-v2/dist/cjs/client-mixins/request-handler.helper.js:262:25)
    at Gunzip.emit (node:events:517:28)
    at endReadableNT (node:internal/streams/readable:1400:12)
    at process.processTicksAndRejections (node:internal/process/task_queues:82:21) {
  error: true,
  type: 'response',
  code: 429,
  headers: {
    date: 'Thu, 20 Nov 2025 06:00:02 GMT',
    'content-type': 'application/json; charset=utf-8',
    'content-length': '196',
    connection: 'close',
    perf: '7402827104',
    server: 'cloudflare envoy',
    'api-version': '2.153',
    'cache-control': 'no-cache, no-store, max-age=0',
    'x-access-level': 'read',
    'x-frame-options': 'SAMEORIGIN',
    'content-encoding': 'gzip',
    'x-transaction-id': '8f70506ccc22a10e',
    'x-xss-protection': '0',
    'x-rate-limit-limit': '40000',
    'x-rate-limit-reset': '1763619302',
    'content-disposition': 'attachment; filename=json.json',
    'x-content-type-options': 'nosniff',
    'x-rate-limit-remaining': '39999',
    'x-response-time': '18',
    'origin-cf-ray': '9a15b9889c039c70-ATL',
    'strict-transport-security': 'max-age=631138519; includeSubdomains',
    'x-served-by': 't4_a',
    vary: 'accept-encoding',
    'cf-cache-status': 'DYNAMIC',
    'set-cookie': [
      'guest_id=v1%3A176361840268142929; SameSite=None; Secure; Path=/; Domain=.twitter.com; Max-Age=34214400; Expires=Mon, 21 Dec 2026 06:00:02 GMT',
      '__cf_bm=tvHAtDeDsmieAocwEj.fF3iiuM87YCvCoZMhL0dVvFg-1763618402.6563592-1.0.1.1-4ewb_03VNTP6cAfh2vruKVEX0AdSh9RRgCJ3w3lbbEaJ68mBpEOMVu4MJE.oGn.Z_badyRIKE.64yhipE47B5T6dH4aHHP2654odEtDBhp_eIWbING2Z8RIW9lIV2cYE; HttpOnly; Secure; Path=/; Domain=twitter.com; Expires=Thu, 20 Nov 2025 06:30:02 GMT'
    ],
    'cf-ray': '9a15b9889c039c70-IAD'
  },
  rateLimit: { limit: 40000, remaining: 39999, reset: 1763619302 },
  data: {
    account_id: 1821227857097715700,
    product_name: 'standard-basic',
    title: 'UsageCapExceeded',
    period: 'Monthly',
    scope: 'Product',
    detail: 'Usage cap exceeded: Monthly product cap',
    type: 'https://api.twitter.com/2/problems/usage-capped'
  }
}
Error fetching tweets: ApiResponseError: Request failed with code 429
    at RequestHandlerHelper.createResponseError (/home/ubuntu/apps/gotravel/node_modules/twitter-api-v2/dist/cjs/client-mixins/request-handler.helper.js:104:16)
    at RequestHandlerHelper.onResponseEndHandler (/home/ubuntu/apps/gotravel/node_modules/twitter-api-v2/dist/cjs/client-mixins/request-handler.helper.js:262:25)
    at Gunzip.emit (node:events:517:28)
    at endReadableNT (node:internal/streams/readable:1400:12)
    at process.processTicksAndRejections (node:internal/process/task_queues:82:21) {
  error: true,
  type: 'response',
  code: 429,
  headers: {
    date: 'Fri, 21 Nov 2025 06:00:02 GMT',
    'content-type': 'application/json; charset=utf-8',
    'content-length': '196',
    connection: 'close',
    perf: '7402827104',
    server: 'cloudflare envoy',
    vary: 'accept-encoding',
    'api-version': '2.153',
    'cache-control': 'no-cache, no-store, max-age=0',
    'x-access-level': 'read',
    'x-frame-options': 'SAMEORIGIN',
    'content-encoding': 'gzip',
    'x-transaction-id': '8e4137b73eec27a9',
    'x-xss-protection': '0',
    'x-rate-limit-limit': '40000',
    'x-rate-limit-reset': '1763705702',
    'content-disposition': 'attachment; filename=json.json',
    'x-content-type-options': 'nosniff',
    'x-rate-limit-remaining': '39999',
    'x-response-time': '18',
    'origin-cf-ray': '9a1df6e9efa0658c-IAD',
    'strict-transport-security': 'max-age=631138519; includeSubdomains',
    'x-served-by': 't4_a',
    'cf-cache-status': 'DYNAMIC',
    'set-cookie': [
      'guest_id=v1%3A176370480289221068; SameSite=None; Secure; Path=/; Domain=.twitter.com; Max-Age=34214400; Expires=Tue, 22 Dec 2026 06:00:02 GMT',
      '__cf_bm=U.tzR2R096Cqa8Lb96V2eKx7pnvmOK_BK6Iwus9EH.k-1763704802.8694863-1.0.1.1-D51p3hA0c249t8v65naBR48AFeBL2uxh6ykrwQlHOOS_t9JM2Y8fPq27EMSOWoLdIWedy3ZvWV9fwr8.vqWhIEUKFQ83fxHDtxoai7Gb9M1djxLt8.kxBX41uEyNnYOK; HttpOnly; Secure; Path=/; Domain=twitter.com; Expires=Fri, 21 Nov 2025 06:30:02 GMT'
    ],
    'cf-ray': '9a1df6e9efa0658c-IAD'
  },
  rateLimit: { limit: 40000, remaining: 39999, reset: 1763705702 },
  data: {
    account_id: 1821227857097715700,
    product_name: 'standard-basic',
    title: 'UsageCapExceeded',
    period: 'Monthly',
    scope: 'Product',
    detail: 'Usage cap exceeded: Monthly product cap',
    type: 'https://api.twitter.com/2/problems/usage-capped'
  }
}
Error fetching tweets: ApiResponseError: Request failed with code 429
    at RequestHandlerHelper.createResponseError (/home/ubuntu/apps/gotravel/node_modules/twitter-api-v2/dist/cjs/client-mixins/request-handler.helper.js:104:16)
    at RequestHandlerHelper.onResponseEndHandler (/home/ubuntu/apps/gotravel/node_modules/twitter-api-v2/dist/cjs/client-mixins/request-handler.helper.js:262:25)
    at Gunzip.emit (node:events:517:28)
    at endReadableNT (node:internal/streams/readable:1400:12)
    at process.processTicksAndRejections (node:internal/process/task_queues:82:21) {
  error: true,
  type: 'response',
  code: 429,
  headers: {
    date: 'Sat, 22 Nov 2025 06:00:02 GMT',
    'content-type': 'application/json; charset=utf-8',
    'content-length': '94',
    connection: 'close',
    perf: '7402827104',
    server: 'cloudflare envoy',
    'api-version': '2.153',
    'cache-control': 'no-cache, no-store, max-age=0',
    'x-access-level': 'read',
    'x-frame-options': 'SAMEORIGIN',
    'content-encoding': 'gzip',
    'x-transaction-id': '8501f52ee7210a2e',
    'x-xss-protection': '0',
    'x-rate-limit-limit': '1',
    'x-rate-limit-reset': '1763792102',
    'content-disposition': 'attachment; filename=json.json',
    'x-content-type-options': 'nosniff',
    'x-rate-limit-remaining': '0',
    'x-response-time': '12',
    'origin-cf-ray': '9a263448b8a8c1cf-ATL',
    'strict-transport-security': 'max-age=631138519; includeSubdomains',
    'x-served-by': 't4_a',
    vary: 'accept-encoding',
    'cf-cache-status': 'DYNAMIC',
    'set-cookie': [
      'guest_id=v1%3A176379120269842884; SameSite=None; Secure; Path=/; Domain=.twitter.com; Max-Age=34214400; Expires=Wed, 23 Dec 2026 06:00:02 GMT',
      '__cf_bm=GZwEvikvnXvKgqGjLRDjtdi408swVEKxMqUv6RO.o2U-1763791202.6778307-1.0.1.1-YP.6mnB_k22h0JW9YnsNqfcOuuPow2DrtyZZRR_GYxUQSKGjW0qckr5Mx22j.dZR05D6VAmJT3gFXcG58GDQOr0xxjEoUUpPq00eB5YCoac2Hn1xZzijP0qFiPpvXD1P; HttpOnly; Secure; Path=/; Domain=twitter.com; Expires=Sat, 22 Nov 2025 06:30:02 GMT'
    ],
    'cf-ray': '9a263448b8a8c1cf-IAD'
  },
  rateLimit: { limit: 1, remaining: 0, reset: 1763792102 },
  data: {
    title: 'Too Many Requests',
    detail: 'Too Many Requests',
    type: 'about:blank',
    status: 429
  }
}
Error fetching tweets: ApiResponseError: Request failed with code 429
    at RequestHandlerHelper.createResponseError (/home/ubuntu/apps/gotravel/node_modules/twitter-api-v2/dist/cjs/client-mixins/request-handler.helper.js:104:16)
    at RequestHandlerHelper.onResponseEndHandler (/home/ubuntu/apps/gotravel/node_modules/twitter-api-v2/dist/cjs/client-mixins/request-handler.helper.js:262:25)
    at Gunzip.emit (node:events:517:28)
    at endReadableNT (node:internal/streams/readable:1400:12)
    at process.processTicksAndRejections (node:internal/process/task_queues:82:21) {
  error: true,
  type: 'response',
  code: 429,
  headers: {
    date: 'Sun, 23 Nov 2025 06:00:02 GMT',
    'content-type': 'application/json; charset=utf-8',
    'content-length': '94',
    connection: 'close',
    perf: '7402827104',
    server: 'cloudflare envoy',
    vary: 'accept-encoding',
    'api-version': '2.153',
    'cache-control': 'no-cache, no-store, max-age=0',
    'x-access-level': 'read',
    'x-frame-options': 'SAMEORIGIN',
    'content-encoding': 'gzip',
    'x-transaction-id': '7360236afb7e7296',
    'x-xss-protection': '0',
    'x-rate-limit-limit': '1',
    'x-rate-limit-reset': '1763878502',
    'content-disposition': 'attachment; filename=json.json',
    'x-content-type-options': 'nosniff',
    'x-rate-limit-remaining': '0',
    'x-response-time': '10',
    'origin-cf-ray': '9a2e71a709135567-IAD',
    'strict-transport-security': 'max-age=631138519; includeSubdomains',
    'x-served-by': 't4_a',
    'cf-cache-status': 'DYNAMIC',
    'set-cookie': [
      'guest_id=v1%3A176387760242909141; SameSite=None; Secure; Path=/; Domain=.twitter.com; Max-Age=34214400; Expires=Thu, 24 Dec 2026 06:00:02 GMT',
      '__cf_bm=0F_QMKwn2Smzm087t7gpEusp7qsf86o9RXaagkIexrY-1763877602.4031885-1.0.1.1-BLxlmYBWslW3asFVAU..Q8kzPhlzX2B.lVfY0YE.vXRozRW4Xkdjqa1poRDLTdwxzLVNPyfEQjXdchKBpqA8zBxSlu7224yTTOMpbvolmDYT_l1URfMpWhvzANkexgdR; HttpOnly; Secure; Path=/; Domain=twitter.com; Expires=Sun, 23 Nov 2025 06:30:02 GMT'
    ],
    'cf-ray': '9a2e71a709135567-IAD'
  },
  rateLimit: { limit: 1, remaining: 0, reset: 1763878502 },
  data: {
    title: 'Too Many Requests',
    detail: 'Too Many Requests',
    type: 'about:blank',
    status: 429
  }
}
Error fetching tweets: ApiResponseError: Request failed with code 429
    at RequestHandlerHelper.createResponseError (/home/ubuntu/apps/gotravel/node_modules/twitter-api-v2/dist/cjs/client-mixins/request-handler.helper.js:104:16)
    at RequestHandlerHelper.onResponseEndHandler (/home/ubuntu/apps/gotravel/node_modules/twitter-api-v2/dist/cjs/client-mixins/request-handler.helper.js:262:25)
    at Gunzip.emit (node:events:517:28)
    at endReadableNT (node:internal/streams/readable:1400:12)
    at process.processTicksAndRejections (node:internal/process/task_queues:82:21) {
  error: true,
  type: 'response',
  code: 429,
  headers: {
    date: 'Mon, 24 Nov 2025 06:00:01 GMT',
    'content-type': 'application/json; charset=utf-8',
    'content-length': '196',
    connection: 'close',
    perf: '7402827104',
    server: 'cloudflare envoy',
    vary: 'accept-encoding',
    'api-version': '2.153',
    'cache-control': 'no-cache, no-store, max-age=0',
    'x-access-level': 'read',
    'x-frame-options': 'SAMEORIGIN',
    'content-encoding': 'gzip',
    'x-transaction-id': 'f62f161016a7b2bc',
    'x-xss-protection': '0',
    'x-rate-limit-limit': '40000',
    'x-rate-limit-reset': '1763964901',
    'content-disposition': 'attachment; filename=json.json',
    'x-content-type-options': 'nosniff',
    'x-rate-limit-remaining': '39999',
    'x-response-time': '19',
    'origin-cf-ray': '9a36af038b42e5fc-IAD',
    'strict-transport-security': 'max-age=631138519; includeSubdomains',
    'x-served-by': 't4_a',
    'cf-cache-status': 'DYNAMIC',
    'set-cookie': [
      'guest_id=v1%3A176396400187125283; SameSite=None; Secure; Path=/; Domain=.twitter.com; Max-Age=34214400; Expires=Fri, 25 Dec 2026 06:00:01 GMT',
      '__cf_bm=ybMUiCvNeNbjtYSCJG36eberI_FM7UovLFnJBFcYfwg-1763964001.847525-1.0.1.1-gpyNjlF6jxoqmCRTPUKoHqKlCdUDKaRvT88g88_W_yflIcy6aPN2jy0mTjKX32oaHS4QtJtP5wJZsMouPU3ONg5jheKe6JijR03Pupnu7_dPq5e03cowmXV1spjx6O71; HttpOnly; Secure; Path=/; Domain=twitter.com; Expires=Mon, 24 Nov 2025 06:30:01 GMT'
    ],
    'cf-ray': '9a36af038b42e5fc-IAD'
  },
  rateLimit: { limit: 40000, remaining: 39999, reset: 1763964901 },
  data: {
    account_id: 1821227857097715700,
    product_name: 'standard-basic',
    title: 'UsageCapExceeded',
    period: 'Monthly',
    scope: 'Product',
    detail: 'Usage cap exceeded: Monthly product cap',
    type: 'https://api.twitter.com/2/problems/usage-capped'
  }
}
Error fetching tweets: ApiResponseError: Request failed with code 429
    at RequestHandlerHelper.createResponseError (/home/ubuntu/apps/gotravel/node_modules/twitter-api-v2/dist/cjs/client-mixins/request-handler.helper.js:104:16)
    at RequestHandlerHelper.onResponseEndHandler (/home/ubuntu/apps/gotravel/node_modules/twitter-api-v2/dist/cjs/client-mixins/request-handler.helper.js:262:25)
    at Gunzip.emit (node:events:517:28)
    at endReadableNT (node:internal/streams/readable:1400:12)
    at process.processTicksAndRejections (node:internal/process/task_queues:82:21) {
  error: true,
  type: 'response',
  code: 429,
  headers: {
    date: 'Tue, 25 Nov 2025 06:00:02 GMT',
    'content-type': 'application/json; charset=utf-8',
    'content-length': '196',
    connection: 'close',
    perf: '7402827104',
    server: 'cloudflare envoy',
    vary: 'accept-encoding',
    'api-version': '2.153',
    'cache-control': 'no-cache, no-store, max-age=0',
    'x-access-level': 'read',
    'x-frame-options': 'SAMEORIGIN',
    'content-encoding': 'gzip',
    'x-transaction-id': '3bf85b869dda84cf',
    'x-xss-protection': '0',
    'x-rate-limit-limit': '40000',
    'x-rate-limit-reset': '1764051302',
    'content-disposition': 'attachment; filename=json.json',
    'x-content-type-options': 'nosniff',
    'x-rate-limit-remaining': '39999',
    'x-response-time': '22',
    'origin-cf-ray': '9a3eec697bdfc9a5-IAD',
    'strict-transport-security': 'max-age=631138519; includeSubdomains',
    'x-served-by': 't4_a',
    'cf-cache-status': 'DYNAMIC',
    'set-cookie': [
      'guest_id=v1%3A176405040281880772; SameSite=None; Secure; Path=/; Domain=.twitter.com; Max-Age=34214400; Expires=Sat, 26 Dec 2026 06:00:02 GMT',
      '__cf_bm=9lQEFBrDRA4E02uKyrWpVa4Qjxkq_jtFHnAOzX.LcvI-1764050402.7935467-1.0.1.1-u7vuCFBtbm0iK2AzjUbAafGZ2Bx2T4q4PwV_k2F0xjhOjKHYh.VT3sgt6kknyGma935tmHDTxBoHBGPFc__cV4nq1K4CNym4ZKjAT3rPfz91pPZYdRIWA6bxIN7abCI6; HttpOnly; Secure; Path=/; Domain=twitter.com; Expires=Tue, 25 Nov 2025 06:30:02 GMT'
    ],
    'cf-ray': '9a3eec697bdfc9a5-IAD'
  },
  rateLimit: { limit: 40000, remaining: 39999, reset: 1764051302 },
  data: {
    account_id: 1821227857097715700,
    product_name: 'standard-basic',
    title: 'UsageCapExceeded',
    period: 'Monthly',
    scope: 'Product',
    detail: 'Usage cap exceeded: Monthly product cap',
    type: 'https://api.twitter.com/2/problems/usage-capped'
  }
}
Error fetching tweets: ApiResponseError: Request failed with code 429
    at RequestHandlerHelper.createResponseError (/home/ubuntu/apps/gotravel/node_modules/twitter-api-v2/dist/cjs/client-mixins/request-handler.helper.js:104:16)
    at RequestHandlerHelper.onResponseEndHandler (/home/ubuntu/apps/gotravel/node_modules/twitter-api-v2/dist/cjs/client-mixins/request-handler.helper.js:262:25)
    at Gunzip.emit (node:events:517:28)
    at endReadableNT (node:internal/streams/readable:1400:12)
    at process.processTicksAndRejections (node:internal/process/task_queues:82:21) {
  error: true,
  type: 'response',
  code: 429,
  headers: {
    date: 'Wed, 26 Nov 2025 06:00:02 GMT',
    'content-type': 'application/json; charset=utf-8',
    'content-length': '196',
    connection: 'close',
    perf: '7402827104',
    server: 'cloudflare envoy',
    vary: 'accept-encoding',
    'api-version': '2.153',
    'cache-control': 'no-cache, no-store, max-age=0',
    'x-access-level': 'read',
    'x-frame-options': 'SAMEORIGIN',
    'content-encoding': 'gzip',
    'x-transaction-id': 'ea44c87df5b0fa08',
    'x-xss-protection': '0',
    'x-rate-limit-limit': '40000',
    'x-rate-limit-reset': '1764137702',
    'content-disposition': 'attachment; filename=json.json',
    'x-content-type-options': 'nosniff',
    'x-rate-limit-remaining': '39999',
    'x-response-time': '19',
    'origin-cf-ray': '9a4729c6ef0e2024-IAD',
    'strict-transport-security': 'max-age=631138519; includeSubdomains',
    'x-served-by': 't4_a',
    'cf-cache-status': 'DYNAMIC',
    'set-cookie': [
      'guest_id=v1%3A176413680241031866; SameSite=None; Secure; Path=/; Domain=.twitter.com; Max-Age=34214400; Expires=Sun, 27 Dec 2026 06:00:02 GMT',
      '__cf_bm=eNQyn1YxUHXD69k8lqJGEKpJav0_J1EYjClhg3cSE28-1764136802.3905845-1.0.1.1-qIilkhXBg7FlXTxp6gmiTAKjC6XuO2SmITKpK3FqnYeOdDOzjl0LkAvoB3IuNHIBkmfa1JyIaW_8BxHo6_3uEm86OVZkQXEJ4__6G0OY60bT13xdCofPqLmqXElxInxS; HttpOnly; Secure; Path=/; Domain=twitter.com; Expires=Wed, 26 Nov 2025 06:30:02 GMT'
    ],
    'cf-ray': '9a4729c6ef0e2024-IAD'
  },
  rateLimit: { limit: 40000, remaining: 39999, reset: 1764137702 },
  data: {
    account_id: 1821227857097715700,
    product_name: 'standard-basic',
    title: 'UsageCapExceeded',
    period: 'Monthly',
    scope: 'Product',
    detail: 'Usage cap exceeded: Monthly product cap',
    type: 'https://api.twitter.com/2/problems/usage-capped'
  }
}
Error fetching tweets: ApiResponseError: Request failed with code 429
    at RequestHandlerHelper.createResponseError (/home/ubuntu/apps/gotravel/node_modules/twitter-api-v2/dist/cjs/client-mixins/request-handler.helper.js:104:16)
    at RequestHandlerHelper.onResponseEndHandler (/home/ubuntu/apps/gotravel/node_modules/twitter-api-v2/dist/cjs/client-mixins/request-handler.helper.js:262:25)
    at Gunzip.emit (node:events:517:28)
    at endReadableNT (node:internal/streams/readable:1400:12)
    at process.processTicksAndRejections (node:internal/process/task_queues:82:21) {
  error: true,
  type: 'response',
  code: 429,
  headers: {
    date: 'Thu, 27 Nov 2025 06:00:02 GMT',
    'content-type': 'application/json; charset=utf-8',
    'content-length': '196',
    connection: 'close',
    perf: '7402827104',
    server: 'cloudflare envoy',
    vary: 'accept-encoding',
    'api-version': '2.153',
    'cache-control': 'no-cache, no-store, max-age=0',
    'x-access-level': 'read',
    'x-frame-options': 'SAMEORIGIN',
    'content-encoding': 'gzip',
    'x-transaction-id': '343762872bdf4425',
    'x-xss-protection': '0',
    'x-rate-limit-limit': '40000',
    'x-rate-limit-reset': '1764224102',
    'content-disposition': 'attachment; filename=json.json',
    'x-content-type-options': 'nosniff',
    'x-rate-limit-remaining': '39999',
    'x-response-time': '20',
    'origin-cf-ray': '9a4f67264b10200f-IAD',
    'strict-transport-security': 'max-age=631138519; includeSubdomains',
    'x-served-by': 't4_a',
    'cf-cache-status': 'DYNAMIC',
    'set-cookie': [
      'guest_id=v1%3A176422320233983582; SameSite=None; Secure; Path=/; Domain=.twitter.com; Max-Age=34214400; Expires=Mon, 28 Dec 2026 06:00:02 GMT',
      '__cf_bm=MlBeWMPMCb1JwA8wb.v6uyBkSAb_67ir7P640gMq0SY-1764223202.2859411-1.0.1.1-SFsJlzWQqSmZciVkZjnrEAfZiLfhtW2zHqeQzBbKSUNQtans4UzT44ZKsSYyx0zmnDKtl1B32cL2R4QnzYoPg5JzG_.MmHVV74.Bs_i9_cdGzloW3wkyC6qvkFERkQLl; HttpOnly; Secure; Path=/; Domain=twitter.com; Expires=Thu, 27 Nov 2025 06:30:02 GMT'
    ],
    'cf-ray': '9a4f67264b10200f-IAD'
  },
  rateLimit: { limit: 40000, remaining: 39999, reset: 1764224102 },
  data: {
    account_id: 1821227857097715700,
    product_name: 'standard-basic',
    title: 'UsageCapExceeded',
    period: 'Monthly',
    scope: 'Product',
    detail: 'Usage cap exceeded: Monthly product cap',
    type: 'https://api.twitter.com/2/problems/usage-capped'
  }
}
Error fetching tweets: ApiResponseError: Request failed with code 429
    at RequestHandlerHelper.createResponseError (/home/ubuntu/apps/gotravel/node_modules/twitter-api-v2/dist/cjs/client-mixins/request-handler.helper.js:104:16)
    at RequestHandlerHelper.onResponseEndHandler (/home/ubuntu/apps/gotravel/node_modules/twitter-api-v2/dist/cjs/client-mixins/request-handler.helper.js:262:25)
    at Gunzip.emit (node:events:517:28)
    at endReadableNT (node:internal/streams/readable:1400:12)
    at process.processTicksAndRejections (node:internal/process/task_queues:82:21) {
  error: true,
  type: 'response',
  code: 429,
  headers: {
    date: 'Fri, 28 Nov 2025 06:00:03 GMT',
    'content-type': 'application/json; charset=utf-8',
    'content-length': '196',
    connection: 'close',
    perf: '7402827104',
    server: 'cloudflare envoy',
    'api-version': '2.153',
    'cache-control': 'no-cache, no-store, max-age=0',
    'x-access-level': 'read',
    'x-frame-options': 'SAMEORIGIN',
    'content-encoding': 'gzip',
    'x-transaction-id': '6f9b54336682ddc3',
    'x-xss-protection': '0',
    'x-rate-limit-limit': '40000',
    'x-rate-limit-reset': '1764310503',
    'content-disposition': 'attachment; filename=json.json',
    'x-content-type-options': 'nosniff',
    'x-rate-limit-remaining': '39999',
    'x-response-time': '22',
    'origin-cf-ray': '9a57a48afcfa0ba2-ATL',
    'strict-transport-security': 'max-age=631138519; includeSubdomains',
    'x-served-by': 't4_a',
    vary: 'accept-encoding',
    'cf-cache-status': 'DYNAMIC',
    'set-cookie': [
      'guest_id=v1%3A176430960305634402; SameSite=None; Secure; Path=/; Domain=.twitter.com; Max-Age=34214400; Expires=Tue, 29 Dec 2026 06:00:03 GMT',
      '__cf_bm=u.Khf2MUrq9i_yyyfvNRSzLPK.8IPoXSxfMObffwIdI-1764309603.0350535-1.0.1.1-XpozgjNsy5hPYDKqA0_pZNr7LAJhqCZc1tmlm6Rx3_7ohThY2j2LXfL8fEerLRCInBt35rJExHRqSu5S4sSgMjA1z2QoLJhzgqL6WiFuLF5xFm0NNpIJ5VqR_33L6YR6; HttpOnly; Secure; Path=/; Domain=twitter.com; Expires=Fri, 28 Nov 2025 06:30:03 GMT'
    ],
    'cf-ray': '9a57a48afcfa0ba2-IAD'
  },
  rateLimit: { limit: 40000, remaining: 39999, reset: 1764310503 },
  data: {
    account_id: 1821227857097715700,
    product_name: 'standard-basic',
    title: 'UsageCapExceeded',
    period: 'Monthly',
    scope: 'Product',
    detail: 'Usage cap exceeded: Monthly product cap',
    type: 'https://api.twitter.com/2/problems/usage-capped'
  }
}
Error fetching tweets: ApiResponseError: Request failed with code 429
    at RequestHandlerHelper.createResponseError (/home/ubuntu/apps/gotravel/node_modules/twitter-api-v2/dist/cjs/client-mixins/request-handler.helper.js:104:16)
    at RequestHandlerHelper.onResponseEndHandler (/home/ubuntu/apps/gotravel/node_modules/twitter-api-v2/dist/cjs/client-mixins/request-handler.helper.js:262:25)
    at Gunzip.emit (node:events:517:28)
    at endReadableNT (node:internal/streams/readable:1400:12)
    at process.processTicksAndRejections (node:internal/process/task_queues:82:21) {
  error: true,
  type: 'response',
  code: 429,
  headers: {
    date: 'Sat, 29 Nov 2025 06:00:03 GMT',
    'content-type': 'application/json; charset=utf-8',
    'content-length': '196',
    connection: 'close',
    perf: '7402827104',
    server: 'cloudflare envoy',
    'api-version': '2.153',
    'cache-control': 'no-cache, no-store, max-age=0',
    'x-access-level': 'read',
    'x-frame-options': 'SAMEORIGIN',
    'content-encoding': 'gzip',
    'x-transaction-id': '46066f8b9b3db540',
    'x-xss-protection': '0',
    'x-rate-limit-limit': '40000',
    'x-rate-limit-reset': '1764396903',
    'content-disposition': 'attachment; filename=json.json',
    'x-content-type-options': 'nosniff',
    'x-rate-limit-remaining': '39999',
    'x-response-time': '21',
    'origin-cf-ray': '9a5fe1ed283bd468-ATL',
    'strict-transport-security': 'max-age=631138519; includeSubdomains',
    'x-served-by': 't4_a',
    vary: 'accept-encoding',
    'cf-cache-status': 'DYNAMIC',
    'set-cookie': [
      'guest_id=v1%3A176439600340556190; SameSite=None; Secure; Path=/; Domain=.twitter.com; Max-Age=34214400; Expires=Wed, 30 Dec 2026 06:00:03 GMT',
      '__cf_bm=zerwtdAWbwB5VHgcn2g14fHKppm4jchJQUcLV6aBcEI-1764396003.3837402-1.0.1.1-AS.iYFc8U4bpR_nI2VE3Ega7OfELp4fA8abu_.KW6Lia2QBAQyHB0DyrjnaJLgT97KmdLaBf2NvgT8cM.Esj4SJhia0UOkGN6zmEPo_hnBLTPsR2ZZTMBzefW_Nd.xj8; HttpOnly; Secure; Path=/; Domain=twitter.com; Expires=Sat, 29 Nov 2025 06:30:03 GMT'
    ],
    'cf-ray': '9a5fe1ed283bd468-IAD'
  },
  rateLimit: { limit: 40000, remaining: 39999, reset: 1764396903 },
  data: {
    account_id: 1821227857097715700,
    product_name: 'standard-basic',
    title: 'UsageCapExceeded',
    period: 'Monthly',
    scope: 'Product',
    detail: 'Usage cap exceeded: Monthly product cap',
    type: 'https://api.twitter.com/2/problems/usage-capped'
  }
}
Error fetching tweets: ApiResponseError: Request failed with code 429
    at RequestHandlerHelper.createResponseError (/home/ubuntu/apps/gotravel/node_modules/twitter-api-v2/dist/cjs/client-mixins/request-handler.helper.js:104:16)
    at RequestHandlerHelper.onResponseEndHandler (/home/ubuntu/apps/gotravel/node_modules/twitter-api-v2/dist/cjs/client-mixins/request-handler.helper.js:262:25)
    at Gunzip.emit (node:events:517:28)
    at endReadableNT (node:internal/streams/readable:1400:12)
    at process.processTicksAndRejections (node:internal/process/task_queues:82:21) {
  error: true,
  type: 'response',
  code: 429,
  headers: {
    date: 'Sun, 30 Nov 2025 06:00:03 GMT',
    'content-type': 'application/json; charset=utf-8',
    'content-length': '196',
    connection: 'close',
    perf: '7402827104',
    server: 'cloudflare envoy',
    'api-version': '2.153',
    'cache-control': 'no-cache, no-store, max-age=0',
    'x-access-level': 'read',
    'x-frame-options': 'SAMEORIGIN',
    'content-encoding': 'gzip',
    'x-transaction-id': '547e190f58236bc0',
    'x-xss-protection': '0',
    'x-rate-limit-limit': '40000',
    'x-rate-limit-reset': '1764483303',
    'content-disposition': 'attachment; filename=json.json',
    'x-content-type-options': 'nosniff',
    'x-rate-limit-remaining': '39999',
    'x-response-time': '20',
    'origin-cf-ray': '9a681f4ae94d81e2-ATL',
    'strict-transport-security': 'max-age=631138519; includeSubdomains',
    'x-served-by': 't4_a',
    vary: 'accept-encoding',
    'cf-cache-status': 'DYNAMIC',
    'set-cookie': [
      'guest_id=v1%3A176448240304564675; SameSite=None; Secure; Path=/; Domain=.twitter.com; Max-Age=34214400; Expires=Thu, 31 Dec 2026 06:00:03 GMT',
      '__cf_bm=GoHAU1U.wgoUNLoFC3iX0ggSLGhrgVreAtDnrbYtyXw-1764482403.0271614-1.0.1.1-NcZYTqCoy99GrEeYZGrrXMGETIqI4YXRcplEm1IWvkmaPROxrBkGndrBidfVubGxUj16mHj2nmc4KO2E0Q.WcT6nk8wMIvg3y4gAIKAPTKdMckMqg9HuwGBqgMEBY76U; HttpOnly; Secure; Path=/; Domain=twitter.com; Expires=Sun, 30 Nov 2025 06:30:03 GMT'
    ],
    'cf-ray': '9a681f4ae94d81e2-IAD'
  },
  rateLimit: { limit: 40000, remaining: 39999, reset: 1764483303 },
  data: {
    account_id: 1821227857097715700,
    product_name: 'standard-basic',
    title: 'UsageCapExceeded',
    period: 'Monthly',
    scope: 'Product',
    detail: 'Usage cap exceeded: Monthly product cap',
    type: 'https://api.twitter.com/2/problems/usage-capped'
  }
}
Error fetching tweets: ApiResponseError: Request failed with code 429
    at RequestHandlerHelper.createResponseError (/home/ubuntu/apps/gotravel/node_modules/twitter-api-v2/dist/cjs/client-mixins/request-handler.helper.js:104:16)
    at RequestHandlerHelper.onResponseEndHandler (/home/ubuntu/apps/gotravel/node_modules/twitter-api-v2/dist/cjs/client-mixins/request-handler.helper.js:262:25)
    at Gunzip.emit (node:events:517:28)
    at endReadableNT (node:internal/streams/readable:1400:12)
    at process.processTicksAndRejections (node:internal/process/task_queues:82:21) {
  error: true,
  type: 'response',
  code: 429,
  headers: {
    date: 'Mon, 01 Dec 2025 06:00:02 GMT',
    'content-type': 'application/json; charset=utf-8',
    'content-length': '196',
    connection: 'close',
    perf: '7402827104',
    server: 'cloudflare envoy',
    vary: 'accept-encoding',
    'api-version': '2.153',
    'cache-control': 'no-cache, no-store, max-age=0',
    'x-access-level': 'read',
    'x-frame-options': 'SAMEORIGIN',
    'content-encoding': 'gzip',
    'x-transaction-id': '70be7c347502da48',
    'x-xss-protection': '0',
    'x-rate-limit-limit': '40000',
    'x-rate-limit-reset': '1764569702',
    'content-disposition': 'attachment; filename=json.json',
    'x-content-type-options': 'nosniff',
    'x-rate-limit-remaining': '39999',
    'x-response-time': '22',
    'origin-cf-ray': '9a705ca89e434d20-IAD',
    'strict-transport-security': 'max-age=631138519; includeSubdomains',
    'x-served-by': 't4_a',
    'cf-cache-status': 'DYNAMIC',
    'set-cookie': [
      'guest_id=v1%3A176456880267636463; SameSite=None; Secure; Path=/; Domain=.twitter.com; Max-Age=34214400; Expires=Fri, 01 Jan 2027 06:00:02 GMT',
      '__cf_bm=pb09NMJLcPbqIqfeYeIaKm5DEDranh62nmTqyOgsxyE-1764568802.6582649-1.0.1.1-eNCknH75JXMe2J2iQ7S9m79Rupg_eQE9SaHXxUQtFortfihgS3dUH10XaZZABiWeueueHScnp4g_tx6nbvJUgsiWwCb2OU9giRERIazQaMqFOLRgauI2Vq8nrEAJzdPU; HttpOnly; Secure; Path=/; Domain=twitter.com; Expires=Mon, 01 Dec 2025 06:30:02 GMT'
    ],
    'cf-ray': '9a705ca89e434d20-IAD'
  },
  rateLimit: { limit: 40000, remaining: 39999, reset: 1764569702 },
  data: {
    account_id: 1821227857097715700,
    product_name: 'standard-basic',
    title: 'UsageCapExceeded',
    period: 'Monthly',
    scope: 'Product',
    detail: 'Usage cap exceeded: Monthly product cap',
    type: 'https://api.twitter.com/2/problems/usage-capped'
  }
}
Error fetching tweets: ApiResponseError: Request failed with code 429
    at RequestHandlerHelper.createResponseError (/home/ubuntu/apps/gotravel/node_modules/twitter-api-v2/dist/cjs/client-mixins/request-handler.helper.js:104:16)
    at RequestHandlerHelper.onResponseEndHandler (/home/ubuntu/apps/gotravel/node_modules/twitter-api-v2/dist/cjs/client-mixins/request-handler.helper.js:262:25)
    at Gunzip.emit (node:events:517:28)
    at endReadableNT (node:internal/streams/readable:1400:12)
    at process.processTicksAndRejections (node:internal/process/task_queues:82:21) {
  error: true,
  type: 'response',
  code: 429,
  headers: {
    date: 'Tue, 02 Dec 2025 06:00:02 GMT',
    'content-type': 'application/json; charset=utf-8',
    'content-length': '94',
    connection: 'close',
    perf: '7402827104',
    server: 'cloudflare envoy',
    vary: 'accept-encoding',
    'api-version': '2.153',
    'cache-control': 'no-cache, no-store, max-age=0',
    'x-access-level': 'read',
    'x-frame-options': 'SAMEORIGIN',
    'content-encoding': 'gzip',
    'x-transaction-id': 'bda20d9d90539ff8',
    'x-xss-protection': '0',
    'x-rate-limit-limit': '1',
    'x-rate-limit-reset': '1764656102',
    'content-disposition': 'attachment; filename=json.json',
    'x-content-type-options': 'nosniff',
    'x-rate-limit-remaining': '0',
    'x-response-time': '9',
    'origin-cf-ray': '9a789a08cdfac596-IAD',
    'strict-transport-security': 'max-age=631138519; includeSubdomains',
    'x-served-by': 't4_a',
    'cf-cache-status': 'DYNAMIC',
    'set-cookie': [
      'guest_id=v1%3A176465520271614738; SameSite=None; Secure; Path=/; Domain=.twitter.com; Max-Age=34214400; Expires=Sat, 02 Jan 2027 06:00:02 GMT',
      '__cf_bm=GhpAy2jKXIav9yOlOGbByG7_Smd6kEa4BxBLSP3hc9s-1764655202.689775-1.0.1.1-w6NaijvAuMbj9xugGP_cuaxwghkk0Tmat8P98rop6vLGklkhlQpUrW04_UHXXVwSaeOBLn94sxLpyjZ2oxmnN7CWqRE4GpT_ty5MTh8w_TdQs7Fgch1UwPtO1.R2kM_a; HttpOnly; Secure; Path=/; Domain=twitter.com; Expires=Tue, 02 Dec 2025 06:30:02 GMT'
    ],
    'cf-ray': '9a789a08cdfac596-IAD'
  },
  rateLimit: { limit: 1, remaining: 0, reset: 1764656102 },
  data: {
    title: 'Too Many Requests',
    detail: 'Too Many Requests',
    type: 'about:blank',
    status: 429
  }
}
Error fetching tweets: ApiResponseError: Request failed with code 429
    at RequestHandlerHelper.createResponseError (/home/ubuntu/apps/gotravel/node_modules/twitter-api-v2/dist/cjs/client-mixins/request-handler.helper.js:104:16)
    at RequestHandlerHelper.onResponseEndHandler (/home/ubuntu/apps/gotravel/node_modules/twitter-api-v2/dist/cjs/client-mixins/request-handler.helper.js:262:25)
    at Gunzip.emit (node:events:517:28)
    at endReadableNT (node:internal/streams/readable:1400:12)
    at process.processTicksAndRejections (node:internal/process/task_queues:82:21) {
  error: true,
  type: 'response',
  code: 429,
  headers: {
    date: 'Wed, 03 Dec 2025 06:00:02 GMT',
    'content-type': 'application/json; charset=utf-8',
    'content-length': '94',
    connection: 'close',
    perf: '7402827104',
    server: 'cloudflare envoy',
    'set-cookie': [
      'guest_id=v1%3A176474160287741602; Max-Age=34214400; Expires=Sun, 03 Jan 2027 06:00:02 GMT; Path=/; Domain=.twitter.com; Secure; SameSite=None',
      '__cf_bm=WgyGD6hUBiouu7LbBZ2tu8Bwfesson1KdkQ8438ftsA-1764741602.8594046-1.0.1.1-hor2f2Zy.I8ifNGi.0r.rTb1uCQx8p8zkmHAxdnDwwTYykmYcjmjzWqzYDR90r2LCiojyFb7Pod3ljudyt0u0K1318nwZZ7zM5372XJ9I3UjDpkjo8wZVwcwm3oyG1wC; HttpOnly; Secure; Path=/; Domain=twitter.com; Expires=Wed, 03 Dec 2025 06:30:02 GMT'
    ],
    'api-version': '2.154',
    'cache-control': 'no-cache, no-store, max-age=0',
    'x-access-level': 'read',
    'x-frame-options': 'SAMEORIGIN',
    'content-encoding': 'gzip',
    'x-transaction-id': '859240638d3a85cd',
    'x-xss-protection': '0',
    'x-rate-limit-limit': '1',
    'x-rate-limit-reset': '1764742502',
    'content-disposition': 'attachment; filename=json.json',
    'x-content-type-options': 'nosniff',
    'x-rate-limit-remaining': '0',
    'x-response-time': '15',
    'origin-cf-ray': '9a80d769dc6cc957-IAD',
    'strict-transport-security': 'max-age=631138519; includeSubdomains',
    'x-served-by': 't4_a',
    'cf-cache-status': 'DYNAMIC',
    vary: 'accept-encoding',
    'cf-ray': '9a80d769dc6cc957-IAD'
  },
  rateLimit: { limit: 1, remaining: 0, reset: 1764742502 },
  data: {
    title: 'Too Many Requests',
    detail: 'Too Many Requests',
    type: 'about:blank',
    status: 429
  }
}
Error fetching tweets: ApiResponseError: Request failed with code 429
    at RequestHandlerHelper.createResponseError (/home/ubuntu/apps/gotravel/node_modules/twitter-api-v2/dist/cjs/client-mixins/request-handler.helper.js:104:16)
    at RequestHandlerHelper.onResponseEndHandler (/home/ubuntu/apps/gotravel/node_modules/twitter-api-v2/dist/cjs/client-mixins/request-handler.helper.js:262:25)
    at Gunzip.emit (node:events:517:28)
    at endReadableNT (node:internal/streams/readable:1400:12)
    at process.processTicksAndRejections (node:internal/process/task_queues:82:21) {
  error: true,
  type: 'response',
  code: 429,
  headers: {
    date: 'Thu, 04 Dec 2025 06:00:02 GMT',
    'content-type': 'application/json; charset=utf-8',
    'content-length': '196',
    connection: 'close',
    perf: '7402827104',
    server: 'cloudflare envoy',
    'set-cookie': [
      'guest_id=v1%3A176482800293809180; Max-Age=34214400; Expires=Mon, 04 Jan 2027 06:00:02 GMT; Path=/; Domain=.twitter.com; Secure; SameSite=None',
      '__cf_bm=t3zgp96G5vTzPod.peOro4bBg2TYk629JhoMnIywDzo-1764828002.9159079-1.0.1.1-9A_qWaZVjGtj_AabvDeRwF6L6vDl8z13YUI0Z6Oei5HOLzdVstIINJsrSrAY75CFuVqLW5IPFHvLScK1hSIDN.b4QEZ6KsaaVHI1_7ysBVM4WxUY0aGx3l9Rv9X9Nf2e; HttpOnly; Secure; Path=/; Domain=twitter.com; Expires=Thu, 04 Dec 2025 06:30:02 GMT'
    ],
    'api-version': '2.154',
    'cache-control': 'no-cache, no-store, max-age=0',
    'x-access-level': 'read',
    'x-frame-options': 'SAMEORIGIN',
    'content-encoding': 'gzip',
    'x-transaction-id': 'c644bd4422d49b4f',
    'x-xss-protection': '0',
    'x-rate-limit-limit': '40000',
    'x-rate-limit-reset': '1764828902',
    'content-disposition': 'attachment; filename=json.json',
    'x-content-type-options': 'nosniff',
    'x-rate-limit-remaining': '39999',
    'x-response-time': '21',
    'origin-cf-ray': '9a8914ca38f83967-IAD',
    'strict-transport-security': 'max-age=631138519; includeSubdomains',
    'x-served-by': 't4_a',
    'cf-cache-status': 'DYNAMIC',
    vary: 'accept-encoding',
    'cf-ray': '9a8914ca38f83967-IAD'
  },
  rateLimit: { limit: 40000, remaining: 39999, reset: 1764828902 },
  data: {
    account_id: 1821227857097715700,
    product_name: 'standard-basic',
    title: 'UsageCapExceeded',
    period: 'Monthly',
    scope: 'Product',
    detail: 'Usage cap exceeded: Monthly product cap',
    type: 'https://api.twitter.com/2/problems/usage-capped'
  }
}
Error fetching tweets: ApiResponseError: Request failed with code 429
    at RequestHandlerHelper.createResponseError (/home/ubuntu/apps/gotravel/node_modules/twitter-api-v2/dist/cjs/client-mixins/request-handler.helper.js:104:16)
    at RequestHandlerHelper.onResponseEndHandler (/home/ubuntu/apps/gotravel/node_modules/twitter-api-v2/dist/cjs/client-mixins/request-handler.helper.js:262:25)
    at Gunzip.emit (node:events:517:28)
    at endReadableNT (node:internal/streams/readable:1400:12)
    at process.processTicksAndRejections (node:internal/process/task_queues:82:21) {
  error: true,
  type: 'response',
  code: 429,
  headers: {
    date: 'Fri, 05 Dec 2025 06:00:02 GMT',
    'content-type': 'application/json; charset=utf-8',
    'content-length': '94',
    connection: 'close',
    perf: '7402827104',
    server: 'cloudflare envoy',
    'api-version': '2.154',
    'cache-control': 'no-cache, no-store, max-age=0',
    'set-cookie': [
      'guest_id=v1%3A176491440292373461; Max-Age=34214400; Expires=Tue, 05 Jan 2027 06:00:02 GMT; Path=/; Domain=.twitter.com; Secure; SameSite=None',
      '__cf_bm=vR9SOe3AvDou_ETqKj5AL08szTF4ra0PJx5QF9Rla2o-1764914402.8964863-1.0.1.1-tcb8GYblUOQj4UGWJQ2dRn0UDScfYWxkxhO43p0V09W1ukHnFbi.rmYQfJ7HXSe.BLlxVvhmPVHbMHOzGEX63o5XeTs4EAuVAJemnHj7UwPofWLNIzTb81GJJWBETGda; HttpOnly; Secure; Path=/; Domain=twitter.com; Expires=Fri, 05 Dec 2025 06:30:02 GMT'
    ],
    'x-access-level': 'read',
    'x-frame-options': 'SAMEORIGIN',
    'content-encoding': 'gzip',
    'x-transaction-id': '6e03167ff1aac998',
    'x-xss-protection': '0',
    'x-rate-limit-limit': '1',
    'x-rate-limit-reset': '1764915302',
    'content-disposition': 'attachment; filename=json.json',
    'x-content-type-options': 'nosniff',
    'x-rate-limit-remaining': '0',
    'x-response-time': '11',
    'origin-cf-ray': '9a91522a1d49d677-ATL',
    'strict-transport-security': 'max-age=631138519; includeSubdomains',
    'x-served-by': 't4_a',
    vary: 'accept-encoding',
    'cf-cache-status': 'DYNAMIC',
    'cf-ray': '9a91522a1d49d677-IAD'
  },
  rateLimit: { limit: 1, remaining: 0, reset: 1764915302 },
  data: {
    title: 'Too Many Requests',
    detail: 'Too Many Requests',
    type: 'about:blank',
    status: 429
  }
}
Error fetching tweets: ApiResponseError: Request failed with code 429
    at RequestHandlerHelper.createResponseError (/home/ubuntu/apps/gotravel/node_modules/twitter-api-v2/dist/cjs/client-mixins/request-handler.helper.js:104:16)
    at RequestHandlerHelper.onResponseEndHandler (/home/ubuntu/apps/gotravel/node_modules/twitter-api-v2/dist/cjs/client-mixins/request-handler.helper.js:262:25)
    at Gunzip.emit (node:events:517:28)
    at endReadableNT (node:internal/streams/readable:1400:12)
    at process.processTicksAndRejections (node:internal/process/task_queues:82:21) {
  error: true,
  type: 'response',
  code: 429,
  headers: {
    date: 'Sat, 06 Dec 2025 06:00:03 GMT',
    'content-type': 'application/json; charset=utf-8',
    'content-length': '94',
    connection: 'close',
    perf: '7402827104',
    server: 'cloudflare envoy',
    'api-version': '2.154',
    'cache-control': 'no-cache, no-store, max-age=0',
    'set-cookie': [
      'guest_id=v1%3A176500080326404635; Max-Age=34214400; Expires=Wed, 06 Jan 2027 06:00:03 GMT; Path=/; Domain=.twitter.com; Secure; SameSite=None',
      '__cf_bm=xv3B9Sc7UunRYzc.z8M0LCbjnZxYQzWv7MJqLv52CGs-1765000803.2437336-1.0.1.1-eZo3Qx0h_0dtBX.nnSWG7NHVDs.7hkD0UGifZwp0qYn.K1Q0Fo9OZ2YB.3VpUQMn2OOkgnTO7j50WVgQ_xOG8wDhRZBN.GyvZ4JCKZ4G1fBAvlX6d2BJtcbCHderKLHD; HttpOnly; Secure; Path=/; Domain=twitter.com; Expires=Sat, 06 Dec 2025 06:30:03 GMT'
    ],
    'x-access-level': 'read',
    'x-frame-options': 'SAMEORIGIN',
    'content-encoding': 'gzip',
    'x-transaction-id': 'e2b8fd6fa97364e6',
    'x-xss-protection': '0',
    'x-rate-limit-limit': '1',
    'x-rate-limit-reset': '1765001703',
    'content-disposition': 'attachment; filename=json.json',
    'x-content-type-options': 'nosniff',
    'x-rate-limit-remaining': '0',
    'x-response-time': '11',
    'origin-cf-ray': '9a998f8c4e8a874a-ATL',
    'strict-transport-security': 'max-age=631138519; includeSubdomains',
    'x-served-by': 't4_a',
    vary: 'accept-encoding',
    'cf-cache-status': 'DYNAMIC',
    'cf-ray': '9a998f8c4e8a874a-IAD'
  },
  rateLimit: { limit: 1, remaining: 0, reset: 1765001703 },
  data: {
    title: 'Too Many Requests',
    detail: 'Too Many Requests',
    type: 'about:blank',
    status: 429
  }
}
Error fetching tweets: ApiResponseError: Request failed with code 429
    at RequestHandlerHelper.createResponseError (/home/ubuntu/apps/gotravel/node_modules/twitter-api-v2/dist/cjs/client-mixins/request-handler.helper.js:104:16)
    at RequestHandlerHelper.onResponseEndHandler (/home/ubuntu/apps/gotravel/node_modules/twitter-api-v2/dist/cjs/client-mixins/request-handler.helper.js:262:25)
    at Gunzip.emit (node:events:517:28)
    at endReadableNT (node:internal/streams/readable:1400:12)
    at process.processTicksAndRejections (node:internal/process/task_queues:82:21) {
  error: true,
  type: 'response',
  code: 429,
  headers: {
    date: 'Sun, 07 Dec 2025 06:00:03 GMT',
    'content-type': 'application/json; charset=utf-8',
    'content-length': '94',
    connection: 'close',
    perf: '7402827104',
    server: 'cloudflare envoy',
    'api-version': '2.154',
    'cache-control': 'no-cache, no-store, max-age=0',
    'set-cookie': [
      'guest_id=v1%3A176508720334456621; Max-Age=34214400; Expires=Thu, 07 Jan 2027 06:00:03 GMT; Path=/; Domain=.twitter.com; Secure; SameSite=None',
      '__cf_bm=JK2bn9X4gh3UhfCk9i4xR7hwOcGMZEZ4zotSFuIjHJA-1765087203.314456-1.0.1.1-ZeRiBe3entKNzjWbE4MAYJsHdHtyHb2srfn4DbV2ZoNqwtu63qNi80rQy.2e6IxmsaOwYT8_GLPgYbEdFODvX4xE6e3BbwSb8.I.CmuxmiHN9DHrBRcB10FJQprXUtuA; HttpOnly; Secure; Path=/; Domain=twitter.com; Expires=Sun, 07 Dec 2025 06:30:03 GMT'
    ],
    'x-access-level': 'read',
    'x-frame-options': 'SAMEORIGIN',
    'content-encoding': 'gzip',
    'x-transaction-id': '1678d4e01be2bd25',
    'x-xss-protection': '0',
    'x-rate-limit-limit': '1',
    'x-rate-limit-reset': '1765088103',
    'content-disposition': 'attachment; filename=json.json',
    'x-content-type-options': 'nosniff',
    'x-rate-limit-remaining': '0',
    'x-response-time': '11',
    'origin-cf-ray': '9aa1ccecb8acd65f-ATL',
    'strict-transport-security': 'max-age=631138519; includeSubdomains',
    'x-served-by': 't4_a',
    vary: 'accept-encoding',
    'cf-cache-status': 'DYNAMIC',
    'cf-ray': '9aa1ccecb8acd65f-IAD'
  },
  rateLimit: { limit: 1, remaining: 0, reset: 1765088103 },
  data: {
    title: 'Too Many Requests',
    detail: 'Too Many Requests',
    type: 'about:blank',
    status: 429
  }
}
Fetched 20 tweets, added 8 unique tweets.
Updated tweets file with 20 tweets.
Tweets saved to public/tweets.json
Attempting to clear remote tweet cache...
Clear cache status: 200
Clear cache headers: {"connection":["close"],"content-type":["application/json"],"date":["Mon, 08 Dec 2025 06:00:02 GMT"],"server":["nginx/1.18.0 (Ubuntu)"],"transfer-encoding":["chunked"],"vary":["RSC, Next-Router-State-Tree, Next-Router-Prefetch"]}
Clear cache response: {"message":"Cache cleared successfully"}
Remote tweet cache cleared successfully
Updating local cache indicator...
Local cache version updated to 74
Error fetching tweets: ApiResponseError: Request failed with code 429
    at RequestHandlerHelper.createResponseError (/home/ubuntu/apps/gotravel/node_modules/twitter-api-v2/dist/cjs/client-mixins/request-handler.helper.js:104:16)
    at RequestHandlerHelper.onResponseEndHandler (/home/ubuntu/apps/gotravel/node_modules/twitter-api-v2/dist/cjs/client-mixins/request-handler.helper.js:262:25)
    at Gunzip.emit (node:events:517:28)
    at endReadableNT (node:internal/streams/readable:1400:12)
    at process.processTicksAndRejections (node:internal/process/task_queues:82:21) {
  error: true,
  type: 'response',
  code: 429,
  headers: {
    date: 'Tue, 09 Dec 2025 06:00:03 GMT',
    'content-type': 'application/json; charset=utf-8',
    'content-length': '94',
    connection: 'close',
    perf: '7402827104',
    server: 'cloudflare envoy',
    'set-cookie': [
      'guest_id=v1%3A176526000380003952; Max-Age=34214400; Expires=Sat, 09 Jan 2027 06:00:03 GMT; Path=/; Domain=.twitter.com; Secure; SameSite=None',
      '__cf_bm=UZ.WzLkbG5UyQaVxkOw9uS2ljITIwJ.qU9f0qaOHO4Y-1765260003.770911-1.0.1.1-UrBnSkhxE5BctNn6HyDGLVfH5sISekcoyNcm244cz8thCRwldXXRbxfxmHdnKKj5hWkp1sfpi3VC1uL8.oqHWiwJg0Xot1oqt5Yu6ja.1mBbBiwd6.f_QBgD49cueLz.; HttpOnly; Secure; Path=/; Domain=twitter.com; Expires=Tue, 09 Dec 2025 06:30:03 GMT'
    ],
    'api-version': '2.154',
    'cache-control': 'no-cache, no-store, max-age=0',
    'x-access-level': 'read',
    'x-frame-options': 'SAMEORIGIN',
    'content-encoding': 'gzip',
    'x-transaction-id': '996e7806d6d6ce7b',
    'x-xss-protection': '0',
    'x-rate-limit-limit': '1',
    'x-rate-limit-reset': '1765260903',
    'content-disposition': 'attachment; filename=json.json',
    'x-content-type-options': 'nosniff',
    'x-rate-limit-remaining': '0',
    'x-response-time': '11',
    'origin-cf-ray': '9ab247af8a4b20c4-IAD',
    'strict-transport-security': 'max-age=631138519; includeSubdomains',
    'x-served-by': 't4_a',
    'cf-cache-status': 'DYNAMIC',
    vary: 'accept-encoding',
    'cf-ray': '9ab247af8a4b20c4-IAD'
  },
  rateLimit: { limit: 1, remaining: 0, reset: 1765260903 },
  data: {
    title: 'Too Many Requests',
    detail: 'Too Many Requests',
    type: 'about:blank',
    status: 429
  }
}
Error fetching tweets: ApiResponseError: Request failed with code 429
    at RequestHandlerHelper.createResponseError (/home/ubuntu/apps/gotravel/node_modules/twitter-api-v2/dist/cjs/client-mixins/request-handler.helper.js:104:16)
    at RequestHandlerHelper.onResponseEndHandler (/home/ubuntu/apps/gotravel/node_modules/twitter-api-v2/dist/cjs/client-mixins/request-handler.helper.js:262:25)
    at Gunzip.emit (node:events:517:28)
    at endReadableNT (node:internal/streams/readable:1400:12)
    at process.processTicksAndRejections (node:internal/process/task_queues:82:21) {
  error: true,
  type: 'response',
  code: 429,
  headers: {
    date: 'Wed, 10 Dec 2025 06:00:02 GMT',
    'content-type': 'application/json; charset=utf-8',
    'content-length': '94',
    connection: 'close',
    perf: '7402827104',
    server: 'cloudflare envoy',
    'set-cookie': [
      'guest_id=v1%3A176534640221740542; Max-Age=34214400; Expires=Sun, 10 Jan 2027 06:00:02 GMT; Path=/; Domain=.twitter.com; Secure; SameSite=None',
      '__cf_bm=RkmEPKHYzbMFtaurQkf323d9ioJj_T7isD4E65i11M0-1765346402.195761-1.0.1.1-ZWbIR4YoZGSBP1YlP.pO1FgeWdHave.fpXWZNKnaH2COysifOa4dCNykdEJPVzYASsUOrQGUGJDzXczHYHsxJH32uHRdIkl51wjWpUHVUff1RV9bM.mQ04IIW9n01CO.; HttpOnly; Secure; Path=/; Domain=twitter.com; Expires=Wed, 10 Dec 2025 06:30:02 GMT'
    ],
    'api-version': '2.154',
    'cache-control': 'no-cache, no-store, max-age=0',
    'x-access-level': 'read',
    'x-frame-options': 'SAMEORIGIN',
    'content-encoding': 'gzip',
    'x-transaction-id': '125c6143cc09fd4a',
    'x-xss-protection': '0',
    'x-rate-limit-limit': '1',
    'x-rate-limit-reset': '1765347302',
    'content-disposition': 'attachment; filename=json.json',
    'x-content-type-options': 'nosniff',
    'x-rate-limit-remaining': '0',
    'x-response-time': '16',
    'origin-cf-ray': '9aba8505b9b4c59f-IAD',
    'strict-transport-security': 'max-age=631138519; includeSubdomains',
    'x-served-by': 't4_a',
    'cf-cache-status': 'DYNAMIC',
    vary: 'accept-encoding',
    'cf-ray': '9aba8505b9b4c59f-IAD'
  },
  rateLimit: { limit: 1, remaining: 0, reset: 1765347302 },
  data: {
    title: 'Too Many Requests',
    detail: 'Too Many Requests',
    type: 'about:blank',
    status: 429
  }
}
Fetched 20 tweets, added 7 unique tweets.
Updated tweets file with 20 tweets.
Tweets saved to public/tweets.json
Attempting to clear remote tweet cache...
Clear cache status: 200
Clear cache headers: {"connection":["close"],"content-type":["application/json"],"date":["Thu, 11 Dec 2025 06:00:03 GMT"],"server":["nginx/1.18.0 (Ubuntu)"],"transfer-encoding":["chunked"],"vary":["RSC, Next-Router-State-Tree, Next-Router-Prefetch"]}
Clear cache response: {"message":"Cache cleared successfully"}
Remote tweet cache cleared successfully
Updating local cache indicator...
Local cache version updated to 77
Error fetching tweets: ApiResponseError: Request failed with code 429
    at RequestHandlerHelper.createResponseError (/home/ubuntu/apps/gotravel/node_modules/twitter-api-v2/dist/cjs/client-mixins/request-handler.helper.js:104:16)
    at RequestHandlerHelper.onResponseEndHandler (/home/ubuntu/apps/gotravel/node_modules/twitter-api-v2/dist/cjs/client-mixins/request-handler.helper.js:262:25)
    at Gunzip.emit (node:events:517:28)
    at endReadableNT (node:internal/streams/readable:1400:12)
    at process.processTicksAndRejections (node:internal/process/task_queues:82:21) {
  error: true,
  type: 'response',
  code: 429,
  headers: {
    date: 'Fri, 12 Dec 2025 06:00:03 GMT',
    'content-type': 'application/json; charset=utf-8',
    'content-length': '94',
    connection: 'close',
    perf: '7402827104',
    server: 'cloudflare envoy',
    'api-version': '2.154',
    'cache-control': 'no-cache, no-store, max-age=0',
    'set-cookie': [
      'guest_id=v1%3A176551920318543077; Max-Age=34214400; Expires=Tue, 12 Jan 2027 06:00:03 GMT; Path=/; Domain=.twitter.com; Secure; SameSite=None',
      '__cf_bm=Ctcmx5q8_Nq8UvvYCETd5oif3b_M5xXNR4NxZFoBB48-1765519203.166452-1.0.1.1-k0_7eTHrdzRRCkQIEtpJQd9XYyp6DEAvKOAJZryPVPOIiyc8kf7kn51o2dt67C4E8lk9UCCzSqtIY6.6TlP.Inwkvj7m6Y.nB5niFQ_80bmi7E2a10chEgfcbxFAJ.q4; HttpOnly; Secure; Path=/; Domain=twitter.com; Expires=Fri, 12 Dec 2025 06:30:03 GMT'
    ],
    'x-access-level': 'read',
    'x-frame-options': 'SAMEORIGIN',
    'content-encoding': 'gzip',
    'x-transaction-id': '946000972daf8b57',
    'x-xss-protection': '0',
    'x-rate-limit-limit': '1',
    'x-rate-limit-reset': '1765520103',
    'content-disposition': 'attachment; filename=json.json',
    'x-content-type-options': 'nosniff',
    'x-rate-limit-remaining': '0',
    'x-response-time': '10',
    'origin-cf-ray': '9acaffcbc8cec9ac-ATL',
    'strict-transport-security': 'max-age=631138519; includeSubdomains',
    'x-served-by': 't4_a',
    vary: 'accept-encoding',
    'cf-cache-status': 'DYNAMIC',
    'cf-ray': '9acaffcbc8cec9ac-IAD'
  },
  rateLimit: { limit: 1, remaining: 0, reset: 1765520103 },
  data: {
    title: 'Too Many Requests',
    detail: 'Too Many Requests',
    type: 'about:blank',
    status: 429
  }
}
Error fetching tweets: ApiResponseError: Request failed with code 429
    at RequestHandlerHelper.createResponseError (/home/ubuntu/apps/gotravel/node_modules/twitter-api-v2/dist/cjs/client-mixins/request-handler.helper.js:104:16)
    at RequestHandlerHelper.onResponseEndHandler (/home/ubuntu/apps/gotravel/node_modules/twitter-api-v2/dist/cjs/client-mixins/request-handler.helper.js:262:25)
    at Gunzip.emit (node:events:517:28)
    at endReadableNT (node:internal/streams/readable:1400:12)
    at process.processTicksAndRejections (node:internal/process/task_queues:82:21) {
  error: true,
  type: 'response',
  code: 429,
  headers: {
    date: 'Sat, 13 Dec 2025 06:00:03 GMT',
    'content-type': 'application/json; charset=utf-8',
    'content-length': '196',
    connection: 'close',
    perf: '7402827104',
    server: 'cloudflare envoy',
    'api-version': '2.155',
    'cache-control': 'no-cache, no-store, max-age=0',
    'set-cookie': [
      'guest_id=v1%3A176560560299968963; Max-Age=34214400; Expires=Wed, 13 Jan 2027 06:00:03 GMT; Path=/; Domain=.twitter.com; Secure; SameSite=None',
      '__cf_bm=miqDMiazMyV5aYBFqHzBxFIFXX3FkxCz8vuC_D3PVDw-1765605602.9801621-1.0.1.1-i0XqksVZ5TrOobLCO2R8Uw263pfxQs05Mo1yjahb_i1OvETZwPCFJWN3mwngnokh5zNidJ9ZjmxdF84gk0xskO6Y4XIgwwICGnnoau_a51HZVkZWrcybX_TmUxy0sKhB; HttpOnly; Secure; Path=/; Domain=twitter.com; Expires=Sat, 13 Dec 2025 06:30:03 GMT'
    ],
    'x-access-level': 'read',
    'x-frame-options': 'SAMEORIGIN',
    'content-encoding': 'gzip',
    'x-transaction-id': 'de28074e5ef5d042',
    'x-xss-protection': '0',
    'x-rate-limit-limit': '40000',
    'x-rate-limit-reset': '1765606502',
    'content-disposition': 'attachment; filename=json.json',
    'x-content-type-options': 'nosniff',
    'x-rate-limit-remaining': '39999',
    'x-response-time': '23',
    'origin-cf-ray': '9ad33d2a9869c95c-ATL',
    'strict-transport-security': 'max-age=631138519; includeSubdomains',
    'x-served-by': 't4_a',
    vary: 'accept-encoding',
    'cf-cache-status': 'DYNAMIC',
    'cf-ray': '9ad33d2a9869c95c-IAD'
  },
  rateLimit: { limit: 40000, remaining: 39999, reset: 1765606502 },
  data: {
    account_id: 1821227857097715700,
    product_name: 'standard-basic',
    title: 'UsageCapExceeded',
    period: 'Monthly',
    scope: 'Product',
    detail: 'Usage cap exceeded: Monthly product cap',
    type: 'https://api.twitter.com/2/problems/usage-capped'
  }
}
Error fetching tweets: ApiResponseError: Request failed with code 429
    at RequestHandlerHelper.createResponseError (/home/ubuntu/apps/gotravel/node_modules/twitter-api-v2/dist/cjs/client-mixins/request-handler.helper.js:104:16)
    at RequestHandlerHelper.onResponseEndHandler (/home/ubuntu/apps/gotravel/node_modules/twitter-api-v2/dist/cjs/client-mixins/request-handler.helper.js:262:25)
    at Gunzip.emit (node:events:517:28)
    at endReadableNT (node:internal/streams/readable:1400:12)
    at process.processTicksAndRejections (node:internal/process/task_queues:82:21) {
  error: true,
  type: 'response',
  code: 429,
  headers: {
    date: 'Sun, 14 Dec 2025 06:00:03 GMT',
    'content-type': 'application/json; charset=utf-8',
    'content-length': '196',
    connection: 'close',
    perf: '7402827104',
    server: 'cloudflare envoy',
    'api-version': '2.155',
    'cache-control': 'no-cache, no-store, max-age=0',
    'set-cookie': [
      'guest_id=v1%3A176569200338043635; Max-Age=34214400; Expires=Thu, 14 Jan 2027 06:00:03 GMT; Path=/; Domain=.twitter.com; Secure; SameSite=None',
      '__cf_bm=fsDUQsD6N.UgKgqoD.bYOfPuL3RigB1OybFDB.epdM8-1765692003.364198-1.0.1.1-bbjmxTXTW8nriCTAN5ajo55zGs67QLiSV4MyTDMfnpVdO7OLy5G3Y4.DkyxObZkuHF1cjjW4J4C0aiW.pN12.xb7v1.ZfDySfQyJPQq39fP5EZaNiebK_RFtwZtWXRgT; HttpOnly; Secure; Path=/; Domain=twitter.com; Expires=Sun, 14 Dec 2025 06:30:03 GMT'
    ],
    'x-access-level': 'read',
    'x-frame-options': 'SAMEORIGIN',
    'content-encoding': 'gzip',
    'x-transaction-id': '0a269170cfe8e0c2',
    'x-xss-protection': '0',
    'x-rate-limit-limit': '40000',
    'x-rate-limit-reset': '1765692903',
    'content-disposition': 'attachment; filename=json.json',
    'x-content-type-options': 'nosniff',
    'x-rate-limit-remaining': '39999',
    'x-response-time': '19',
    'origin-cf-ray': '9adb7a8d0b67d6d9-ATL',
    'strict-transport-security': 'max-age=631138519; includeSubdomains',
    'x-served-by': 't4_a',
    vary: 'accept-encoding',
    'cf-cache-status': 'DYNAMIC',
    'cf-ray': '9adb7a8d0b67d6d9-IAD'
  },
  rateLimit: { limit: 40000, remaining: 39999, reset: 1765692903 },
  data: {
    account_id: 1821227857097715700,
    product_name: 'standard-basic',
    title: 'UsageCapExceeded',
    period: 'Monthly',
    scope: 'Product',
    detail: 'Usage cap exceeded: Monthly product cap',
    type: 'https://api.twitter.com/2/problems/usage-capped'
  }
}
Error fetching tweets: ApiResponseError: Request failed with code 429
    at RequestHandlerHelper.createResponseError (/home/ubuntu/apps/gotravel/node_modules/twitter-api-v2/dist/cjs/client-mixins/request-handler.helper.js:104:16)
    at RequestHandlerHelper.onResponseEndHandler (/home/ubuntu/apps/gotravel/node_modules/twitter-api-v2/dist/cjs/client-mixins/request-handler.helper.js:262:25)
    at Gunzip.emit (node:events:517:28)
    at endReadableNT (node:internal/streams/readable:1400:12)
    at process.processTicksAndRejections (node:internal/process/task_queues:82:21) {
  error: true,
  type: 'response',
  code: 429,
  headers: {
    date: 'Mon, 15 Dec 2025 06:00:03 GMT',
    'content-type': 'application/json; charset=utf-8',
    'content-length': '94',
    connection: 'close',
    perf: '7402827104',
    server: 'cloudflare envoy',
    'api-version': '2.155',
    'cache-control': 'no-cache, no-store, max-age=0',
    'set-cookie': [
      'guest_id=v1%3A176577840320724548; Max-Age=34214400; Expires=Fri, 15 Jan 2027 06:00:03 GMT; Path=/; Domain=.twitter.com; Secure; SameSite=None',
      '__cf_bm=.zqxcqvpahZsK2frCYvZr0e6FGZo6w7pqpdpL2yPyUM-1765778403.1884525-1.0.1.1-ay0MlUKk3K87F_6mBVpEeuiwQYCxLvdEUgoBqEoBmZ3EnR_PvvRVEK8yCL4hWziEmMqbobMlMdULfuXcNqBKxmYZxxVVaI01mmtTiwAaCex7.1U8uKfJKLA4eOCITi5F; HttpOnly; Secure; Path=/; Domain=twitter.com; Expires=Mon, 15 Dec 2025 06:30:03 GMT'
    ],
    'x-access-level': 'read',
    'x-frame-options': 'SAMEORIGIN',
    'content-encoding': 'gzip',
    'x-transaction-id': '20f0a696d8a318a1',
    'x-xss-protection': '0',
    'x-rate-limit-limit': '1',
    'x-rate-limit-reset': '1765779303',
    'content-disposition': 'attachment; filename=json.json',
    'x-content-type-options': 'nosniff',
    'x-rate-limit-remaining': '0',
    'x-response-time': '11',
    'origin-cf-ray': '9ae3b7ebeb7d9837-ATL',
    'strict-transport-security': 'max-age=631138519; includeSubdomains',
    'x-served-by': 't4_a',
    vary: 'accept-encoding',
    'cf-cache-status': 'DYNAMIC',
    'cf-ray': '9ae3b7ebeb7d9837-IAD'
  },
  rateLimit: { limit: 1, remaining: 0, reset: 1765779303 },
  data: {
    title: 'Too Many Requests',
    detail: 'Too Many Requests',
    type: 'about:blank',
    status: 429
  }
}
Error fetching tweets: ApiResponseError: Request failed with code 429
    at RequestHandlerHelper.createResponseError (/home/ubuntu/apps/gotravel/node_modules/twitter-api-v2/dist/cjs/client-mixins/request-handler.helper.js:104:16)
    at RequestHandlerHelper.onResponseEndHandler (/home/ubuntu/apps/gotravel/node_modules/twitter-api-v2/dist/cjs/client-mixins/request-handler.helper.js:262:25)
    at Gunzip.emit (node:events:517:28)
    at endReadableNT (node:internal/streams/readable:1400:12)
    at process.processTicksAndRejections (node:internal/process/task_queues:82:21) {
  error: true,
  type: 'response',
  code: 429,
  headers: {
    date: 'Tue, 16 Dec 2025 06:00:02 GMT',
    'content-type': 'application/json; charset=utf-8',
    'content-length': '94',
    connection: 'close',
    perf: '7402827104',
    server: 'cloudflare envoy',
    'api-version': '2.155',
    'cache-control': 'no-cache, no-store, max-age=0',
    'set-cookie': [
      'guest_id=v1%3A176586480297871928; Max-Age=34214400; Expires=Sat, 16 Jan 2027 06:00:02 GMT; Path=/; Domain=.twitter.com; Secure; SameSite=None',
      '__cf_bm=zUfHAWvDrHLQFKCagqvbD8VGXjXauCMDSC9nJiTtJ4I-1765864802.9576497-1.0.1.1-KU90KlozJqPMn1PNBgcRNYObxANotkY3EtOVItb53vwEfosV5n5P6bOMfN4oV9ItBJ6OE8PpU7aubjOamzNi3PHvvKsV2RV2bvZ3khTFD6EYGJXq7w3Qi_j2Fpr5TzB5; HttpOnly; Secure; Path=/; Domain=twitter.com; Expires=Tue, 16 Dec 2025 06:30:02 GMT'
    ],
    'x-access-level': 'read',
    'x-frame-options': 'SAMEORIGIN',
    'content-encoding': 'gzip',
    'x-transaction-id': '32191039e3b3073d',
    'x-xss-protection': '0',
    'x-rate-limit-limit': '1',
    'x-rate-limit-reset': '1765865702',
    'content-disposition': 'attachment; filename=json.json',
    'x-content-type-options': 'nosniff',
    'x-rate-limit-remaining': '0',
    'x-response-time': '17',
    'origin-cf-ray': '9aebf54a7e298230-ATL',
    'strict-transport-security': 'max-age=631138519; includeSubdomains',
    'x-served-by': 't4_a',
    vary: 'accept-encoding',
    'cf-cache-status': 'DYNAMIC',
    'cf-ray': '9aebf54a7e298230-IAD'
  },
  rateLimit: { limit: 1, remaining: 0, reset: 1765865702 },
  data: {
    title: 'Too Many Requests',
    detail: 'Too Many Requests',
    type: 'about:blank',
    status: 429
  }
}
Error fetching tweets: ApiResponseError: Request failed with code 429
    at RequestHandlerHelper.createResponseError (/home/ubuntu/apps/gotravel/node_modules/twitter-api-v2/dist/cjs/client-mixins/request-handler.helper.js:104:16)
    at RequestHandlerHelper.onResponseEndHandler (/home/ubuntu/apps/gotravel/node_modules/twitter-api-v2/dist/cjs/client-mixins/request-handler.helper.js:262:25)
    at Gunzip.emit (node:events:517:28)
    at endReadableNT (node:internal/streams/readable:1400:12)
    at process.processTicksAndRejections (node:internal/process/task_queues:82:21) {
  error: true,
  type: 'response',
  code: 429,
  headers: {
    date: 'Wed, 17 Dec 2025 06:00:02 GMT',
    'content-type': 'application/json; charset=utf-8',
    'content-length': '196',
    connection: 'close',
    perf: '7402827104',
    server: 'cloudflare envoy',
    'set-cookie': [
      'guest_id=v1%3A176595120287975485; Max-Age=34214400; Expires=Sun, 17 Jan 2027 06:00:02 GMT; Path=/; Domain=.twitter.com; Secure; SameSite=None',
      '__cf_bm=5h1Lz3MQ4Xl_6ddM1CDQ.UKBVjxdmMVrgOAYB9RChBY-1765951202.8531382-1.0.1.1-iJughKhM3cyBkS11yrYQXDSfII615rC1eSMyEgwauU4BdfLRtzQrI_jZGclC9qAGocTapSY8HgaVCdRbL.KdzcZISW5_XWBAK.P1rGeLmmyuhVsy2l4hFrrnH7KDX1si; HttpOnly; Secure; Path=/; Domain=twitter.com; Expires=Wed, 17 Dec 2025 06:30:02 GMT'
    ],
    'api-version': '2.156',
    'cache-control': 'no-cache, no-store, max-age=0',
    'x-access-level': 'read',
    'x-frame-options': 'SAMEORIGIN',
    'content-encoding': 'gzip',
    'x-transaction-id': 'c8dc91f6a4a8edd1',
    'x-xss-protection': '0',
    'x-rate-limit-limit': '40000',
    'x-rate-limit-reset': '1765952102',
    'content-disposition': 'attachment; filename=json.json',
    'x-content-type-options': 'nosniff',
    'x-rate-limit-remaining': '39999',
    'x-response-time': '19',
    'origin-cf-ray': '9af432a9d9c8d6ef-IAD',
    'strict-transport-security': 'max-age=631138519; includeSubdomains',
    'x-served-by': 't4_a',
    'cf-cache-status': 'DYNAMIC',
    vary: 'accept-encoding',
    'cf-ray': '9af432a9d9c8d6ef-IAD'
  },
  rateLimit: { limit: 40000, remaining: 39999, reset: 1765952102 },
  data: {
    account_id: 1821227857097715700,
    product_name: 'standard-basic',
    title: 'UsageCapExceeded',
    period: 'Monthly',
    scope: 'Product',
    detail: 'Usage cap exceeded: Monthly product cap',
    type: 'https://api.twitter.com/2/problems/usage-capped'
  }
}
Error fetching tweets: ApiResponseError: Request failed with code 429
    at RequestHandlerHelper.createResponseError (/home/ubuntu/apps/gotravel/node_modules/twitter-api-v2/dist/cjs/client-mixins/request-handler.helper.js:104:16)
    at RequestHandlerHelper.onResponseEndHandler (/home/ubuntu/apps/gotravel/node_modules/twitter-api-v2/dist/cjs/client-mixins/request-handler.helper.js:262:25)
    at Gunzip.emit (node:events:517:28)
    at endReadableNT (node:internal/streams/readable:1400:12)
    at process.processTicksAndRejections (node:internal/process/task_queues:82:21) {
  error: true,
  type: 'response',
  code: 429,
  headers: {
    date: 'Thu, 18 Dec 2025 06:00:02 GMT',
    'content-type': 'application/json; charset=utf-8',
    'content-length': '196',
    connection: 'close',
    perf: '7402827104',
    server: 'cloudflare envoy',
    'set-cookie': [
      'guest_id=v1%3A176603760242883435; Max-Age=34214400; Expires=Mon, 18 Jan 2027 06:00:02 GMT; Path=/; Domain=.twitter.com; Secure; SameSite=None',
      '__cf_bm=Oh81oeRabxN5kjCjBpQ_DiA.ZU4Z5gENCO7.k4F98DU-1766037602.4054377-1.0.1.1-CJAfIYX3g_h96MW7oYh6q5kyY5bYg5XF.5yroBh.t8b9iiWvnl.Mg00syesUBdEK26k_Vr149p9PMadv_UMuzCODQopItTIiOLtEMdJVS3PqS5aMfJ7ZuvkDnYdk1JxX; HttpOnly; Secure; Path=/; Domain=twitter.com; Expires=Thu, 18 Dec 2025 06:30:02 GMT'
    ],
    'api-version': '2.156',
    'cache-control': 'no-cache, no-store, max-age=0',
    'x-access-level': 'read',
    'x-frame-options': 'SAMEORIGIN',
    'content-encoding': 'gzip',
    'x-transaction-id': '5eb91d7686eb0282',
    'x-xss-protection': '0',
    'x-rate-limit-limit': '40000',
    'x-rate-limit-reset': '1766038502',
    'content-disposition': 'attachment; filename=json.json',
    'x-content-type-options': 'nosniff',
    'x-rate-limit-remaining': '39999',
    'x-response-time': '21',
    'origin-cf-ray': '9afc70070cf1ffbc-IAD',
    'strict-transport-security': 'max-age=631138519; includeSubdomains',
    'x-served-by': 't4_a',
    'cf-cache-status': 'DYNAMIC',
    vary: 'accept-encoding',
    'cf-ray': '9afc70070cf1ffbc-IAD'
  },
  rateLimit: { limit: 40000, remaining: 39999, reset: 1766038502 },
  data: {
    account_id: 1821227857097715700,
    product_name: 'standard-basic',
    title: 'UsageCapExceeded',
    period: 'Monthly',
    scope: 'Product',
    detail: 'Usage cap exceeded: Monthly product cap',
    type: 'https://api.twitter.com/2/problems/usage-capped'
  }
}
Error fetching tweets: ApiResponseError: Request failed with code 429
    at RequestHandlerHelper.createResponseError (/home/ubuntu/apps/gotravel/node_modules/twitter-api-v2/dist/cjs/client-mixins/request-handler.helper.js:104:16)
    at RequestHandlerHelper.onResponseEndHandler (/home/ubuntu/apps/gotravel/node_modules/twitter-api-v2/dist/cjs/client-mixins/request-handler.helper.js:262:25)
    at Gunzip.emit (node:events:517:28)
    at endReadableNT (node:internal/streams/readable:1400:12)
    at process.processTicksAndRejections (node:internal/process/task_queues:82:21) {
  error: true,
  type: 'response',
  code: 429,
  headers: {
    date: 'Fri, 19 Dec 2025 06:00:03 GMT',
    'content-type': 'application/json; charset=utf-8',
    'content-length': '196',
    connection: 'close',
    perf: '7402827104',
    server: 'cloudflare envoy',
    'set-cookie': [
      'guest_id=v1%3A176612400347237040; Max-Age=34214400; Expires=Tue, 19 Jan 2027 06:00:03 GMT; Path=/; Domain=.twitter.com; Secure; SameSite=None',
      '__cf_bm=VrLH.Lq2T6vPin22SxqSznlytzVgDeQI5DNUAUNcT8E-1766124003.4559188-1.0.1.1-U2oYzJPDYuWwVjGXvwUvXg4s_8XcoOOWKg_N_.g67POTwpM9K7jK0FLiTiJFk5Yn1LgmWPGEY1M_KUKzT6YUgRXnMUZQ2PsXngY5LyWUP_zK5gTPZyCCqMmv1m3ZLpri; HttpOnly; Secure; Path=/; Domain=twitter.com; Expires=Fri, 19 Dec 2025 06:30:03 GMT'
    ],
    'api-version': '2.156',
    'cache-control': 'no-cache, no-store, max-age=0',
    'x-access-level': 'read',
    'x-frame-options': 'SAMEORIGIN',
    'content-encoding': 'gzip',
    'x-transaction-id': 'd86d9ba6d8bfbbf3',
    'x-xss-protection': '0',
    'x-rate-limit-limit': '40000',
    'x-rate-limit-reset': '1766124903',
    'content-disposition': 'attachment; filename=json.json',
    'x-content-type-options': 'nosniff',
    'x-rate-limit-remaining': '39999',
    'x-response-time': '18',
    'origin-cf-ray': '9b04ad6d9facef5e-IAD',
    'strict-transport-security': 'max-age=631138519; includeSubdomains',
    'x-served-by': 't4_a',
    'cf-cache-status': 'DYNAMIC',
    vary: 'accept-encoding',
    'cf-ray': '9b04ad6d9facef5e-IAD'
  },
  rateLimit: { limit: 40000, remaining: 39999, reset: 1766124903 },
  data: {
    account_id: 1821227857097715700,
    product_name: 'standard-basic',
    title: 'UsageCapExceeded',
    period: 'Monthly',
    scope: 'Product',
    detail: 'Usage cap exceeded: Monthly product cap',
    type: 'https://api.twitter.com/2/problems/usage-capped'
  }
}
Error fetching tweets: ApiResponseError: Request failed with code 429
    at RequestHandlerHelper.createResponseError (/home/ubuntu/apps/gotravel/node_modules/twitter-api-v2/dist/cjs/client-mixins/request-handler.helper.js:104:16)
    at RequestHandlerHelper.onResponseEndHandler (/home/ubuntu/apps/gotravel/node_modules/twitter-api-v2/dist/cjs/client-mixins/request-handler.helper.js:262:25)
    at Gunzip.emit (node:events:517:28)
    at endReadableNT (node:internal/streams/readable:1400:12)
    at process.processTicksAndRejections (node:internal/process/task_queues:82:21) {
  error: true,
  type: 'response',
  code: 429,
  headers: {
    date: 'Sat, 20 Dec 2025 06:00:02 GMT',
    'content-type': 'application/json; charset=utf-8',
    'content-length': '94',
    connection: 'close',
    perf: '7402827104',
    server: 'cloudflare envoy',
    'api-version': '2.156',
    'cache-control': 'no-cache, no-store, max-age=0',
    'set-cookie': [
      'guest_id=v1%3A176621040257209369; Max-Age=34214400; Expires=Wed, 20 Jan 2027 06:00:02 GMT; Path=/; Domain=.twitter.com; Secure; SameSite=None',
      '__cf_bm=qOrPgCa40h3Yasts5hwTtEfS_8mQl.PfUY075LV0yuE-1766210402.5530324-1.0.1.1-6XzbFrwYqrs8I4cKE5rfd5Qg7OHnFx.zORdxmUvKCvpbtcgXVRHZvrlt2tdeaAPI1fZGjC0BQuQXVEf0hspkRtQDi9aIBz7nqjkcMmVMAIZO5VSz3RIrccY1QZ.94ia2; HttpOnly; Secure; Path=/; Domain=twitter.com; Expires=Sat, 20 Dec 2025 06:30:02 GMT'
    ],
    'x-access-level': 'read',
    'x-frame-options': 'SAMEORIGIN',
    'content-encoding': 'gzip',
    'x-transaction-id': '4daae11fde8ecd87',
    'x-xss-protection': '0',
    'x-rate-limit-limit': '1',
    'x-rate-limit-reset': '1766211302',
    'content-disposition': 'attachment; filename=json.json',
    'x-content-type-options': 'nosniff',
    'x-rate-limit-remaining': '0',
    'x-response-time': '10',
    'origin-cf-ray': '9b0ceac7fd14c59d-ATL',
    'strict-transport-security': 'max-age=631138519; includeSubdomains',
    'x-served-by': 't4_a',
    vary: 'accept-encoding',
    'cf-cache-status': 'DYNAMIC',
    'cf-ray': '9b0ceac7fd14c59d-IAD'
  },
  rateLimit: { limit: 1, remaining: 0, reset: 1766211302 },
  data: {
    title: 'Too Many Requests',
    detail: 'Too Many Requests',
    type: 'about:blank',
    status: 429
  }
}
Error fetching tweets: ApiResponseError: Request failed with code 429
    at RequestHandlerHelper.createResponseError (/home/ubuntu/apps/gotravel/node_modules/twitter-api-v2/dist/cjs/client-mixins/request-handler.helper.js:104:16)
    at RequestHandlerHelper.onResponseEndHandler (/home/ubuntu/apps/gotravel/node_modules/twitter-api-v2/dist/cjs/client-mixins/request-handler.helper.js:262:25)
    at Gunzip.emit (node:events:517:28)
    at endReadableNT (node:internal/streams/readable:1400:12)
    at process.processTicksAndRejections (node:internal/process/task_queues:82:21) {
  error: true,
  type: 'response',
  code: 429,
  headers: {
    date: 'Sun, 21 Dec 2025 06:00:03 GMT',
    'content-type': 'application/json; charset=utf-8',
    'content-length': '196',
    connection: 'close',
    perf: '7402827104',
    server: 'cloudflare envoy',
    'set-cookie': [
      'guest_id=v1%3A176629680304793497; Max-Age=34214400; Expires=Thu, 21 Jan 2027 06:00:03 GMT; Path=/; Domain=.twitter.com; Secure; SameSite=None',
      '__cf_bm=SCriB6TYZz0VMmQ3rHk58BvoDzcS5c2aplmgR1dz4sA-1766296803.0307634-1.0.1.1-0Q_7GcLMjfCeL2D4oO7tDBgyTI7MRL8bajHHQtKyhuZuJzZ1CsfpQ7H39_i94EHtYwhnAD9NSrQ5YG0eZnf30IP7pnTn3tjfuMAII_V8Y7ooZB4BjB9oLtnskwuH2APc; HttpOnly; Secure; Path=/; Domain=twitter.com; Expires=Sun, 21 Dec 2025 06:30:03 GMT'
    ],
    'api-version': '2.156',
    'cache-control': 'no-cache, no-store, max-age=0',
    'x-access-level': 'read',
    'x-frame-options': 'SAMEORIGIN',
    'content-encoding': 'gzip',
    'x-transaction-id': '4b7729d6abd736c6',
    'x-xss-protection': '0',
    'x-rate-limit-limit': '40000',
    'x-rate-limit-reset': '1766297703',
    'content-disposition': 'attachment; filename=json.json',
    'x-content-type-options': 'nosniff',
    'x-rate-limit-remaining': '39998',
    'x-response-time': '19',
    'origin-cf-ray': '9b15282aedf7058e-IAD',
    'strict-transport-security': 'max-age=631138519; includeSubdomains',
    'x-served-by': 't4_a',
    'cf-cache-status': 'DYNAMIC',
    vary: 'accept-encoding',
    'cf-ray': '9b15282aedf7058e-IAD'
  },
  rateLimit: { limit: 40000, remaining: 39998, reset: 1766297703 },
  data: {
    account_id: 1821227857097715700,
    product_name: 'standard-basic',
    title: 'UsageCapExceeded',
    period: 'Monthly',
    scope: 'Product',
    detail: 'Usage cap exceeded: Monthly product cap',
    type: 'https://api.twitter.com/2/problems/usage-capped'
  }
}
Error fetching tweets: ApiResponseError: Request failed with code 429
    at RequestHandlerHelper.createResponseError (/home/ubuntu/apps/gotravel/node_modules/twitter-api-v2/dist/cjs/client-mixins/request-handler.helper.js:104:16)
    at RequestHandlerHelper.onResponseEndHandler (/home/ubuntu/apps/gotravel/node_modules/twitter-api-v2/dist/cjs/client-mixins/request-handler.helper.js:262:25)
    at Gunzip.emit (node:events:517:28)
    at endReadableNT (node:internal/streams/readable:1400:12)
    at process.processTicksAndRejections (node:internal/process/task_queues:82:21) {
  error: true,
  type: 'response',
  code: 429,
  headers: {
    date: 'Mon, 22 Dec 2025 06:00:03 GMT',
    'content-type': 'application/json; charset=utf-8',
    'content-length': '196',
    connection: 'close',
    perf: '7402827104',
    server: 'cloudflare envoy',
    'set-cookie': [
      'guest_id=v1%3A176638320338133117; Max-Age=34214400; Expires=Fri, 22 Jan 2027 06:00:03 GMT; Path=/; Domain=.twitter.com; Secure; SameSite=None',
      '__cf_bm=TcvlJiOTEW2fBjtE0e7MN_B2tzjAvB2YwHhxGoV1Rx4-1766383203.365772-1.0.1.1-jmXTmStsAcXpc.sTT79B8BgR6AtrC1ojDoIM_MUpOyAfLnTotLSEdkGICW8uKTgxvQ48zMcGBhCeMW9ayiW_G0YVy6oQFmxen7gryHHB011HCQq8zimKQMvVb6uB_2yd; HttpOnly; Secure; Path=/; Domain=twitter.com; Expires=Mon, 22 Dec 2025 06:30:03 GMT'
    ],
    'api-version': '2.156',
    'cache-control': 'no-cache, no-store, max-age=0',
    'x-access-level': 'read',
    'x-frame-options': 'SAMEORIGIN',
    'content-encoding': 'gzip',
    'x-transaction-id': '730eba4cc1b1a294',
    'x-xss-protection': '0',
    'x-rate-limit-limit': '40000',
    'x-rate-limit-reset': '1766384103',
    'content-disposition': 'attachment; filename=json.json',
    'x-content-type-options': 'nosniff',
    'x-rate-limit-remaining': '39999',
    'x-response-time': '17',
    'origin-cf-ray': '9b1d658d09b9c768-IAD',
    'strict-transport-security': 'max-age=631138519; includeSubdomains',
    'x-served-by': 't4_a',
    'cf-cache-status': 'DYNAMIC',
    vary: 'accept-encoding',
    'cf-ray': '9b1d658d09b9c768-IAD'
  },
  rateLimit: { limit: 40000, remaining: 39999, reset: 1766384103 },
  data: {
    account_id: 1821227857097715700,
    product_name: 'standard-basic',
    title: 'UsageCapExceeded',
    period: 'Monthly',
    scope: 'Product',
    detail: 'Usage cap exceeded: Monthly product cap',
    type: 'https://api.twitter.com/2/problems/usage-capped'
  }
}
Error fetching tweets: ApiResponseError: Request failed with code 429
    at RequestHandlerHelper.createResponseError (/home/ubuntu/apps/gotravel/node_modules/twitter-api-v2/dist/cjs/client-mixins/request-handler.helper.js:104:16)
    at RequestHandlerHelper.onResponseEndHandler (/home/ubuntu/apps/gotravel/node_modules/twitter-api-v2/dist/cjs/client-mixins/request-handler.helper.js:262:25)
    at Gunzip.emit (node:events:517:28)
    at endReadableNT (node:internal/streams/readable:1400:12)
    at process.processTicksAndRejections (node:internal/process/task_queues:82:21) {
  error: true,
  type: 'response',
  code: 429,
  headers: {
    connection: 'close',
    'content-length': '94',
    perf: '7402827104',
    server: 'envoy',
    'set-cookie': [
      'guest_id=v1%3A176646960233397680; Max-Age=34214400; Expires=Sat, 23 Jan 2027 06:00:02 GMT; Path=/; Domain=.twitter.com; Secure; SameSite=None'
    ],
    'api-version': '2.156',
    'content-type': 'application/json; charset=utf-8',
    'cache-control': 'no-cache, no-store, max-age=0',
    'x-access-level': 'read',
    'x-frame-options': 'SAMEORIGIN',
    'content-encoding': 'gzip',
    'x-transaction-id': '5fe5ca0621b72add',
    'x-xss-protection': '0',
    'x-rate-limit-limit': '1',
    'x-rate-limit-reset': '1766470502',
    'content-disposition': 'attachment; filename=json.json',
    'x-content-type-options': 'nosniff',
    'x-rate-limit-remaining': '0',
    'accept-ranges': 'bytes',
    via: '1.1 varnish, 1.1 varnish',
    'x-response-time': '14',
    date: 'Tue, 23 Dec 2025 06:00:02 GMT',
    'x-served-by': 't4_a, cache-pdk-katl1840099-PDK, cache-iad-kjyo7100080-IAD',
    'x-cache': 'MISS, MISS',
    'x-cache-hits': '0, 0',
    'x-timer': 'S1766469602.316537,VS0,VE29',
    'strict-transport-security': 'max-age=300'
  },
  rateLimit: { limit: 1, remaining: 0, reset: 1766470502 },
  data: {
    title: 'Too Many Requests',
    detail: 'Too Many Requests',
    type: 'about:blank',
    status: 429
  }
}
Error fetching tweets: ApiResponseError: Request failed with code 429
    at RequestHandlerHelper.createResponseError (/home/ubuntu/apps/gotravel/node_modules/twitter-api-v2/dist/cjs/client-mixins/request-handler.helper.js:104:16)
    at RequestHandlerHelper.onResponseEndHandler (/home/ubuntu/apps/gotravel/node_modules/twitter-api-v2/dist/cjs/client-mixins/request-handler.helper.js:262:25)
    at Gunzip.emit (node:events:517:28)
    at endReadableNT (node:internal/streams/readable:1400:12)
    at process.processTicksAndRejections (node:internal/process/task_queues:82:21) {
  error: true,
  type: 'response',
  code: 429,
  headers: {
    connection: 'close',
    'content-length': '196',
    perf: '7402827104',
    server: 'envoy',
    'set-cookie': [
      'guest_id=v1%3A176655600339657502; Max-Age=34214400; Expires=Sun, 24 Jan 2027 06:00:03 GMT; Path=/; Domain=.twitter.com; Secure; SameSite=None'
    ],
    'api-version': '2.156',
    'content-type': 'application/json; charset=utf-8',
    'cache-control': 'no-cache, no-store, max-age=0',
    'x-access-level': 'read',
    'x-frame-options': 'SAMEORIGIN',
    'content-encoding': 'gzip',
    'x-transaction-id': '36a4b1aab03abe4b',
    'x-xss-protection': '0',
    'x-rate-limit-limit': '40000',
    'x-rate-limit-reset': '1766556903',
    'content-disposition': 'attachment; filename=json.json',
    'x-content-type-options': 'nosniff',
    'x-rate-limit-remaining': '39999',
    'accept-ranges': 'bytes',
    via: '1.1 varnish, 1.1 varnish',
    'x-response-time': '21',
    date: 'Wed, 24 Dec 2025 06:00:03 GMT',
    'x-served-by': 't4_a, cache-pdk-kfty8610029-PDK, cache-iad-kjyo7100071-IAD',
    'x-cache': 'MISS, MISS',
    'x-cache-hits': '0, 0',
    'x-timer': 'S1766556003.385414,VS0,VE35',
    'strict-transport-security': 'max-age=300'
  },
  rateLimit: { limit: 40000, remaining: 39999, reset: 1766556903 },
  data: {
    account_id: 1821227857097715700,
    product_name: 'standard-basic',
    title: 'UsageCapExceeded',
    period: 'Monthly',
    scope: 'Product',
    detail: 'Usage cap exceeded: Monthly product cap',
    type: 'https://api.twitter.com/2/problems/usage-capped'
  }
}
Error fetching tweets: ApiResponseError: Request failed with code 429
    at RequestHandlerHelper.createResponseError (/home/ubuntu/apps/gotravel/node_modules/twitter-api-v2/dist/cjs/client-mixins/request-handler.helper.js:104:16)
    at RequestHandlerHelper.onResponseEndHandler (/home/ubuntu/apps/gotravel/node_modules/twitter-api-v2/dist/cjs/client-mixins/request-handler.helper.js:262:25)
    at Gunzip.emit (node:events:517:28)
    at endReadableNT (node:internal/streams/readable:1400:12)
    at process.processTicksAndRejections (node:internal/process/task_queues:82:21) {
  error: true,
  type: 'response',
  code: 429,
  headers: {
    date: 'Thu, 25 Dec 2025 06:00:03 GMT',
    'content-type': 'application/json; charset=utf-8',
    'content-length': '196',
    connection: 'close',
    perf: '7402827104',
    server: 'cloudflare envoy',
    'api-version': '2.156',
    'cache-control': 'no-cache, no-store, max-age=0',
    'set-cookie': [
      'guest_id=v1%3A176664240301997815; Max-Age=34214400; Expires=Mon, 25 Jan 2027 06:00:03 GMT; Path=/; Domain=.twitter.com; Secure; SameSite=None',
      '__cf_bm=MTue30.xJDzGPwZ_bsPhkBNCb1HSe54n8keh.yH.49A-1766642403.0018227-1.0.1.1-rOTd.plExFw1xP9mujRYU.zK7h6A9i6zT8230eNKHzulSlhkK7Pqffifnyt.WFe45cbCnCTinlWqEMJUOj5ycOhjKlKZlhMhw1bR8c8HAK7U.JV9mjp92jYsYpbmjdl9; HttpOnly; Secure; Path=/; Domain=twitter.com; Expires=Thu, 25 Dec 2025 06:30:03 GMT'
    ],
    'x-access-level': 'read',
    'x-frame-options': 'SAMEORIGIN',
    'content-encoding': 'gzip',
    'x-transaction-id': '1beccc4e5db1df03',
    'x-xss-protection': '0',
    'x-rate-limit-limit': '40000',
    'x-rate-limit-reset': '1766643303',
    'content-disposition': 'attachment; filename=json.json',
    'x-content-type-options': 'nosniff',
    'x-rate-limit-remaining': '39999',
    'x-response-time': '18',
    'origin-cf-ray': '9b361daaced157da-ATL',
    'strict-transport-security': 'max-age=631138519; includeSubdomains',
    'x-served-by': 't4_a',
    vary: 'accept-encoding',
    'cf-cache-status': 'DYNAMIC',
    'cf-ray': '9b361daaced157da-IAD'
  },
  rateLimit: { limit: 40000, remaining: 39999, reset: 1766643303 },
  data: {
    account_id: 1821227857097715700,
    product_name: 'standard-basic',
    title: 'UsageCapExceeded',
    period: 'Monthly',
    scope: 'Product',
    detail: 'Usage cap exceeded: Monthly product cap',
    type: 'https://api.twitter.com/2/problems/usage-capped'
  }
}
Error fetching tweets: ApiResponseError: Request failed with code 429
    at RequestHandlerHelper.createResponseError (/home/ubuntu/apps/gotravel/node_modules/twitter-api-v2/dist/cjs/client-mixins/request-handler.helper.js:104:16)
    at RequestHandlerHelper.onResponseEndHandler (/home/ubuntu/apps/gotravel/node_modules/twitter-api-v2/dist/cjs/client-mixins/request-handler.helper.js:262:25)
    at Gunzip.emit (node:events:517:28)
    at endReadableNT (node:internal/streams/readable:1400:12)
    at process.processTicksAndRejections (node:internal/process/task_queues:82:21) {
  error: true,
  type: 'response',
  code: 429,
  headers: {
    date: 'Fri, 26 Dec 2025 06:00:03 GMT',
    'content-type': 'application/json; charset=utf-8',
    'content-length': '196',
    connection: 'close',
    perf: '7402827104',
    server: 'cloudflare envoy',
    'api-version': '2.156',
    'cache-control': 'no-cache, no-store, max-age=0',
    'set-cookie': [
      'guest_id=v1%3A176672880372797941; Max-Age=34214400; Expires=Tue, 26 Jan 2027 06:00:03 GMT; Path=/; Domain=.twitter.com; Secure; SameSite=None',
      '__cf_bm=quB0T7P1a30voLIdC5RKuxR8jhRpLEF.6kt0huy4XiQ-1766728803.7043803-1.0.1.1-BwRqxqBJ49UfMp4bDudXrG0rMZThhXT8vBrqEl7z0CWSJ8CrrC.ovYw3sMB5Mt7pJwbiOKq6nfG3__FvZ30FOgO9umLddpPC6ALsxBwSxXSFdnTpqA08jC3_6N3w4IUJ; HttpOnly; Secure; Path=/; Domain=twitter.com; Expires=Fri, 26 Dec 2025 06:30:03 GMT'
    ],
    'x-access-level': 'read',
    'x-frame-options': 'SAMEORIGIN',
    'content-encoding': 'gzip',
    'x-transaction-id': '9f477924d0012d1b',
    'x-xss-protection': '0',
    'x-rate-limit-limit': '40000',
    'x-rate-limit-reset': '1766729703',
    'content-disposition': 'attachment; filename=json.json',
    'x-content-type-options': 'nosniff',
    'x-rate-limit-remaining': '39999',
    'x-response-time': '19',
    'origin-cf-ray': '9b3e5b0f2f1de5cb-ATL',
    'strict-transport-security': 'max-age=631138519; includeSubdomains',
    'x-served-by': 't4_a',
    vary: 'accept-encoding',
    'cf-cache-status': 'DYNAMIC',
    'cf-ray': '9b3e5b0f2f1de5cb-IAD'
  },
  rateLimit: { limit: 40000, remaining: 39999, reset: 1766729703 },
  data: {
    account_id: 1821227857097715700,
    product_name: 'standard-basic',
    title: 'UsageCapExceeded',
    period: 'Monthly',
    scope: 'Product',
    detail: 'Usage cap exceeded: Monthly product cap',
    type: 'https://api.twitter.com/2/problems/usage-capped'
  }
}
Error fetching tweets: ApiResponseError: Request failed with code 429
    at RequestHandlerHelper.createResponseError (/home/ubuntu/apps/gotravel/node_modules/twitter-api-v2/dist/cjs/client-mixins/request-handler.helper.js:104:16)
    at RequestHandlerHelper.onResponseEndHandler (/home/ubuntu/apps/gotravel/node_modules/twitter-api-v2/dist/cjs/client-mixins/request-handler.helper.js:262:25)
    at Gunzip.emit (node:events:517:28)
    at endReadableNT (node:internal/streams/readable:1400:12)
    at process.processTicksAndRejections (node:internal/process/task_queues:82:21) {
  error: true,
  type: 'response',
  code: 429,
  headers: {
    date: 'Sat, 27 Dec 2025 06:00:03 GMT',
    'content-type': 'application/json; charset=utf-8',
    'content-length': '94',
    connection: 'close',
    perf: '7402827104',
    server: 'cloudflare envoy',
    'api-version': '2.156',
    'cache-control': 'no-cache, no-store, max-age=0',
    'set-cookie': [
      'guest_id=v1%3A176681520389234667; Max-Age=34214400; Expires=Wed, 27 Jan 2027 06:00:03 GMT; Path=/; Domain=.twitter.com; Secure; SameSite=None',
      '__cf_bm=sCgHYKNdFViWloPdgRT_MNmjT1IAuHexsf.C7oik4k8-1766815203.8750317-1.0.1.1-K3cpQueZnUWY8cjOlVrAMyXxjywIVcKMSpf3yMPHY516NlD0zJR_Oo6xGzq6OInXJR3sNyfFtd3xdFAL1FvO8x9_BkRFjaxT2p9qaCDhyobW9Xzssxb28xuroQ9yB.tW; HttpOnly; Secure; Path=/; Domain=twitter.com; Expires=Sat, 27 Dec 2025 06:30:03 GMT'
    ],
    'x-access-level': 'read',
    'x-frame-options': 'SAMEORIGIN',
    'content-encoding': 'gzip',
    'x-transaction-id': '05c8836c35f45689',
    'x-xss-protection': '0',
    'x-rate-limit-limit': '1',
    'x-rate-limit-reset': '1766816103',
    'content-disposition': 'attachment; filename=json.json',
    'x-content-type-options': 'nosniff',
    'x-rate-limit-remaining': '0',
    'x-response-time': '10',
    'origin-cf-ray': '9b4698703af27223-ATL',
    'strict-transport-security': 'max-age=631138519; includeSubdomains',
    'x-served-by': 't4_a',
    vary: 'accept-encoding',
    'cf-cache-status': 'DYNAMIC',
    'cf-ray': '9b4698703af27223-IAD'
  },
  rateLimit: { limit: 1, remaining: 0, reset: 1766816103 },
  data: {
    title: 'Too Many Requests',
    detail: 'Too Many Requests',
    type: 'about:blank',
    status: 429
  }
}
Error fetching tweets: ApiResponseError: Request failed with code 429
    at RequestHandlerHelper.createResponseError (/home/ubuntu/apps/gotravel/node_modules/twitter-api-v2/dist/cjs/client-mixins/request-handler.helper.js:104:16)
    at RequestHandlerHelper.onResponseEndHandler (/home/ubuntu/apps/gotravel/node_modules/twitter-api-v2/dist/cjs/client-mixins/request-handler.helper.js:262:25)
    at Gunzip.emit (node:events:517:28)
    at endReadableNT (node:internal/streams/readable:1400:12)
    at process.processTicksAndRejections (node:internal/process/task_queues:82:21) {
  error: true,
  type: 'response',
  code: 429,
  headers: {
    date: 'Sun, 28 Dec 2025 06:00:03 GMT',
    'content-type': 'application/json; charset=utf-8',
    'content-length': '196',
    connection: 'close',
    perf: '7402827104',
    server: 'cloudflare envoy',
    'api-version': '2.156',
    'cache-control': 'no-cache, no-store, max-age=0',
    'set-cookie': [
      'guest_id=v1%3A176690160340667876; Max-Age=34214400; Expires=Thu, 28 Jan 2027 06:00:03 GMT; Path=/; Domain=.twitter.com; Secure; SameSite=None',
      '__cf_bm=Fbp_5T4DXGeUYvvD6_JKOdmVbZab6ofTmTxz3QTbSbU-1766901603.382768-1.0.1.1-E31c0V56K7SY7P.LnBU_bkEUp51P39CjLH35dcOkItQ6F_M7X9vY4x1.maQSD.EiBR1n4UurtF5N4ruqS3zJlKtwlzmQTflhaBQ6AT45z2qa3Oy4JR2CHIremSvpdz8N; HttpOnly; Secure; Path=/; Domain=twitter.com; Expires=Sun, 28 Dec 2025 06:30:03 GMT'
    ],
    'x-access-level': 'read',
    'x-frame-options': 'SAMEORIGIN',
    'content-encoding': 'gzip',
    'x-transaction-id': '1d0726ae43d0cb33',
    'x-xss-protection': '0',
    'x-rate-limit-limit': '40000',
    'x-rate-limit-reset': '1766902503',
    'content-disposition': 'attachment; filename=json.json',
    'x-content-type-options': 'nosniff',
    'x-rate-limit-remaining': '39999',
    'x-response-time': '19',
    'origin-cf-ray': '9b4ed5cd2e9d1735-ATL',
    'strict-transport-security': 'max-age=631138519; includeSubdomains',
    'x-served-by': 't4_a',
    vary: 'accept-encoding',
    'cf-cache-status': 'DYNAMIC',
    'cf-ray': '9b4ed5cd2e9d1735-IAD'
  },
  rateLimit: { limit: 40000, remaining: 39999, reset: 1766902503 },
  data: {
    account_id: 1821227857097715700,
    product_name: 'standard-basic',
    title: 'UsageCapExceeded',
    period: 'Monthly',
    scope: 'Product',
    detail: 'Usage cap exceeded: Monthly product cap',
    type: 'https://api.twitter.com/2/problems/usage-capped'
  }
}
Error fetching tweets: ApiResponseError: Request failed with code 429
    at RequestHandlerHelper.createResponseError (/home/ubuntu/apps/gotravel/node_modules/twitter-api-v2/dist/cjs/client-mixins/request-handler.helper.js:104:16)
    at RequestHandlerHelper.onResponseEndHandler (/home/ubuntu/apps/gotravel/node_modules/twitter-api-v2/dist/cjs/client-mixins/request-handler.helper.js:262:25)
    at Gunzip.emit (node:events:517:28)
    at endReadableNT (node:internal/streams/readable:1400:12)
    at process.processTicksAndRejections (node:internal/process/task_queues:82:21) {
  error: true,
  type: 'response',
  code: 429,
  headers: {
    date: 'Mon, 29 Dec 2025 06:00:03 GMT',
    'content-type': 'application/json; charset=utf-8',
    'content-length': '196',
    connection: 'close',
    perf: '7402827104',
    server: 'cloudflare envoy',
    'set-cookie': [
      'guest_id=v1%3A176698800322463015; Max-Age=34214400; Expires=Fri, 29 Jan 2027 06:00:03 GMT; Path=/; Domain=.twitter.com; Secure; SameSite=None',
      '__cf_bm=LqHOV6uT0Dq1_SiJqBtCQ7YkZFB6kByeOFrWaVt6BeU-1766988003.2054496-1.0.1.1-Dg93K6yWyUsH.MhKwm_ZvOpFWB1dp3fQ0p3OGEjdMOfgaoiDcHB0xMKw6WmnN8zIbNvNfGunDOB96qw5HeO3.bZbNEvLfPNr_B.1Vod5I3sf.FaGX3afO9yB_CT0qaSV; HttpOnly; Secure; Path=/; Domain=twitter.com; Expires=Mon, 29 Dec 2025 06:30:03 GMT'
    ],
    'api-version': '2.156',
    'cache-control': 'no-cache, no-store, max-age=0',
    'x-access-level': 'read',
    'x-frame-options': 'SAMEORIGIN',
    'content-encoding': 'gzip',
    'x-transaction-id': '508b6d629ccbe3c1',
    'x-xss-protection': '0',
    'x-rate-limit-limit': '40000',
    'x-rate-limit-reset': '1766988903',
    'content-disposition': 'attachment; filename=json.json',
    'x-content-type-options': 'nosniff',
    'x-rate-limit-remaining': '39999',
    'x-response-time': '21',
    'origin-cf-ray': '9b57132c0fb26589-IAD',
    'strict-transport-security': 'max-age=631138519; includeSubdomains',
    'x-served-by': 't4_a',
    'cf-cache-status': 'DYNAMIC',
    vary: 'accept-encoding',
    'cf-ray': '9b57132c0fb26589-IAD'
  },
  rateLimit: { limit: 40000, remaining: 39999, reset: 1766988903 },
  data: {
    account_id: 1821227857097715700,
    product_name: 'standard-basic',
    title: 'UsageCapExceeded',
    period: 'Monthly',
    scope: 'Product',
    detail: 'Usage cap exceeded: Monthly product cap',
    type: 'https://api.twitter.com/2/problems/usage-capped'
  }
}
Error fetching tweets: ApiResponseError: Request failed with code 429
    at RequestHandlerHelper.createResponseError (/home/ubuntu/apps/gotravel/node_modules/twitter-api-v2/dist/cjs/client-mixins/request-handler.helper.js:104:16)
    at RequestHandlerHelper.onResponseEndHandler (/home/ubuntu/apps/gotravel/node_modules/twitter-api-v2/dist/cjs/client-mixins/request-handler.helper.js:262:25)
    at Gunzip.emit (node:events:517:28)
    at endReadableNT (node:internal/streams/readable:1400:12)
    at process.processTicksAndRejections (node:internal/process/task_queues:82:21) {
  error: true,
  type: 'response',
  code: 429,
  headers: {
    date: 'Tue, 30 Dec 2025 06:00:02 GMT',
    'content-type': 'application/json; charset=utf-8',
    'content-length': '196',
    connection: 'close',
    perf: '7402827104',
    server: 'cloudflare envoy',
    'set-cookie': [
      'guest_id=v1%3A176707440211202971; Max-Age=34214400; Expires=Sat, 30 Jan 2027 06:00:02 GMT; Path=/; Domain=.twitter.com; Secure; SameSite=None',
      '__cf_bm=wuW0HAtg4bAq5xzXPnnEgi_3W6DLw5v9HETupkK9M6k-1767074402.0852344-1.0.1.1-vZy6u0QfGmSE01t4hreFElhv.8gSjhKRnf1DUbG5HfzHRWsAh5f.2_OwsV3wRn3Qjmpdnky5bHiG_srv2fW1KrM4nl9I9GqaN8qevkYb8UpsEtc7QmvEX30I92Y7ydW2; HttpOnly; Secure; Path=/; Domain=twitter.com; Expires=Tue, 30 Dec 2025 06:30:02 GMT'
    ],
    'api-version': '2.156',
    'cache-control': 'no-cache, no-store, max-age=0',
    'x-access-level': 'read',
    'x-frame-options': 'SAMEORIGIN',
    'content-encoding': 'gzip',
    'x-transaction-id': '658aa8f43e528a75',
    'x-xss-protection': '0',
    'x-rate-limit-limit': '40000',
    'x-rate-limit-reset': '1767075302',
    'content-disposition': 'attachment; filename=json.json',
    'x-content-type-options': 'nosniff',
    'x-rate-limit-remaining': '39999',
    'x-response-time': '16',
    'origin-cf-ray': '9b5f50850e3c7ff9-IAD',
    'strict-transport-security': 'max-age=631138519; includeSubdomains',
    'x-served-by': 't4_a',
    'cf-cache-status': 'DYNAMIC',
    vary: 'accept-encoding',
    'cf-ray': '9b5f50850e3c7ff9-IAD'
  },
  rateLimit: { limit: 40000, remaining: 39999, reset: 1767075302 },
  data: {
    account_id: 1821227857097715700,
    product_name: 'standard-basic',
    title: 'UsageCapExceeded',
    period: 'Monthly',
    scope: 'Product',
    detail: 'Usage cap exceeded: Monthly product cap',
    type: 'https://api.twitter.com/2/problems/usage-capped'
  }
}
Error fetching tweets: ApiResponseError: Request failed with code 429
    at RequestHandlerHelper.createResponseError (/home/ubuntu/apps/gotravel/node_modules/twitter-api-v2/dist/cjs/client-mixins/request-handler.helper.js:104:16)
    at RequestHandlerHelper.onResponseEndHandler (/home/ubuntu/apps/gotravel/node_modules/twitter-api-v2/dist/cjs/client-mixins/request-handler.helper.js:262:25)
    at Gunzip.emit (node:events:517:28)
    at endReadableNT (node:internal/streams/readable:1400:12)
    at process.processTicksAndRejections (node:internal/process/task_queues:82:21) {
  error: true,
  type: 'response',
  code: 429,
  headers: {
    date: 'Wed, 31 Dec 2025 06:00:03 GMT',
    'content-type': 'application/json; charset=utf-8',
    'content-length': '196',
    connection: 'close',
    perf: '7402827104',
    server: 'cloudflare envoy',
    'api-version': '2.156',
    'cache-control': 'no-cache, no-store, max-age=0',
    'set-cookie': [
      'guest_id=v1%3A176716080347522165; Max-Age=34214400; Expires=Sun, 31 Jan 2027 06:00:03 GMT; Path=/; Domain=.twitter.com; Secure; SameSite=None',
      '__cf_bm=08jpLv9FT2pRn_LJiKIszUyaeKNrxfurdHSEEtcFEOo-1767160803.457288-1.0.1.1-hhIE1N.WJ1aKvuImfdXxDkfpTu.942Ih_UwPRFyqwm7U50KXQu8cv3UbHE7Wz1T9GMfkpauR9w4Fc312OqSo_hFWkNz9p.xKIAnOru7F.68BjlgQ3M81_qqV7kOVUKnK; HttpOnly; Secure; Path=/; Domain=twitter.com; Expires=Wed, 31 Dec 2025 06:30:03 GMT'
    ],
    'x-access-level': 'read',
    'x-frame-options': 'SAMEORIGIN',
    'content-encoding': 'gzip',
    'x-transaction-id': 'f243e4f408da5eb9',
    'x-xss-protection': '0',
    'x-rate-limit-limit': '40000',
    'x-rate-limit-reset': '1767161703',
    'content-disposition': 'attachment; filename=json.json',
    'x-content-type-options': 'nosniff',
    'x-rate-limit-remaining': '39999',
    'x-response-time': '18',
    'origin-cf-ray': '9b678ded99fe6529-ATL',
    'strict-transport-security': 'max-age=631138519; includeSubdomains',
    'x-served-by': 't4_a',
    vary: 'accept-encoding',
    'cf-cache-status': 'DYNAMIC',
    'cf-ray': '9b678ded99fe6529-IAD'
  },
  rateLimit: { limit: 40000, remaining: 39999, reset: 1767161703 },
  data: {
    account_id: 1821227857097715700,
    product_name: 'standard-basic',
    title: 'UsageCapExceeded',
    period: 'Monthly',
    scope: 'Product',
    detail: 'Usage cap exceeded: Monthly product cap',
    type: 'https://api.twitter.com/2/problems/usage-capped'
  }
}
Error fetching tweets: ApiResponseError: Request failed with code 429
    at RequestHandlerHelper.createResponseError (/home/ubuntu/apps/gotravel/node_modules/twitter-api-v2/dist/cjs/client-mixins/request-handler.helper.js:104:16)
    at RequestHandlerHelper.onResponseEndHandler (/home/ubuntu/apps/gotravel/node_modules/twitter-api-v2/dist/cjs/client-mixins/request-handler.helper.js:262:25)
    at Gunzip.emit (node:events:517:28)
    at endReadableNT (node:internal/streams/readable:1400:12)
    at process.processTicksAndRejections (node:internal/process/task_queues:82:21) {
  error: true,
  type: 'response',
  code: 429,
  headers: {
    date: 'Thu, 01 Jan 2026 06:00:02 GMT',
    'content-type': 'application/json; charset=utf-8',
    'content-length': '94',
    connection: 'close',
    perf: '7402827104',
    server: 'cloudflare envoy',
    'api-version': '2.156',
    'cache-control': 'no-cache, no-store, max-age=0',
    'set-cookie': [
      'guest_id=v1%3A176724720255010854; Max-Age=34214400; Expires=Mon, 01 Feb 2027 06:00:02 GMT; Path=/; Domain=.twitter.com; Secure; SameSite=None',
      '__cf_bm=1sVLBAN9_w5WEGJoneCrPp.ps2iR8B4Mi1F5Obx.G2M-1767247202.531876-1.0.1.1-29pFatQKYehv7.A_Qx9Mhc01GUmZ89yPXB5GZ3jskARmaqnT7x3YkdFfMMxmNDCmuZ5035wWD8OXfmko0oK0LWhXPrgOmgOdR1PpGyX.4WfTQIsR5i_QEEOqLyxeC7bT; HttpOnly; Secure; Path=/; Domain=twitter.com; Expires=Thu, 01 Jan 2026 06:30:02 GMT'
    ],
    'x-access-level': 'read',
    'x-frame-options': 'SAMEORIGIN',
    'content-encoding': 'gzip',
    'x-transaction-id': '78390a6ff2008444',
    'x-xss-protection': '0',
    'x-rate-limit-limit': '1',
    'x-rate-limit-reset': '1767248102',
    'content-disposition': 'attachment; filename=json.json',
    'x-content-type-options': 'nosniff',
    'x-rate-limit-remaining': '0',
    'x-response-time': '10',
    'origin-cf-ray': '9b6fcb47dedbd6d0-ATL',
    'strict-transport-security': 'max-age=631138519; includeSubdomains',
    'x-served-by': 't4_a',
    vary: 'accept-encoding',
    'cf-cache-status': 'DYNAMIC',
    'cf-ray': '9b6fcb47dedbd6d0-IAD'
  },
  rateLimit: { limit: 1, remaining: 0, reset: 1767248102 },
  data: {
    title: 'Too Many Requests',
    detail: 'Too Many Requests',
    type: 'about:blank',
    status: 429
  }
}
Error fetching tweets: ApiResponseError: Request failed with code 429
    at RequestHandlerHelper.createResponseError (/home/ubuntu/apps/gotravel/node_modules/twitter-api-v2/dist/cjs/client-mixins/request-handler.helper.js:104:16)
    at RequestHandlerHelper.onResponseEndHandler (/home/ubuntu/apps/gotravel/node_modules/twitter-api-v2/dist/cjs/client-mixins/request-handler.helper.js:262:25)
    at Gunzip.emit (node:events:517:28)
    at endReadableNT (node:internal/streams/readable:1400:12)
    at process.processTicksAndRejections (node:internal/process/task_queues:82:21) {
  error: true,
  type: 'response',
  code: 429,
  headers: {
    date: 'Fri, 02 Jan 2026 06:00:01 GMT',
    'content-type': 'application/json; charset=utf-8',
    'content-length': '196',
    connection: 'close',
    perf: '7402827104',
    server: 'cloudflare envoy',
    'api-version': '2.156',
    'cache-control': 'no-cache, no-store, max-age=0',
    'set-cookie': [
      'guest_id=v1%3A176733360185381526; Max-Age=34214400; Expires=Tue, 02 Feb 2027 06:00:01 GMT; Path=/; Domain=.twitter.com; Secure; SameSite=None',
      '__cf_bm=Txh4uwoFxjNcfMeyIX9miLKR7CcluIq4yo730xi76oc-1767333601.8303013-1.0.1.1-FKN5kpk733qxALYxIBLg3W7uG52k0bizegz4zPsoXr4GvyXO5bO1KivTrmtWAOl8kDpk_5_7lvhMa_eA8hVMqWBkeX4jGaKgNqieZcrbgV8QY6KLKZypW_e95u3zjjWh; HttpOnly; Secure; Path=/; Domain=twitter.com; Expires=Fri, 02 Jan 2026 06:30:01 GMT'
    ],
    'x-access-level': 'read',
    'x-frame-options': 'SAMEORIGIN',
    'content-encoding': 'gzip',
    'x-transaction-id': '3945cc88298a0190',
    'x-xss-protection': '0',
    'x-rate-limit-limit': '40000',
    'x-rate-limit-reset': '1767334501',
    'content-disposition': 'attachment; filename=json.json',
    'x-content-type-options': 'nosniff',
    'x-rate-limit-remaining': '39999',
    'x-response-time': '18',
    'origin-cf-ray': '9b7808a368c1b06c-ATL',
    'strict-transport-security': 'max-age=631138519; includeSubdomains',
    'x-served-by': 't4_a',
    vary: 'accept-encoding',
    'cf-cache-status': 'DYNAMIC',
    'cf-ray': '9b7808a368c1b06c-IAD'
  },
  rateLimit: { limit: 40000, remaining: 39999, reset: 1767334501 },
  data: {
    account_id: 1821227857097715700,
    product_name: 'standard-basic',
    title: 'UsageCapExceeded',
    period: 'Monthly',
    scope: 'Product',
    detail: 'Usage cap exceeded: Monthly product cap',
    type: 'https://api.twitter.com/2/problems/usage-capped'
  }
}
Error fetching tweets: ApiResponseError: Request failed with code 429
    at RequestHandlerHelper.createResponseError (/home/ubuntu/apps/gotravel/node_modules/twitter-api-v2/dist/cjs/client-mixins/request-handler.helper.js:104:16)
    at RequestHandlerHelper.onResponseEndHandler (/home/ubuntu/apps/gotravel/node_modules/twitter-api-v2/dist/cjs/client-mixins/request-handler.helper.js:262:25)
    at Gunzip.emit (node:events:517:28)
    at endReadableNT (node:internal/streams/readable:1400:12)
    at process.processTicksAndRejections (node:internal/process/task_queues:82:21) {
  error: true,
  type: 'response',
  code: 429,
  headers: {
    date: 'Sat, 03 Jan 2026 06:00:03 GMT',
    'content-type': 'application/json; charset=utf-8',
    'content-length': '196',
    connection: 'close',
    perf: '7402827104',
    server: 'cloudflare envoy',
    'api-version': '2.156',
    'cache-control': 'no-cache, no-store, max-age=0',
    'set-cookie': [
      'guest_id=v1%3A176742000328453996; Max-Age=34214400; Expires=Wed, 03 Feb 2027 06:00:03 GMT; Path=/; Domain=.twitter.com; Secure; SameSite=None',
      '__cf_bm=zHnnNvF7W4Mc3L9BE3P9MUZKgTQju2vJvwu7O9g4nvQ-1767420003.2660556-1.0.1.1-jBfrvGVtc5hePCGiOIXp0LodHC9ohRpwEhCa7ZjIUUjj.g9L1UhB598duNyZK8Kw6PRkYcl4gDKfIotTyVEJMzqmvsXF0Aep2h_kLz6StX0cxuF9fE8ugv1OB4acnbEG; HttpOnly; Secure; Path=/; Domain=twitter.com; Expires=Sat, 03 Jan 2026 06:30:03 GMT'
    ],
    'x-access-level': 'read',
    'x-frame-options': 'SAMEORIGIN',
    'content-encoding': 'gzip',
    'x-transaction-id': '71f1304e543e4f64',
    'x-xss-protection': '0',
    'x-rate-limit-limit': '40000',
    'x-rate-limit-reset': '1767420903',
    'content-disposition': 'attachment; filename=json.json',
    'x-content-type-options': 'nosniff',
    'x-rate-limit-remaining': '39999',
    'x-response-time': '19',
    'origin-cf-ray': '9b80460c6c39d6a9-ATL',
    'strict-transport-security': 'max-age=631138519; includeSubdomains',
    'x-served-by': 't4_a',
    vary: 'accept-encoding',
    'cf-cache-status': 'DYNAMIC',
    'cf-ray': '9b80460c6c39d6a9-IAD'
  },
  rateLimit: { limit: 40000, remaining: 39999, reset: 1767420903 },
  data: {
    account_id: 1821227857097715700,
    product_name: 'standard-basic',
    title: 'UsageCapExceeded',
    period: 'Monthly',
    scope: 'Product',
    detail: 'Usage cap exceeded: Monthly product cap',
    type: 'https://api.twitter.com/2/problems/usage-capped'
  }
}
Error fetching tweets: ApiResponseError: Request failed with code 429
    at RequestHandlerHelper.createResponseError (/home/ubuntu/apps/gotravel/node_modules/twitter-api-v2/dist/cjs/client-mixins/request-handler.helper.js:104:16)
    at RequestHandlerHelper.onResponseEndHandler (/home/ubuntu/apps/gotravel/node_modules/twitter-api-v2/dist/cjs/client-mixins/request-handler.helper.js:262:25)
    at Gunzip.emit (node:events:517:28)
    at endReadableNT (node:internal/streams/readable:1400:12)
    at process.processTicksAndRejections (node:internal/process/task_queues:82:21) {
  error: true,
  type: 'response',
  code: 429,
  headers: {
    date: 'Sun, 04 Jan 2026 06:00:03 GMT',
    'content-type': 'application/json; charset=utf-8',
    'content-length': '196',
    connection: 'close',
    perf: '7402827104',
    server: 'cloudflare envoy',
    'api-version': '2.156',
    'cache-control': 'no-cache, no-store, max-age=0',
    'set-cookie': [
      'guest_id=v1%3A176750640316972894; Max-Age=34214400; Expires=Thu, 04 Feb 2027 06:00:03 GMT; Path=/; Domain=.twitter.com; Secure; SameSite=None',
      '__cf_bm=hfG_xIpUqkFKltT6d.u8aJ5igi5XfQr.b2e06TwrGCE-1767506403.148644-1.0.1.1-BmpPJZ0JZPSj3QifVRmL5MbCYkEVnZj62wfvXemTwyWfowRV4wj2lRQxbfz548GaQCH7ZiB9xrIv9LEsf1dtShnrPTmuzJMFlnUJztDJGSGocsRamwTXBwoXjikfFdTe; HttpOnly; Secure; Path=/; Domain=twitter.com; Expires=Sun, 04 Jan 2026 06:30:03 GMT'
    ],
    'x-access-level': 'read',
    'x-frame-options': 'SAMEORIGIN',
    'content-encoding': 'gzip',
    'x-transaction-id': '01e1b3a0fde274f9',
    'x-xss-protection': '0',
    'x-rate-limit-limit': '40000',
    'x-rate-limit-reset': '1767507303',
    'content-disposition': 'attachment; filename=json.json',
    'x-content-type-options': 'nosniff',
    'x-rate-limit-remaining': '39999',
    'x-response-time': '20',
    'origin-cf-ray': '9b88836ba875d691-ATL',
    'strict-transport-security': 'max-age=631138519; includeSubdomains',
    'x-served-by': 't4_a',
    vary: 'accept-encoding',
    'cf-cache-status': 'DYNAMIC',
    'cf-ray': '9b88836ba875d691-IAD'
  },
  rateLimit: { limit: 40000, remaining: 39999, reset: 1767507303 },
  data: {
    account_id: 1821227857097715700,
    product_name: 'standard-basic',
    title: 'UsageCapExceeded',
    period: 'Monthly',
    scope: 'Product',
    detail: 'Usage cap exceeded: Monthly product cap',
    type: 'https://api.twitter.com/2/problems/usage-capped'
  }
}
Error fetching tweets: ApiResponseError: Request failed with code 429
    at RequestHandlerHelper.createResponseError (/home/ubuntu/apps/gotravel/node_modules/twitter-api-v2/dist/cjs/client-mixins/request-handler.helper.js:104:16)
    at RequestHandlerHelper.onResponseEndHandler (/home/ubuntu/apps/gotravel/node_modules/twitter-api-v2/dist/cjs/client-mixins/request-handler.helper.js:262:25)
    at Gunzip.emit (node:events:517:28)
    at endReadableNT (node:internal/streams/readable:1400:12)
    at process.processTicksAndRejections (node:internal/process/task_queues:82:21) {
  error: true,
  type: 'response',
  code: 429,
  headers: {
    date: 'Mon, 05 Jan 2026 06:00:03 GMT',
    'content-type': 'application/json; charset=utf-8',
    'content-length': '94',
    connection: 'close',
    perf: '7402827104',
    server: 'cloudflare envoy',
    'api-version': '2.156',
    'cache-control': 'no-cache, no-store, max-age=0',
    'set-cookie': [
      'guest_id=v1%3A176759280316225473; Max-Age=34214400; Expires=Fri, 05 Feb 2027 06:00:03 GMT; Path=/; Domain=.twitter.com; Secure; SameSite=None',
      '__cf_bm=EnS1T44yYke7KVN3KmEPU9fJ_2Xli99.Iie5oGHGIsk-1767592803.1460364-1.0.1.1-bTntenARGCgOlmpCMxzJ1oG1Bd.4RhD7OTHkklhs5ObfDcaEikDC2xWBzHrElgRB4r.q0FsuZY6hOvultyXbX6rAgoraCo2QyWVdErpo9uSDMEAi4Z8daFdzPWAAHOFt; HttpOnly; Secure; Path=/; Domain=twitter.com; Expires=Mon, 05 Jan 2026 06:30:03 GMT'
    ],
    'x-access-level': 'read',
    'x-frame-options': 'SAMEORIGIN',
    'content-encoding': 'gzip',
    'x-transaction-id': 'd0b6763bac0e3766',
    'x-xss-protection': '0',
    'x-rate-limit-limit': '1',
    'x-rate-limit-reset': '1767593703',
    'content-disposition': 'attachment; filename=json.json',
    'x-content-type-options': 'nosniff',
    'x-rate-limit-remaining': '0',
    'x-response-time': '8',
    'origin-cf-ray': '9b90c0cba8ced66f-ATL',
    'strict-transport-security': 'max-age=631138519; includeSubdomains',
    'x-served-by': 't4_a',
    vary: 'accept-encoding',
    'cf-cache-status': 'DYNAMIC',
    'cf-ray': '9b90c0cba8ced66f-IAD'
  },
  rateLimit: { limit: 1, remaining: 0, reset: 1767593703 },
  data: {
    title: 'Too Many Requests',
    detail: 'Too Many Requests',
    type: 'about:blank',
    status: 429
  }
}
Error fetching tweets: ApiResponseError: Request failed with code 429
    at RequestHandlerHelper.createResponseError (/home/ubuntu/apps/gotravel/node_modules/twitter-api-v2/dist/cjs/client-mixins/request-handler.helper.js:104:16)
    at RequestHandlerHelper.onResponseEndHandler (/home/ubuntu/apps/gotravel/node_modules/twitter-api-v2/dist/cjs/client-mixins/request-handler.helper.js:262:25)
    at Gunzip.emit (node:events:517:28)
    at endReadableNT (node:internal/streams/readable:1400:12)
    at process.processTicksAndRejections (node:internal/process/task_queues:82:21) {
  error: true,
  type: 'response',
  code: 429,
  headers: {
    date: 'Tue, 06 Jan 2026 06:00:03 GMT',
    'content-type': 'application/json; charset=utf-8',
    'content-length': '94',
    connection: 'close',
    perf: '7402827104',
    server: 'cloudflare envoy',
    'api-version': '2.157',
    'cache-control': 'no-cache, no-store, max-age=0',
    'set-cookie': [
      'guest_id=v1%3A176767920326601737; Max-Age=34214400; Expires=Sat, 06 Feb 2027 06:00:03 GMT; Path=/; Domain=.twitter.com; Secure; SameSite=None',
      '__cf_bm=cHoNO78IznJ225p3iwMl6nJ9EpYRbUuJbfYr.i42SrY-1767679203.2441373-1.0.1.1-tHtKEXx6yG5.kaEbbuDbzrqig.8RUPa0kl5lP9mrtfzoAsDGuoef7TGJ8s7u9e8LwvcXEMAcG8VNBi2cQLN0SNxSmsl8Q99l7.J7dCz.AJwZxUY6AczhLZ2DbE8ZMkSV; HttpOnly; Secure; Path=/; Domain=twitter.com; Expires=Tue, 06 Jan 2026 06:30:03 GMT'
    ],
    'x-access-level': 'read',
    'x-frame-options': 'SAMEORIGIN',
    'content-encoding': 'gzip',
    'x-transaction-id': '400bb0cb87ddc158',
    'x-xss-protection': '0',
    'x-rate-limit-limit': '1',
    'x-rate-limit-reset': '1767680103',
    'content-disposition': 'attachment; filename=json.json',
    'x-content-type-options': 'nosniff',
    'x-rate-limit-remaining': '0',
    'x-response-time': '11',
    'origin-cf-ray': '9b98fe2c3e213994-ATL',
    'strict-transport-security': 'max-age=631138519; includeSubdomains',
    'x-served-by': 't4_a',
    vary: 'accept-encoding',
    'cf-cache-status': 'DYNAMIC',
    'cf-ray': '9b98fe2c3e213994-IAD'
  },
  rateLimit: { limit: 1, remaining: 0, reset: 1767680103 },
  data: {
    title: 'Too Many Requests',
    detail: 'Too Many Requests',
    type: 'about:blank',
    status: 429
  }
}
Fetched 20 tweets, added 20 unique tweets.
Updated tweets file with 20 tweets.
Tweets saved to public/tweets.json
Attempting to clear remote tweet cache...
Clear cache status: 200
Clear cache headers: {"connection":["close"],"content-type":["application/json"],"date":["Wed, 07 Jan 2026 06:00:03 GMT"],"server":["nginx/1.18.0 (Ubuntu)"],"transfer-encoding":["chunked"],"vary":["RSC, Next-Router-State-Tree, Next-Router-Prefetch"]}
Clear cache response: {"message":"Cache cleared successfully"}
Remote tweet cache cleared successfully
Updating local cache indicator...
Local cache version updated to 79
Fetched 20 tweets, added 7 unique tweets.
Updated tweets file with 20 tweets.
Tweets saved to public/tweets.json
Attempting to clear remote tweet cache...
Clear cache status: 200
Clear cache headers: {"connection":["close"],"content-type":["application/json"],"date":["Thu, 08 Jan 2026 06:00:02 GMT"],"server":["nginx/1.18.0 (Ubuntu)"],"transfer-encoding":["chunked"],"vary":["RSC, Next-Router-State-Tree, Next-Router-Prefetch"]}
Clear cache response: {"message":"Cache cleared successfully"}
Remote tweet cache cleared successfully
Updating local cache indicator...
Local cache version updated to 80
Error fetching tweets: ApiResponseError: Request failed with code 429
    at RequestHandlerHelper.createResponseError (/home/ubuntu/apps/gotravel/node_modules/twitter-api-v2/dist/cjs/client-mixins/request-handler.helper.js:104:16)
    at RequestHandlerHelper.onResponseEndHandler (/home/ubuntu/apps/gotravel/node_modules/twitter-api-v2/dist/cjs/client-mixins/request-handler.helper.js:262:25)
    at Gunzip.emit (node:events:517:28)
    at endReadableNT (node:internal/streams/readable:1400:12)
    at process.processTicksAndRejections (node:internal/process/task_queues:82:21) {
  error: true,
  type: 'response',
  code: 429,
  headers: {
    date: 'Fri, 09 Jan 2026 06:00:02 GMT',
    'content-type': 'application/json; charset=utf-8',
    'content-length': '94',
    connection: 'close',
    perf: '7402827104',
    server: 'cloudflare envoy',
    'set-cookie': [
      'guest_id=v1%3A176793840203959345; Max-Age=34214400; Expires=Tue, 09 Feb 2027 06:00:02 GMT; Path=/; Domain=.twitter.com; Secure; SameSite=None',
      '__cf_bm=itTGMEq8OoNCSpM.VfU5chH2pI1WyHL7mHBT5Pue57E-1767938402.0171928-1.0.1.1-WY.upO0oKNlivVVpqTmIkQ08O7aCHpry6VWbubOseP.qU23ESTgJIGuHi_lGRvxF0HrA96QMN76GxdbTxZhxsuhhRU522HVplbfCcRXYILg2ClSA.nHN1rR_FJ85t9Hh; HttpOnly; Secure; Path=/; Domain=twitter.com; Expires=Fri, 09 Jan 2026 06:30:02 GMT'
    ],
    'api-version': '2.157',
    'cache-control': 'no-cache, no-store, max-age=0',
    'x-access-level': 'read',
    'x-frame-options': 'SAMEORIGIN',
    'content-encoding': 'gzip',
    'x-transaction-id': 'd55e79cac5dcc2c1',
    'x-xss-protection': '0',
    'x-rate-limit-limit': '1',
    'x-rate-limit-reset': '1767939302',
    'content-disposition': 'attachment; filename=json.json',
    'x-content-type-options': 'nosniff',
    'x-rate-limit-remaining': '0',
    'x-response-time': '18',
    'origin-cf-ray': '9bb1b644986e990a-IAD',
    'strict-transport-security': 'max-age=631138519; includeSubdomains',
    'x-served-by': 't4_a',
    'cf-cache-status': 'DYNAMIC',
    vary: 'accept-encoding',
    'cf-ray': '9bb1b644986e990a-IAD'
  },
  rateLimit: { limit: 1, remaining: 0, reset: 1767939302 },
  data: {
    title: 'Too Many Requests',
    detail: 'Too Many Requests',
    type: 'about:blank',
    status: 429
  }
}
Error fetching tweets: ApiResponseError: Request failed with code 429
    at RequestHandlerHelper.createResponseError (/home/ubuntu/apps/gotravel/node_modules/twitter-api-v2/dist/cjs/client-mixins/request-handler.helper.js:104:16)
    at RequestHandlerHelper.onResponseEndHandler (/home/ubuntu/apps/gotravel/node_modules/twitter-api-v2/dist/cjs/client-mixins/request-handler.helper.js:262:25)
    at Gunzip.emit (node:events:517:28)
    at endReadableNT (node:internal/streams/readable:1400:12)
    at process.processTicksAndRejections (node:internal/process/task_queues:82:21) {
  error: true,
  type: 'response',
  code: 429,
  headers: {
    date: 'Sat, 10 Jan 2026 06:00:02 GMT',
    'content-type': 'application/json; charset=utf-8',
    'content-length': '94',
    connection: 'close',
    perf: '7402827104',
    server: 'cloudflare envoy',
    'set-cookie': [
      'guest_id=v1%3A176802480282407080; Max-Age=34214400; Expires=Wed, 10 Feb 2027 06:00:02 GMT; Path=/; Domain=.twitter.com; Secure; SameSite=None',
      '__cf_bm=iGelBsgMQt4ghLRssppOJAXgUbXVU0hby3iMQe85rYE-1768024802.79972-1.0.1.1-IijYChJDEr7ffN_lOywWcq.mOq0roB67GnVprKI02f2sTSKG_x6R7tk1IgjCf2QEHedI1v8M89RGcu19FlnNsP_09n997l2Jxmm0ti5ro2055nW4hROxALbJJkg3RrsF; HttpOnly; Secure; Path=/; Domain=twitter.com; Expires=Sat, 10 Jan 2026 06:30:02 GMT'
    ],
    'api-version': '2.157',
    'cache-control': 'no-cache, no-store, max-age=0',
    'x-access-level': 'read',
    'x-frame-options': 'SAMEORIGIN',
    'content-encoding': 'gzip',
    'x-transaction-id': 'fe38939f03f9fc0f',
    'x-xss-protection': '0',
    'x-rate-limit-limit': '1',
    'x-rate-limit-reset': '1768025702',
    'content-disposition': 'attachment; filename=json.json',
    'x-content-type-options': 'nosniff',
    'x-rate-limit-remaining': '0',
    'x-response-time': '13',
    'origin-cf-ray': '9bb9f3a97f88c947-IAD',
    'strict-transport-security': 'max-age=631138519; includeSubdomains',
    'x-served-by': 't4_a',
    'cf-cache-status': 'DYNAMIC',
    vary: 'accept-encoding',
    'cf-ray': '9bb9f3a97f88c947-IAD'
  },
  rateLimit: { limit: 1, remaining: 0, reset: 1768025702 },
  data: {
    title: 'Too Many Requests',
    detail: 'Too Many Requests',
    type: 'about:blank',
    status: 429
  }
}
Fetched 20 tweets, added 4 unique tweets.
Updated tweets file with 20 tweets.
Tweets saved to public/tweets.json
Attempting to clear remote tweet cache...
Clear cache status: 200
Clear cache headers: {"connection":["close"],"content-type":["application/json"],"date":["Sun, 11 Jan 2026 06:00:02 GMT"],"server":["nginx/1.18.0 (Ubuntu)"],"transfer-encoding":["chunked"],"vary":["RSC, Next-Router-State-Tree, Next-Router-Prefetch"]}
Clear cache response: {"message":"Cache cleared successfully"}
Remote tweet cache cleared successfully
Updating local cache indicator...
Local cache version updated to 83
Fetched 20 tweets, added 5 unique tweets.
Updated tweets file with 20 tweets.
Tweets saved to public/tweets.json
Attempting to clear remote tweet cache...
Clear cache status: 200
Clear cache headers: {"connection":["close"],"content-type":["application/json"],"date":["Mon, 12 Jan 2026 06:00:03 GMT"],"server":["nginx/1.18.0 (Ubuntu)"],"transfer-encoding":["chunked"],"vary":["RSC, Next-Router-State-Tree, Next-Router-Prefetch"]}
Clear cache response: {"message":"Cache cleared successfully"}
Remote tweet cache cleared successfully
Updating local cache indicator...
Local cache version updated to 84
Error fetching tweets: ApiResponseError: Request failed with code 429
    at RequestHandlerHelper.createResponseError (/home/ubuntu/apps/gotravel/node_modules/twitter-api-v2/dist/cjs/client-mixins/request-handler.helper.js:104:16)
    at RequestHandlerHelper.onResponseEndHandler (/home/ubuntu/apps/gotravel/node_modules/twitter-api-v2/dist/cjs/client-mixins/request-handler.helper.js:262:25)
    at Gunzip.emit (node:events:517:28)
    at endReadableNT (node:internal/streams/readable:1400:12)
    at process.processTicksAndRejections (node:internal/process/task_queues:82:21) {
  error: true,
  type: 'response',
  code: 429,
  headers: {
    date: 'Tue, 13 Jan 2026 06:00:02 GMT',
    'content-type': 'application/json; charset=utf-8',
    'content-length': '94',
    connection: 'close',
    perf: '7402827104',
    server: 'cloudflare envoy',
    'set-cookie': [
      'guest_id=v1%3A176828400221259050; Max-Age=34214400; Expires=Sat, 13 Feb 2027 06:00:02 GMT; Path=/; Domain=.twitter.com; Secure; SameSite=None',
      '__cf_bm=8xXR6yrh.EAf0GQnzADDwKhfzp0jiwrRNYOoJKoxCDw-1768284002.1875036-1.0.1.1-HBxjSYhz3V34oYYbXt2GqkRbKk8MC08VydFGIjl6t9xOH8BPwgT3F9Ng1EqB2iDF1FhWOwulIxUqerRknnDA51Y_Jzz6NgWG0vQnhlwuhJxeUaM9.sY.RaOdPEtGwWHA; HttpOnly; Secure; Path=/; Domain=twitter.com; Expires=Tue, 13 Jan 2026 06:30:02 GMT'
    ],
    'api-version': '2.157',
    'cache-control': 'no-cache, no-store, max-age=0',
    'x-access-level': 'read',
    'x-frame-options': 'SAMEORIGIN',
    'content-encoding': 'gzip',
    'x-transaction-id': 'e2187e613b120ab3',
    'x-xss-protection': '0',
    'x-rate-limit-limit': '1',
    'x-rate-limit-reset': '1768284902',
    'content-disposition': 'attachment; filename=json.json',
    'x-content-type-options': 'nosniff',
    'x-rate-limit-remaining': '0',
    'x-response-time': '15',
    'origin-cf-ray': '9bd2abc5a9c8e5f8-IAD',
    'strict-transport-security': 'max-age=631138519; includeSubdomains',
    'x-served-by': 't4_a',
    'cf-cache-status': 'DYNAMIC',
    vary: 'accept-encoding',
    'cf-ray': '9bd2abc5a9c8e5f8-IAD'
  },
  rateLimit: { limit: 1, remaining: 0, reset: 1768284902 },
  data: {
    title: 'Too Many Requests',
    detail: 'Too Many Requests',
    type: 'about:blank',
    status: 429
  }
}
Error fetching tweets: ApiResponseError: Request failed with code 429
    at RequestHandlerHelper.createResponseError (/home/ubuntu/apps/gotravel/node_modules/twitter-api-v2/dist/cjs/client-mixins/request-handler.helper.js:104:16)
    at RequestHandlerHelper.onResponseEndHandler (/home/ubuntu/apps/gotravel/node_modules/twitter-api-v2/dist/cjs/client-mixins/request-handler.helper.js:262:25)
    at Gunzip.emit (node:events:517:28)
    at endReadableNT (node:internal/streams/readable:1400:12)
    at process.processTicksAndRejections (node:internal/process/task_queues:82:21) {
  error: true,
  type: 'response',
  code: 429,
  headers: {
    date: 'Wed, 14 Jan 2026 06:00:02 GMT',
    'content-type': 'application/json; charset=utf-8',
    'content-length': '94',
    connection: 'close',
    perf: '7402827104',
    server: 'cloudflare envoy',
    'set-cookie': [
      'guest_id=v1%3A176837040274016307; Max-Age=34214400; Expires=Sun, 14 Feb 2027 06:00:02 GMT; Path=/; Domain=.twitter.com; Secure; SameSite=None',
      '__cf_bm=J6i8fY9JztCuZXGdccbjBUwHnc2GLihv0bqWz3QtnWM-1768370402.7229087-1.0.1.1-aFV20tnTWPvlYn.0EqezuiKMWbRzVkk1TaiuQPE2ZItGa5KHTDjyIgexZzlu8d98Mds4g4Y5oYvrNL.V1GlI4PsWBGNvgznhPcbZ01B7tjhGFtBpu.pz0eJC7iavy3ei; HttpOnly; Secure; Path=/; Domain=twitter.com; Expires=Wed, 14 Jan 2026 06:30:02 GMT'
    ],
    'api-version': '2.157',
    'cache-control': 'no-cache, no-store, max-age=0',
    'x-access-level': 'read',
    'x-frame-options': 'SAMEORIGIN',
    'content-encoding': 'gzip',
    'x-transaction-id': 'd3e3b6ac4dc03937',
    'x-xss-protection': '0',
    'x-rate-limit-limit': '1',
    'x-rate-limit-reset': '1768371302',
    'content-disposition': 'attachment; filename=json.json',
    'x-content-type-options': 'nosniff',
    'x-rate-limit-remaining': '0',
    'x-response-time': '19',
    'origin-cf-ray': '9bdae929098d1459-IAD',
    'strict-transport-security': 'max-age=631138519; includeSubdomains',
    'x-served-by': 't4_a',
    'cf-cache-status': 'DYNAMIC',
    vary: 'accept-encoding',
    'cf-ray': '9bdae929098d1459-IAD'
  },
  rateLimit: { limit: 1, remaining: 0, reset: 1768371302 },
  data: {
    title: 'Too Many Requests',
    detail: 'Too Many Requests',
    type: 'about:blank',
    status: 429
  }
}
Error fetching tweets: ApiResponseError: Request failed with code 429
    at RequestHandlerHelper.createResponseError (/home/ubuntu/apps/gotravel/node_modules/twitter-api-v2/dist/cjs/client-mixins/request-handler.helper.js:104:16)
    at RequestHandlerHelper.onResponseEndHandler (/home/ubuntu/apps/gotravel/node_modules/twitter-api-v2/dist/cjs/client-mixins/request-handler.helper.js:262:25)
    at Gunzip.emit (node:events:517:28)
    at endReadableNT (node:internal/streams/readable:1400:12)
    at process.processTicksAndRejections (node:internal/process/task_queues:82:21) {
  error: true,
  type: 'response',
  code: 429,
  headers: {
    date: 'Thu, 15 Jan 2026 06:00:02 GMT',
    'content-type': 'application/json; charset=utf-8',
    'content-length': '94',
    connection: 'close',
    perf: '7402827104',
    server: 'cloudflare envoy',
    'set-cookie': [
      'guest_id=v1%3A176845680273398363; Max-Age=34214400; Expires=Mon, 15 Feb 2027 06:00:02 GMT; Path=/; Domain=.twitter.com; Secure; SameSite=None',
      '__cf_bm=nQiN3J9yy5iKtOqFLG.5WXVA5iCr56A2LyCwzFY2ax8-1768456802.7159681-1.0.1.1-lTJysRDXH2yBl8_rwmwnEPY68tJChSBOHheoRwN3y9QzzpLg2.uO0n1puyR2IyR2MKeEOt07LOdudJJ4YatkauNc61s_9hap97ytGDLtcYMDjO9l6NmFoHOWgbeOXoZQ; HttpOnly; Secure; Path=/; Domain=twitter.com; Expires=Thu, 15 Jan 2026 06:30:02 GMT'
    ],
    'api-version': '2.157',
    'cache-control': 'no-cache, no-store, max-age=0',
    'x-access-level': 'read',
    'x-frame-options': 'SAMEORIGIN',
    'content-encoding': 'gzip',
    'x-transaction-id': 'f5ae940027b80159',
    'x-xss-protection': '0',
    'x-rate-limit-limit': '1',
    'x-rate-limit-reset': '1768457702',
    'content-disposition': 'attachment; filename=json.json',
    'x-content-type-options': 'nosniff',
    'x-rate-limit-remaining': '0',
    'x-response-time': '10',
    'origin-cf-ray': '9be32688f93f2720-IAD',
    'strict-transport-security': 'max-age=631138519; includeSubdomains',
    'x-served-by': 't4_a',
    'cf-cache-status': 'DYNAMIC',
    vary: 'accept-encoding',
    'cf-ray': '9be32688f93f2720-IAD'
  },
  rateLimit: { limit: 1, remaining: 0, reset: 1768457702 },
  data: {
    title: 'Too Many Requests',
    detail: 'Too Many Requests',
    type: 'about:blank',
    status: 429
  }
}
Error fetching tweets: ApiResponseError: Request failed with code 429
    at RequestHandlerHelper.createResponseError (/home/ubuntu/apps/gotravel/node_modules/twitter-api-v2/dist/cjs/client-mixins/request-handler.helper.js:104:16)
    at RequestHandlerHelper.onResponseEndHandler (/home/ubuntu/apps/gotravel/node_modules/twitter-api-v2/dist/cjs/client-mixins/request-handler.helper.js:262:25)
    at Gunzip.emit (node:events:517:28)
    at endReadableNT (node:internal/streams/readable:1400:12)
    at process.processTicksAndRejections (node:internal/process/task_queues:82:21) {
  error: true,
  type: 'response',
  code: 429,
  headers: {
    date: 'Fri, 16 Jan 2026 06:00:02 GMT',
    'content-type': 'application/json; charset=utf-8',
    'content-length': '94',
    connection: 'close',
    perf: '7402827104',
    server: 'cloudflare envoy',
    'set-cookie': [
      'guest_id=v1%3A176854320280009647; Max-Age=34214400; Expires=Tue, 16 Feb 2027 06:00:02 GMT; Path=/; Domain=.twitter.com; Secure; SameSite=None',
      '__cf_bm=zPpsLa4xXAv9NxZTvUqwySMuofZ9dC67.roi_VLgsKg-1768543202.7778647-1.0.1.1-.vTDZ7n2w.e93VlMTseM3UfF4szkvtA.MRKZc0J3.z65yH6QNtck1E2aHORLVkGbAuEQnLVllxaokm37sT6LdElsDFtXEKXALqRSAPcG_05_XOxclOoNtjoxkBsgeJgi; HttpOnly; Secure; Path=/; Domain=twitter.com; Expires=Fri, 16 Jan 2026 06:30:02 GMT'
    ],
    'api-version': '2.157',
    'cache-control': 'no-cache, no-store, max-age=0',
    'x-access-level': 'read',
    'x-frame-options': 'SAMEORIGIN',
    'content-encoding': 'gzip',
    'x-transaction-id': '777bbd5bedf1b5f9',
    'x-xss-protection': '0',
    'x-rate-limit-limit': '1',
    'x-rate-limit-reset': '1768544102',
    'content-disposition': 'attachment; filename=json.json',
    'x-content-type-options': 'nosniff',
    'x-rate-limit-remaining': '0',
    'x-response-time': '10',
    'origin-cf-ray': '9beb63e958de6ccf-IAD',
    'strict-transport-security': 'max-age=631138519; includeSubdomains',
    'x-served-by': 't4_a',
    'cf-cache-status': 'DYNAMIC',
    vary: 'accept-encoding',
    'cf-ray': '9beb63e958de6ccf-IAD'
  },
  rateLimit: { limit: 1, remaining: 0, reset: 1768544102 },
  data: {
    title: 'Too Many Requests',
    detail: 'Too Many Requests',
    type: 'about:blank',
    status: 429
  }
}
